h3,city,no_vehicle,buildings,lat,lon,node,snap_m,routable,nearest_id,nearest_m,second_id,second_m
892a3066363ffff,Boston,1447.6901159416398,35,42.345109529116144,-71.08927730297627,379859,32.28786051426612,True,DS1974,449.78322037077646,DS90297,869.555410319593
892a30660a3ffff,Boston,1115.8557354533582,121,42.36633580194957,-71.05318473897394,203179,25.941122706250805,True,DS3193,565.5129650806925,DS89764,868.923336183508
892a3076ebbffff,Lynn,996.6529390302004,12,42.4631811450209,-70.94380647917039,76507,17.126771571682163,True,DS3466,360.9400359871814,DS90390,467.00682878333976
892a30660afffff,Boston,972.8216385152754,118,42.36393239925086,-71.05583487086335,202746,10.509117674275142,True,DS3193,234.47516502956262,DS89764,601.2704918941863
892a306614bffff,Boston,951.6418889095316,6,42.35261512018109,-71.06389253141352,155728,26.623047952657565,True,DS3293,139.31047409502406,DS2870,364.2621879730729
892a306466fffff,Boston,904.1177508044084,13,42.34124753385833,-71.15365978375752,326824,36.60631504315372,True,DS90317,807.2213835473119,DS89804,917.269137758433
892a30660abffff,Boston,885.0823033962059,143,42.36615423281241,-71.05689409380615,203078,34.074794494471845,True,DS3193,559.6594955287995,DS89764,588.5167328955034
892a306602bffff,Boston,849.1965183451164,74,42.36013326114288,-71.06679529447003,151726,17.834601393378055,True,DS2636,309.09086469143824,DS100096,458.4139290154818
892a306633bffff,Boston,801.0186192107482,76,42.34455085876588,-71.07939929747893,143436,5.939222557968154,True,DS90297,513.3112068377933,DS89677,776.4793234485719
892a30640c3ffff,Brookline,768.5438681139929,19,42.33965835201057,-71.12908805219031,344165,6.47468010675653,True,DS1978,766.2452682928329,DS100169,788.7943699939831
892a306632fffff,Boston,766.2326622515765,36,42.33954849989431,-71.08037776087326,143780,9.70055081238957,True,DS1974,779.4080521173873,DS90419,950.2695692061669
892a30645dbffff,Boston,755.0529830590566,27,42.34232341533448,-71.0995996147558,380699,2.4314124437265727,True,DS89999,305.03070461919236,DS2532,995.8455691970228
892a306650bffff,Boston,709.2753394730009,12,42.3687024992015,-71.0378686866532,208602,28.7377069575954,True,DS90332,422.3711254795726,DS3252,835.8895315936026
892a306603bffff,Boston,703.1687289945671,7,42.363742605705866,-71.06463181954192,156170,35.034576350585176,True,DS2636,355.3869700310135,DS89764,429.37294312906903
892a306602fffff,Boston,681.2505895667225,69,42.35873341088432,-71.06506738927843,156249,8.561829645916907,True,DS2636,421.2051155551728,DS2294,491.99006282798024
892a306632bffff,Boston,631.1173754313119,38,42.34223139106096,-71.08301975395757,131551,14.001070346841985,True,DS1974,467.7337412916422,DS90297,725.9400236101893
892a30663a7ffff,Boston,625.9401368560214,75,42.344153609610345,-71.06847482198866,145576,13.774717688980493,True,DS90269,527.6745075886447,DS89805,755.4990774021047
892a30644a7ffff,Boston,613.4217763292518,24,42.3439986665422,-71.09717774880791,380345,28.313482391881305,True,DS89999,406.314584571849,DS1974,1163.8558751623636
892a3066033ffff,Boston,600.623419730301,3,42.36418390103625,-71.05990934227759,157574,6.589002292529528,True,DS89764,192.22238577619638,DS90294,230.70428454946426
892a3066eb3ffff,Boston,599.334100802071,19,42.33187770004583,-71.05290264770328,185175,18.493549695946474,True,DS100146,488.54328006860857,DS2133,809.2615201515172
892a3066337ffff,Boston,591.9603574585757,209,42.34275506615657,-71.07361084570212,139707,5.042549103224894,True,DS89677,667.8443886706292,DS89805,783.055288534254
892a30646abffff,Boston,586.8315454529819,80,42.34747898323941,-71.1356850945123,349069,16.346189558220058,True,DS90346,654.5243090704085,DS100177,731.5464095323836
892a306600fffff,Boston,581.2986309464089,5,42.36556657209629,-71.0665943463924,151584,42.13586298263212,True,DS2636,583.0726537596647,DS90294,658.551811367767
892a306462bffff,Boston,565.123667618211,28,42.34204173030089,-71.14376110639763,349950,14.289382875394034,True,DS89804,145.3790836692317,DS90317,269.9596264522239
892a306624bffff,Cambridge,562.7340996342348,72,42.37172708175197,-71.11051673665364,369108,4.846821516721214,True,DS1058,433.4463013564225,DS3051,761.0188190237943
892a306636fffff,Boston,556.7634166444075,33,42.34219817873267,-71.09057742243132,379945,7.419206636149199,True,DS1974,590.4804812848395,DS90297,1096.0754178324391
892a3066347ffff,Boston,538.7593171027236,100,42.3504352929204,-71.08901763331491,137955,13.027443353747964,True,DS2033,825.8847718672636,DS1974,839.6136636145053
892a30646bbffff,Boston,534.936462049028,111,42.35023045838588,-71.1335235945116,348884,3.47543069688261,True,DS90346,425.18842555408037,DS89830,643.9447573037754
892a3066e5bffff,Boston,523.9152908206659,40,42.33704988354857,-71.07845021380945,143996,10.74382663558691,True,DS90419,664.8592542004803,DS90402,721.9209884755238
892a30665cbffff,Boston,513.8642480339863,8,42.37676724549143,-71.03972850582085,204604,25.149924202341946,True,DS1965,157.26336152596824,DS3252,271.52747504925156
892a3066077ffff,Boston,509.9567924992648,5,42.36469378655288,-71.06848806262965,151162,18.154149847151658,True,DS100096,578.6250850536213,DS2636,596.8302521144127
892a306616bffff,Boston,504.00000000000006,7,42.34492875269161,-71.0630779447956,161452,4.642731070493426,True,DS90269,174.89226337907564,DS100118,397.5972739505236
892a3064543ffff,Boston,501.4878479502493,55,42.33459380436301,-71.10663157916885,386338,5.2468689929924235,True,DS100078,227.81207313756767,DS90256,604.1637617576813
892a306624fffff,Cambridge,499.58878786095534,53,42.36890802953716,-71.10819678624554,369762,37.87680958899095,True,DS3060,740.2040098361455,DS100269,830.4620318411844
892a30671a3ffff,Cambridge,497.84110279517137,23,42.36566702167049,-71.11441013010749,367996,11.532459866190937,True,DS90185,568.3131056876484,DS3060,1076.801371792977
892a3066373ffff,Boston,494.6180627455148,7,42.347271424950456,-71.0872856507951,132745,11.668024834783207,True,DS1974,480.4096368633705,DS90297,599.4874466803368
892a30645d3ffff,Boston,492.97079974266455,41,42.342876201788826,-71.09628580858869,380431,35.689830459478614,True,DS89999,604.9231071742109,DS1974,1075.0851457906729
892a30663b7ffff,Boston,486.2224889427548,33,42.34790635814242,-71.063195740718,161404,12.261422634053599,True,DS100118,201.7231943082935,DS90377,305.6510316426882
892a3066143ffff,Boston,484.037602789921,8,42.35247497863833,-71.06067667089438,158159,3.667654590224208,True,DS3293,198.16846620504674,DS2870,334.3559513061692
892a3066113ffff,Boston,482.4464889788188,3,42.35225272878796,-71.0472340913734,198269,7.418970429002082,True,DS90064,174.1231240417345,DS89924,1220.7408620233025
892a3066a4bffff,Boston,482.0715481369843,50,42.31470436584579,-71.09708240578088,267261,28.212796418712404,True,DS2788,425.67872971505034,DS100083,655.6648298782685
892a306454fffff,Boston,477.375886372103,31,42.33154752851903,-71.11015306381283,386970,11.71964309739239,True,DS100078,786.5664462071808,DS90256,1123.8744059561932
892a3064607ffff,Boston,471.05391352185313,55,42.3476679036368,-71.13893279359272,350367,18.45770232597657,True,DS100177,437.08157748208464,DS100137,619.189601338635
892a30645afffff,Boston,470.4097378833404,32,42.32608856359483,-71.0865012465301,127049,5.770731800907104,True,DS100528,731.0700722815536,DS2804,934.0542859089875
892a3066313ffff,Boston,468.1662986973143,195,42.35314177418299,-71.07797144871985,138021,57.6947328804556,True,DS2011,468.7766886997833,DS2033,700.8308306521964
892a30663bbffff,Boston,467.7043008830429,5,42.349740659341606,-71.07108738630318,146234,14.22763954961706,True,DS89805,255.700783071375,DS90306,312.620706850008
892a3066393ffff,Boston,461.7551057830791,129,42.35863174654207,-71.06887082739024,152045,17.57487404287047,True,DS2294,195.05253098133736,DS90371,254.1060975050297
892a30644afffff,Boston,448.8601552443018,7,42.34520880419945,-71.10315844267889,385898,59.54901884152763,True,DS89999,511.44245412013487,DS2532,945.2989300272587
892a306628fffff,Cambridge,446.0173061696249,70,42.371577369212375,-71.0882645509447,133388,36.534505473515836,True,DS90039,603.3329735923968,DS90281,949.8670049134523
892a3066263ffff,Cambridge,444.0482344838399,172,42.36324876852146,-71.10431622450679,367057,2.8978978230167227,True,DS3060,322.96233755066817,DS100269,591.7811383373407
892a3066e53ffff,Boston,442.88839468025327,17,42.33667024753529,-71.07440231853882,144588,38.23513050013199,True,DS89861,449.89380411254365,DS90419,518.3932546247436
892a3064dc7ffff,Boston,442.3127043269004,23,42.28060940867383,-71.08297862549921,121152,15.98518772751348,True,DS2289,478.40424636940014,DS1003,1573.271702768146
892a3066e43ffff,Boston,441.7030750736611,13,42.33538637983781,-71.07584875672384,144466,40.038036044477465,True,DS90419,386.7105255093365,DS90402,448.9874723666586
892a306637bffff,Boston,438.4111618694456,16,42.34765208869382,-71.09075980658614,379765,24.432715144914066,True,DS1974,766.1371360391496,DS90297,957.5208589796023
892a306631bffff,Boston,437.79164245790327,91,42.35253570067884,-71.08198062356607,137863,73.50457371749732,True,DS2033,604.0682366225748,DS2011,758.6144042267622
892a339352fffff,Quincy,437.5554508038508,2,42.2450422591241,-71.00678132925526,31971,20.024620242636995,True,DS90190,213.9053263472089,DS3084,1547.70332026657
892a3075887ffff,Malden,437.4569410421103,9,42.42866853823745,-71.06685983599942,400589,18.54833837770275,True,DS89987,421.51323979745,DS90316,451.88124654790914
892a3064503ffff,Boston,435.0,1,42.33247629237499,-71.09520030901416,391385,37.0578101518016,True,DS90375,308.05307977049404,DS90421,423.8437106428265
892a3066547ffff,Boston,433.3868725754062,12,42.37002995213023,-71.04181860679417,208864,6.748742106315455,True,DS90332,302.73880854465165,DS3252,590.3379168035324
892a3066a73ffff,Boston,432.56536144285167,41,42.30946149943389,-71.08666309729418,126574,63.108586532341434,True,DS3011,532.5706946163656,DS89942,1006.5442766813958
892a306612fffff,Boston,431.00000000000006,4,42.33962895294667,-71.04906313584264,192859,51.15110750020675,True,DS100087,542.7852521487973,DS2133,595.720329239266
892a306630bffff,Boston,428.8193473168489,49,42.35040236282987,-71.08463509730193,132174,1.667918028550926,True,DS2033,343.4557891913795,DS2011,867.1963999158564
892a3066277ffff,Cambridge,424.31061808135865,50,42.36421883481333,-71.09937849600287,373051,3.3818151861308485,True,DS3060,480.49415387055285,DS100269,508.49309552862235
892a3066247ffff,Cambridge,423.270340949184,70,42.36879729164869,-71.10382868033284,369661,19.061791765664903,True,DS100269,426.1264206713855,DS3060,541.8219030663423
892a306452bffff,Boston,420.6364085139999,11,42.32329595212217,-71.09813685951718,266688,47.945759400408875,True,DS100083,592.9772019226444,DS2788,793.0482656706436
892a3066487ffff,Chelsea,419.2386229013388,144,42.39067283074567,-71.0372144373051,14375,20.917835223054208,True,DS3580,248.28138089419815,DS89744,349.2159108360246
892a3066007ffff,Boston,418.0156851186914,3,42.36613203132362,-71.06181654951459,156877,1.2357721031449687,True,DS89764,203.04776728419597,DS90294,226.78455147360467
892a30646b3ffff,Boston,415.5935158389883,62,42.35084080798593,-71.12891724706367,348700,9.656033388964241,True,DS90346,331.91690032103196,DS3200,699.8457020543119
892a3064d9bffff,Boston,412.14466617920976,31,42.28294726792841,-71.07657004148707,124736,17.4932609221907,True,DS2289,1081.066715893456,DS90311,1160.6834477971504
892a306428bffff,Boston,412.0,2,42.337920893497866,-71.15269322539424,337563,23.048609892633344,True,DS3391,510.1263009179008,DS90317,785.0671523532386
892a30664afffff,Boston,411.52710574773965,79,42.38217940230428,-71.03845794729129,14094,30.205550164025606,True,DS1965,907.1186588946495,DS3252,992.2032154276372
892a3066047ffff,Cambridge,406.6525846157673,5,42.369707877044384,-71.07336078844352,139148,35.81320418909692,True,DS90281,652.7750116618291,DS1529,1189.9450034986703
892a30645a7ffff,Boston,397.6561062576277,57,42.325781948589125,-71.08338412043065,130938,17.769450793559663,True,DS100528,482.8088832529595,DS2804,741.1284983243039
892a30645cfffff,Boston,396.4608252169864,10,42.33585884291231,-71.10102808143026,386145,28.45171305713821,True,DS90364,106.05128649930897,DS100078,534.8295386267116
892a3067447ffff,Somerville,395.0,2,42.40610262380775,-71.13268035177232,287539,18.60039586220403,True,DS100488,490.8963267759754,DS2535,874.7250185153249
892a30665c7ffff,Boston,389.9356017242128,72,42.37554041439225,-71.0329576428048,210306,67.70094632305356,True,DS3252,812.4579118118105,DS1965,836.5762460304354
892a306627bffff,Cambridge,384.1427005594232,36,42.36618039919414,-71.10688190625595,372543,3.8051649529858804,True,DS3060,356.9244507204679,DS100269,527.1977109069512
892a3064463ffff,Brookline,380.1077723875868,99,42.34524356958792,-71.119770180053,344924,8.216791468946587,True,DS1978,396.38008318218203,DS2064,902.6589766209487
892a307588fffff,Malden,379.45386308658254,8,42.42858257187483,-71.07188982033371,401455,15.799989066190758,True,DS2205,769.3497305536728,DS90316,773.6356938793573
892a3074a2fffff,Chelsea,377.86200261647673,139,42.39649406313785,-71.03273051039984,11818,18.9393556043308,True,DS89744,538.6266643435813,DS3580,678.1879824977855
892a306463bffff,Boston,375.368887189329,41,42.34467030076946,-71.14120647574639,349664,19.758973272137254,True,DS100137,153.48181584444174,DS95044,444.2027679822667
892a3075d2fffff,Everett,374.99365073130537,3,42.41492001002664,-71.04798828601132,395128,1.9356691033537041,True,DS2539,198.7027693514505,DS90161,1359.7247311617468
892a3066067ffff,Boston,373.001554727774,69,42.36008341238839,-71.07055859749238,150616,4.9272489364034815,True,DS2294,198.18800082653942,DS90371,298.2792157541979
892a30662a7ffff,Cambridge,371.6447927021896,3,42.36350907759219,-71.0831891169043,137750,41.2112854879489,True,DS90407,571.1516364701756,DS90281,927.534181982582
892a306444bffff,Boston,368.7766773889524,88,42.3530708157201,-71.12712641349594,362383,13.309080916813645,True,DS3200,420.84152299415143,DS89830,689.9388243233388
892a3064567ffff,Boston,368.7179589853454,6,42.32288703924265,-71.10262333502214,266482,11.807319890022494,True,DS100083,771.1854115375406,DS2788,964.3822079200193
892a3066b2fffff,Boston,367.3138668465873,16,42.28312176649458,-71.06494175818203,168362,2.225095184451242,True,DS89962,950.3620709261727,DS1003,1035.4577485425818
892a3075997ffff,Everett,366.3721504965816,133,42.411887933312045,-71.05040391542386,389480,19.973577993546492,True,DS2539,706.8672920198089,DS90161,1010.5181989118914
892a30640b7ffff,Boston,361.3771475164469,24,42.32943676925593,-71.11083769927536,386979,16.55508734943234,True,DS100078,1100.7089705676642,DS2711,1197.827548709091
892a306630fffff,Boston,359.70939294412545,2,42.34745094861195,-71.08358620735187,132097,67.22162436275363,True,DS90297,406.8146214677772,DS1974,741.0696375293852
892a306615bffff,Boston,358.0356374801551,69,42.35565576580613,-71.06179910419242,157989,30.72605925774706,True,DS3555,389.47402237124925,DS3293,446.5801365340877
892a306614fffff,Boston,354.4933586540252,5,42.35136101226556,-71.06233335528017,158075,11.594592498823872,True,DS2870,116.44693736157248,DS3293,180.42495917997022
892a30663abffff,Boston,351.9807430523718,7,42.348191072300665,-71.07395252466348,139526,3.200013864640148,True,DS89677,128.09264324687942,DS89805,134.97654490618226
892a3064467ffff,Brookline,351.47623343798807,26,42.34273968885357,-71.11776033613658,344839,36.495318100634755,True,DS1978,523.8624040398503,DS2760,920.4838162447847
892a3064dcfffff,Boston,338.50218589827284,25,42.28091358994955,-71.08679860000478,120740,14.992200504699758,True,DS2289,177.3882376431559,DS89826,1613.4189707710261
892a30665d7ffff,Boston,337.8322947570292,208,42.37728322264869,-71.03153030660998,210346,30.088787313040882,True,DS3252,857.0400609683636,DS1965,881.1583951869885
892a3066e93ffff,Boston,337.4251811515945,2,42.33967017060756,-71.05345568410691,193148,41.12593766196291,True,DS100087,624.6542816589243,DS2133,663.7920396723433
892a3066333ffff,Boston,337.0618704236561,258,42.34466593790864,-71.07593665163631,140122,25.113427910523697,True,DS89677,492.40949898171846,DS89805,607.716255492279
892a3066a7bffff,Boston,335.8315207419078,31,42.31095306885532,-71.0921593548822,267748,71.33982646728337,True,DS2788,1062.5222280245657,DS3011,1175.5829888470698
892a306604bffff,Cambridge,335.41001328918634,56,42.37193045891933,-71.08047676280765,138429,14.412066429487716,True,DS90281,178.73854419196013,DS90039,458.09410367836784
892a30642d7ffff,Boston,327.71228821092814,10,42.33976175467557,-71.15482807431181,326919,14.725563611832216,True,DS3391,771.2992978237261,DS90317,955.9789350688446
892a3066117ffff,Boston,319.4182744521915,4,42.35042638097103,-71.04363840449669,191523,15.525783927045362,True,DS90064,291.9521367569772,DS89924,1555.3391239030232
892a30661dbffff,Boston,317.9313966881804,6,42.36135951698758,-71.0528695348251,198713,32.65495272139666,True,DS3193,361.92591252536954,DS89867,865.3019665769799
892a3064597ffff,Boston,317.8771280395221,134,42.33626271197222,-71.08328378528996,131328,3.7205396945081612,True,DS2804,607.9030047634534,DS100528,868.9853658934603
892a306412bffff,Boston,309.0286641746826,55,42.30434976402299,-71.11558265176583,256446,25.72386460835801,True,DS1966,961.7635689229623,DS2711,1859.768694596351
892a3075983ffff,Everett,307.3176098838029,123,42.41247007331762,-71.05370428219523,389530,16.571031074831666,True,DS2539,933.8969850779438,DS90161,1030.2191375570749
892a3066b8fffff,Boston,305.00088762900253,1,42.29553223168149,-71.06018847249777,168747,42.74266173932695,True,DS100187,488.71054927970135,DS89962,690.983134568467
892a306651bffff,Boston,303.1254347258831,7,42.3715203646464,-71.03726009127062,208377,2.783134627179794,True,DS90332,366.07675408704097,DS3252,458.3585542066829
892a3074b83ffff,Boston,302.0,3,42.3929683985748,-71.00740908157296,28295,17.567338573037556,True,DS89834,1133.6681213411168,DS90024,1374.9056932634314
892a3074813ffff,Revere,301.794283889182,88,42.40940982140335,-70.9984398532801,29056,59.97604977500328,True,DS89919,504.011958563456,DS95032,1549.9215430601785
892a3066267ffff,Cambridge,300.2432104940805,29,42.3615197867314,-71.1032676371682,363758,11.966102102634528,True,DS3060,596.800252268539,DS100269,864.7942388104133
892a30665d3ffff,Boston,298.8341256825736,232,42.37976655133851,-71.0332560384826,14184,27.607218259431622,True,DS1965,898.9095973676218,DS3252,980.6645416241896
892a3075813ffff,Malden,296.4525705917726,21,42.42879296453688,-71.07619841849863,401683,29.45585160639891,True,DS2205,956.1017253851612,DS90316,1066.8762423314865
892a3066b47ffff,Boston,295.8795660394878,57,42.2934409768013,-71.0742626452473,124918,75.20573423919703,True,DS90274,396.0186114157884,DS90311,783.0074491283531
892a30671b3ffff,Cambridge,294.5978796111873,67,42.36870382571109,-71.11294098068724,368183,38.31874174595182,True,DS89959,890.8338471654304,DS90185,894.6680622788695
892a3075883ffff,Malden,293.2267341807552,25,42.43073637180869,-71.06848884096831,400266,10.830781971513229,True,DS89987,722.4763894114416,DS90316,738.5857493213819
892a306756fffff,Cambridge,290.4556390185582,48,42.37999310949849,-71.12188072833239,281023,24.210278599444017,True,DS89959,1045.6763884740506,DS24854,1236.4780012921208
892a3076eabffff,Lynn,290.0,1,42.45913781620956,-70.94619165971956,74870,59.76424951565769,True,DS90270,697.9742978045167,DS3466,853.5965103988367
892a306660fffff,Somerville,288.72688318510694,213,42.3852988628789,-71.08142533510001,381406,6.555264557663719,True,DS2493,902.6757681720895,DS3350,1008.922206005542
892a30671b7ffff,Cambridge,287.71277102939166,81,42.366747385049926,-71.11010183657775,368069,9.441054208227204,True,DS3060,726.9492817519297,DS90185,840.4963178320276
892a3066367ffff,Boston,286.8989587386065,20,42.34168764047503,-71.08751911148532,132652,18.512244476966327,True,DS1974,378.5077970822066,DS90297,844.1924099452397
892a30644abffff,Boston,286.79843695104984,63,42.34686239199228,-71.10497908500874,384543,6.041353119931312,True,DS89999,597.0720926104021,DS2532,1110.9904115156585
892a3066303ffff,Boston,286.22887099643515,24,42.35105467843986,-71.07993027679218,137931,19.724179244826242,True,DS2033,331.8086255242149,DS2011,464.2331865724985
892a30670c7ffff,Cambridge,284.21709675430907,4,42.39330510482718,-71.1409386664707,275347,47.454983296111266,True,DS1556,942.858821134815,DS2535,1505.2523156532257
892a30663afffff,Boston,283.4526679604437,181,42.34434160274978,-71.07140577745643,146309,17.87372505527009,True,DS89677,576.5446613401182,DS89805,651.5574851537057
892a306620fffff,Cambridge,280.5322374787703,161,42.36630099390582,-71.09756303093134,373091,16.63851649747386,True,DS100269,677.1082846170785,DS3060,743.8294200419238
892a3066307ffff,Boston,279.03468188078466,15,42.347030200600805,-71.07813360369703,143476,73.3393367075663,True,DS2011,469.30079481478043,DS90297,542.826894673379
892a3066203ffff,Cambridge,278.38464057932725,111,42.3689182226905,-71.09532970627583,374719,17.26884820297416,True,DS1111,807.52047328677,DS2251,1016.4197975725355
892a30661c3ffff,Boston,278.3620771565183,9,42.35885592721676,-71.05149942070356,198884,4.508866326611798,True,DS3193,620.4176882411693,DS89867,708.3062683954893
892a3066a97ffff,Boston,272.4258832794327,14,42.31780654408209,-71.0693513393623,163688,8.787697475969585,True,DS90426,1122.571093150845,DS90020,1165.4505502047984
892a306455bffff,Boston,267.9946866745431,17,42.33686007675664,-71.10870625151061,386618,34.09860853468535,True,DS2532,310.11257659198105,DS90256,430.3322560945817
892a3076eb3ffff,Lynn,264.2697857666427,36,42.46279491583056,-70.94001494594268,76572,15.862557198317143,True,DS90390,529.0127641195843,DS3466,535.3884810239726
892a3064473ffff,Brookline,261.68952703726364,51,42.347368900504186,-71.11838162895936,345283,6.4048104443692075,True,DS2064,509.5599376579598,DS1978,788.7633674551295
892a30640b3ffff,Boston,259.2501166083191,30,42.33147187924372,-71.11186301097624,387058,5.1074207184058675,True,DS100078,847.954936276737,DS2532,1045.6329684838465
892a30645b7ffff,Boston,258.4456756419069,5,42.32935499607793,-71.08151827108233,131140,11.03233133444512,True,DS100528,219.39130384354297,DS2804,405.06175125341736
892a3066027ffff,Boston,257.71940235299763,21,42.3573928533326,-71.06026741229275,158206,39.8810730452426,True,DS89867,236.6594779339091,DS3555,250.82198293122087
892a3066ea7ffff,Boston,256.5331882731497,7,42.325642042449765,-71.05308780027248,184643,47.91163089231366,True,DS100146,946.4008563865051,DS3338,1150.0084170692476
892a306621bffff,Cambridge,255.9085477345755,86,42.371680145099205,-71.09752312606979,373969,16.552250845349494,True,DS1111,558.9511878062726,DS2251,767.7994362185427
892a306634fffff,Boston,254.9530751034345,43,42.3498540943732,-71.09396090475319,379540,47.00517740484872,True,DS89999,1029.8364052840252,DS1974,1188.3346248739076
892a306446fffff,Brookline,253.73116527988785,17,42.34263440679843,-71.12259564309545,345060,22.65950611869767,True,DS1978,38.09719130580968,DS2760,876.7538310618137
892a3066ea3ffff,Boston,252.45643437172976,26,42.32888790231794,-71.05481581030412,184968,30.003923868373914,True,DS100146,391.8686152019047,DS3430,1232.2921735875086
892a3064617ffff,Boston,251.69286647879903,98,42.34994564261633,-71.13696572376958,348932,23.47839393929792,True,DS100177,685.5279236293995,DS90346,798.3066827146021
892a3066adbffff,Boston,247.03175369607533,103,42.323387119899415,-71.08461244612482,126938,18.49056945218124,True,DS100528,938.2298607130351,DS2804,1196.5494757843792
892a3064623ffff,Boston,246.40173535660605,13,42.34188691960564,-71.14151739412546,349723,18.632601128678946,True,DS95044,206.6190536002232,DS89804,381.6171321855674
892a3066a93ffff,Boston,246.28802482633435,40,42.32175914001528,-71.0699607384042,163764,21.717680927595136,True,DS90020,788.0994330697829,DS3430,995.295767526574
892a3066c4bffff,Boston,245.68004822418203,250,42.334638833945895,-71.05005060798915,185534,15.929070610755694,True,DS2133,320.16211557264216,DS100087,408.0808223236894
892a3066383ffff,Boston,245.42833132536165,57,42.3561433249178,-71.07160082475578,150510,5.1564059121420955,True,DS90371,306.8011452756859,DS2294,402.45846671317304
892a3076c7bffff,Lynn,244.4612290230708,10,42.46077116408999,-70.93439470386048,76694,39.2876593141521,True,DS90270,1027.7245245722495,DS90390,1260.2670751895412
892a3064667ffff,Boston,243.0,6,42.3422737023766,-71.14875922282884,326504,21.603924309070308,True,DS90317,371.93969389040393,DS89804,436.0267530730004
892a3066b23ffff,Boston,242.83677751524877,39,42.28630603295753,-71.06335150042621,168650,21.708131174394463,True,DS89962,702.94713869566,DS90311,1064.3554409451394
892a30640d7ffff,Brookline,242.6694063152313,6,42.34011018364731,-71.12499810152126,344474,0.9412609021979308,True,DS1978,483.54868803755346,DS2760,687.2446172798583
892a3066c57ffff,Boston,241.5919271767361,118,42.33350882702332,-71.04035060888438,186761,38.8698955743199,True,DS90196,582.4349691515293,DS2133,973.3524666217402
892a306625bffff,Cambridge,240.5892903409179,55,42.37425907522392,-71.10808438685486,369232,45.360734790407975,True,DS1058,124.30957606779637,DS3051,428.1783717737023
892a306468bffff,Boston,239.8747258825209,77,42.35544976949987,-71.13739701289111,351739,17.679516553683833,True,DS89830,767.8610292347585,DS3218,882.8436600958007
892a3066a2fffff,Boston,237.426787039131,90,42.30257343096497,-71.08189876897278,126431,68.15983354003451,True,DS3011,1115.0965295797632,DS89725,1359.3718555174087
892a3066287ffff,Cambridge,236.1795814057307,124,42.371428812439824,-71.08397144179456,137258,14.147277616002368,True,DS90039,273.562636377399,DS90281,381.86948448962454
892a306689bffff,Boston,236.0,1,42.32120483886091,-71.04384365732051,183987,25.49051221994721,True,DS89760,648.9522018748631,DS3338,1361.5430611553154
892a3074bdbffff,Chelsea,235.0198549361301,32,42.39809209226964,-71.02209445332488,19709,10.529444091033188,True,DS2701,780.0792221589552,DS3586,887.1708814595963
892a3392283ffff,Quincy,234.93302123748504,21,42.24347606018171,-70.9804375872532,46740,22.918415242470406,True,DS2805,954.2466145879947,DS2800,1301.866241081344
892a3076eb7ffff,Lynn,234.1358175466418,55,42.4612481347584,-70.93839513114135,76611,12.519382401559895,True,DS90270,707.3680584724691,DS3466,797.6586914363744
892a30644b7ffff,Boston,233.75435884284497,9,42.347488089244784,-71.09422525145234,379668,8.724580988645837,True,DS89999,687.7803359201058,DS1974,1069.5974420336147
892a306409bffff,Brookline,233.7383065199423,25,42.33862030675422,-71.12016015224248,344692,35.171607704765975,True,DS2760,578.0862392452717,DS1978,697.3176975140409
892a339228fffff,Quincy,232.64964437491935,13,42.23998746374885,-70.98262414522516,40945,20.26964260968842,True,DS2805,444.63788250223166,DS2800,792.2575089955809
892a30662b3ffff,Cambridge,229.50302240203945,220,42.3689247355672,-71.08222703543802,137534,9.84858220853699,True,DS90281,433.6603977116221,DS90039,726.3568008308882
892a3066a1bffff,Boston,228.19154453140757,88,42.31498149727948,-71.0821790732374,126308,20.664703013186976,True,DS89942,297.94379059924773,DS3011,911.307001896275
892a33926afffff,Quincy,225.355443323266,55,42.25110574868939,-70.96540599886181,47093,49.463323770818306,True,DS3084,4152.319641163429,DS2951,4581.833957233159
892a3064297ffff,Boston,225.04247825451267,5,42.337541505892645,-71.14647023790072,337848,0.4796295994823469,True,DS3391,340.59743254882807,DS90317,770.1167830701213
892a30640b3ffff,Brookline,223.76395283365176,7,42.33182021994332,-71.11487965962937,386822,7.888847802988571,True,DS2760,826.4074866566158,DS3044,854.3645048073599
892a3064547ffff,Boston,222.98587033050524,3,42.33068445595921,-71.10510643414942,390265,37.01821279706306,True,DS100078,570.8739669628457,DS90364,920.3676078087697
892a3393033ffff,Quincy,221.522777543224,38,42.25167153262144,-71.03119143425904,15790,17.62116395663199,True,DS2163,620.096279531575,DS1967,1542.0930314168936
892a3074a23ffff,Chelsea,221.1744374248273,84,42.3981534793434,-71.0299033295624,11720,37.222808569608816,True,DS89744,892.9355606125108,DS3580,1032.496878766715
892a3066edbffff,Boston,220.69324435740884,117,42.34284336616616,-71.06996768291808,145512,2.886355818608009,True,DS90269,701.3811164556813,DS89677,721.4390576837973
892a3075a27ffff,Medford,219.8789933265525,2,42.41596857001214,-71.1057011266019,313241,12.744834729614805,True,DS1530,706.48930058195,DS90148,1944.252425729435
892a30646c7ffff,Boston,218.58239487771905,17,42.354812280210055,-71.1421873277269,350697,18.67392775984524,True,DS89690,706.3048453381474,DS100177,989.9256925467789
892a3066217ffff,Cambridge,218.0858647102088,122,42.36898172496628,-71.09101827998082,374604,43.728399522228045,True,DS90039,899.2001741883809,DS1111,1160.9114408548114
892a3066b4bffff,Boston,217.7456067215067,143,42.29661096828324,-71.0817036731418,126442,38.166460877256895,True,DS89725,740.1976875271686,DS90274,998.952769915811
892a3066c13ffff,Boston,217.2385173219764,126,42.333343330938845,-71.03204382664842,190541,21.721684895400667,True,DS90196,718.7982180442037,DS2133,1557.2643730439775
892a3064d57ffff,Boston,215.7275775657941,1,42.278176946596815,-71.08698071230468,120749,60.22732473158974,True,DS2289,861.3485666269972,DS89826,1498.9896523271902
892a3074a8bffff,Revere,215.30491378744773,56,42.41289057083992,-71.02764340717037,8652,28.683353200495237,True,DS1377,1532.0123114615983,DS95032,1550.9447167564051
892a306428fffff,Boston,215.1038395497879,2,42.33433723728493,-71.15178069413037,337949,30.63844280564485,True,DS3391,435.98938768114056,DS90317,1062.58827338863
892a3066a0fffff,Boston,215.0234403615322,90,42.31012955826847,-71.08359794930584,126546,45.59430539575434,True,DS3011,296.6220665976142,DS89942,724.8400722103074
892a3064633ffff,Boston,214.70297122288056,63,42.34494139546055,-71.13787461399025,349210,77.97834368217869,True,DS95044,553.9252473914622,DS100137,565.899400948741
892a306454bffff,Boston,214.4876133167727,20,42.33313600783393,-71.11090331082143,386913,15.104444474739003,True,DS100078,696.4956450926545,DS90256,1023.2832281038392
892a3066243ffff,Cambridge,214.2951840898088,54,42.371366810761366,-71.10660957600618,369187,23.316205042301064,True,DS3051,498.70776988361064,DS1058,611.5981566757267
892a306638fffff,Boston,213.69102234817967,88,42.35335539270249,-71.07390991657094,139449,7.285757068436627,True,DS90306,316.15574933541495,DS89805,620.4461859053366
892a306458fffff,Boston,212.93683169952135,9,42.33415864617455,-71.0881414160674,127128,35.22289168369351,True,DS90421,606.274149908736,DS3261,612.0386976173058
892a30666c7ffff,Somerville,212.09318439213783,2,42.3933281502057,-71.07813634819917,382031,39.83935756212804,True,DS90357,370.70737718083484,DS3350,840.2023315971303
892a30674cbffff,Somerville,211.0,1,42.41571135176868,-71.12974591689715,289099,32.84928708122182,True,DS90146,991.8374492478142,DS100488,1506.5230567535755
892a3062b4fffff,Arlington,210.57797445517616,38,42.42556993878498,-71.18372587240647,259990,17.99034817939053,True,DS2798,417.4356362749011,DS89739,2248.433102154797
892a30644d7ffff,Cambridge,209.88775575349285,195,42.35832354388143,-71.10865377695629,363485,49.56784262557822,True,DS90185,723.7648902224504,DS3060,1134.7545903441944
892a3066b07ffff,Boston,209.7358304497525,189,42.290969859304575,-71.06391000508768,168537,4.701818994908343,True,DS89962,111.17524481248613,DS100187,825.4366629772456
892a3066043ffff,Cambridge,207.3650833370378,3,42.371548921403935,-71.07526423190996,139022,3.5038442118333295,True,DS90281,442.1950887231064,DS90039,974.5719282788266
892a306468fffff,Boston,206.411149749402,96,42.35231744701811,-71.13555919748514,351365,24.242495723583477,True,DS89830,628.6299191669033,DS100177,855.6838330391871
892a30640bbffff,Brookline,205.07127245563916,28,42.33187156759509,-71.11860873226225,343091,20.49655665809957,True,DS2760,672.7143256291153,DS3044,699.9374933279609
892a3074e2fffff,Revere,204.44078878727527,27,42.41491323138022,-71.01650871416767,8273,85.21367120447434,True,DS95032,780.8829693043003,DS1377,799.8833566421627
892a3066023ffff,Boston,203.63188056613595,26,42.36040743842581,-71.06380235344747,155935,10.447447246172866,True,DS2636,339.3030220913719,DS89867,676.8889193091738
892a3064587ffff,Boston,203.6044048131767,26,42.33537728213886,-71.08452780347953,127462,17.372276651307104,True,DS2804,581.0636499823262,DS100528,813.3962544762733
892a3075dc3ffff,Malden,202.9954739414356,10,42.43362596308621,-71.04953637630067,398954,27.29272672794879,True,DS90279,1036.539852112712,DS89798,1232.3422933535592
892a3074b4bffff,Chelsea,202.44315917376372,212,42.3906264974701,-71.0327080899042,14656,23.210676333740484,True,DS89744,377.48646095790076,DS3580,513.3362882570425
892a3064577ffff,Boston,201.0818522174333,36,42.32656449452375,-71.10111393820706,390456,22.845413315499123,True,DS100083,1003.7689944737705,DS90375,1026.807301736501
892a30644a3ffff,Boston,199.6398716013452,5,42.34789302207992,-71.09991904510593,380922,34.45062506555017,True,DS89999,577.222481222554,DS2532,1371.6264513766898
892a3066ad3ffff,Boston,199.63810397879183,26,42.32318010396654,-71.08245139685052,126040,8.885011185060822,True,DS100528,780.667433773622,DS2804,1042.2629131629208
892a30662a3ffff,Cambridge,199.48890767947665,6,42.366879511391545,-71.08355444804222,133944,37.75694386097058,True,DS90281,793.6608169025823,DS90039,894.0154342718804
892a30640cbffff,Brookline,199.05786687537648,13,42.33926818935341,-71.1327595791764,349376,14.175124539867477,True,DS100169,500.51078799199473,DS95044,841.976782273328
892a30749cbffff,Revere,198.19637842741204,25,42.395872780348185,-70.99164801528457,35582,26.130109282059372,True,DS89834,1241.8694809006863,DS90024,1297.2654606471638
892a3074c2bffff,Revere,197.81422236131684,1,42.41741481162816,-70.98898414372579,37611,41.81642889857868,True,DS89919,1420.4093538573575,DS89834,2531.8420886170397
892a3066a03ffff,Boston,197.79545231112672,174,42.31273943557828,-71.08110745936833,126305,46.95067256413859,True,DS89942,693.4326546448656,DS3011,739.0229911528238
892a306626bffff,Cambridge,197.6434858718022,157,42.36353743301119,-71.10859755819659,367246,7.604402304382456,True,DS3060,515.7539276648247,DS90185,637.8280583433325
892a3066167ffff,Boston,196.7693480555611,8,42.34218699115971,-71.05632063417093,196426,14.098230809511339,True,DS90269,837.7816691882855,DS100087,1011.8360698149058
892a3064c87ffff,Boston,196.6754236958376,129,42.29636262346473,-71.08589483791826,120929,79.99175661964959,True,DS89725,437.72301934389805,DS90274,1379.3526775366454
892a3064a67ffff,Boston,196.608467032212,27,42.26612469504348,-71.15088968616948,225432,63.20314261393423,True,DS89682,1539.6188887045682,DS2770,2304.8175682072356
892a3393197ffff,Quincy,196.0367946368661,1,42.243916288935765,-71.00792585102452,31956,26.870322750918767,True,DS90190,472.34663367554197,DS100288,1633.7900781566289
892a3064613ffff,Boston,195.7303761016732,137,42.35276201848078,-71.14010338174967,351123,8.651450711269575,True,DS100177,654.9437101263491,DS89830,905.4579092057046
892a3064db7ffff,Boston,195.5618290106464,20,42.27271712260589,-71.06785097176306,168165,19.029588366487328,True,DS1003,174.3777295437021,DS2289,2100.1218629607406
892a306444fffff,Boston,194.27215096044705,14,42.35103295476053,-71.12527171546951,345630,26.76110430910355,True,DS3200,518.8582437391892,DS90346,634.9898452697622
892a3066a77ffff,Boston,194.06625416033765,118,42.30721017277383,-71.08528846828209,126569,37.588695497031544,True,DS3011,439.4871883735468,DS89942,955.7678128925523
892a3066c5bffff,Boston,193.8145792737193,158,42.336330880950165,-71.04706446928789,185691,54.44143034623408,True,DS2133,197.91892491939709,DS100087,279.5223047703498
892a306757bffff,Cambridge,193.098534177702,43,42.38520416995417,-71.1218192859497,281343,32.77407171428267,True,DS24854,696.162330674026,DS89959,1531.304758903689
892a3064603ffff,Boston,192.9283549838424,76,42.35081537645467,-71.14146285005282,350516,43.27007425134259,True,DS100177,392.3415229521956,DS100137,867.1329102473751
892a3066ec3ffff,Boston,192.42866414159465,6,42.33984369415828,-71.06822359010901,145600,8.912214961325304,True,DS89861,700.056321321476,DS90269,747.00432539159
892a3067187ffff,Cambridge,190.53065032860155,20,42.371562235324085,-71.1146048851503,368503,2.9864450504453837,True,DS89959,493.188530978256,DS1058,767.6414621610006
892a3075b27ffff,Somerville,189.77394389725117,49,42.39642783269534,-71.08960188103207,334083,33.44803881632626,True,DS90420,782.8553666441113,DS3350,814.6787676888346
892a3392b8fffff,Weymouth,189.58017215761225,5,42.16562756630683,-70.95406639718483,77820,6.247150589096513,True,DS3475,816.3614893346495,DS89637,1717.397113290023
892a3066e37ffff,Boston,189.1552517568918,160,42.32338356799142,-71.05847330463429,184541,35.08007475502745,True,DS90103,520.140580855324,DS90020,729.3800255325183
892a3066ecbffff,Boston,188.72189805150816,32,42.33960420148964,-71.07054695256292,146390,21.013688024272604,True,DS89861,665.7288700214428,DS90269,980.8044710945612
892a3066c47ffff,Boston,188.69441924362215,38,42.33181728372817,-71.04141936999378,186061,36.03329427137344,True,DS90196,840.4991209062306,DS2133,976.6206310531325
892a339340bffff,Quincy,188.57348489170428,180,42.27522971011295,-71.02434129095087,175248,5.962603854937906,True,DS2669,716.4862487937477,DS100309,827.8380239309123
892a3064687ffff,Boston,188.51722481813164,88,42.35304536838668,-71.13039166074147,362311,18.85598979145804,True,DS89830,395.10122331844593,DS90346,509.7801703828669
892a30748bbffff,Revere,188.38081627304328,6,42.4062615424097,-70.99449682937527,29026,8.248706527812296,True,DS89919,311.2835102931316,DS89834,1164.2257955173557
892a3066543ffff,Boston,188.1472623940521,6,42.37113942820771,-71.04286283836497,204243,13.180185002873028,True,DS3252,475.5478733891357,DS90332,487.0287773439511
892a3074aa3ffff,Chelsea,188.00000000000003,2,42.40315038181511,-71.02220848638459,19537,16.919715180496414,True,DS2701,324.1835707001826,DS3586,494.504949441687
892a3074b6fffff,Boston,187.97517258637305,31,42.37973035711657,-71.0303547504445,18014,3.51444078190998,True,DS1965,1008.3299548062333,DS3252,1064.873874386408
892a306626fffff,Cambridge,187.5745723651679,194,42.36104552216056,-71.10628875939568,366957,22.41442605766006,True,DS3060,660.7697189154744,DS100269,934.4253574480042
892a30671a7ffff,Cambridge,187.32715058793912,83,42.36382943166315,-71.11255002844022,367372,27.735350543890657,True,DS90185,376.7238930518993,DS3060,931.4710395914226
892a30649c3ffff,Boston,185.8547350197541,208,42.26424055515015,-71.09954371417419,272654,57.97276323161293,True,DS89826,955.0271172764466,DS1716,2429.5946729939483
892a3064477ffff,Brookline,184.85951951632012,47,42.34470129630592,-71.11612590316061,385407,21.16879050148322,True,DS1978,692.1195064846935,DS2064,974.72694358607
892a3064ba3ffff,Boston,183.6851893378274,4,42.253820132790615,-71.11896882668387,249780,18.54813277453543,True,DS3239,863.7843801751138,DS89797,1722.4548863714497
892a306638bffff,Boston,183.2967696860808,64,42.354597884189566,-71.07525948214135,139267,35.067356367672936,True,DS90306,540.446619374774,DS90371,664.8958723691089
892a30661cbffff,Boston,183.02244649921667,1,42.35904521120955,-71.05356734319548,202114,27.318059532943483,True,DS89867,579.0837215383203,DS3555,604.5625385396222
892a3075d43ffff,Malden,182.5947264351427,60,42.4281379428729,-71.05848378939278,394138,19.099902182137416,True,DS89987,813.9520631391556,DS90316,1018.5601822162504
892a3075b7bffff,Medford,181.7513604142209,9,42.40394900517117,-71.10724607821155,317637,5.108734451526729,True,DS3299,904.3863159133864,DS90420,1616.911051721386
892a3064443ffff,Boston,181.20225874087677,6,42.35258062718111,-71.12243442178656,362528,10.86548324984484,True,DS3200,359.5466342507659,DS2064,524.2492422288985
892a306296fffff,Arlington,180.53398133380463,11,42.41717189877863,-71.15171225480205,294844,30.4902784456705,True,DS89739,923.5591959063262,DS1370,1122.5787058195679
892a3076e73ffff,Lynn,179.99301610383614,75,42.46107336824113,-70.95981158320498,75473,38.76568824506363,True,DS3535,503.18862709614774,DS2162,1035.1204853386052
892a30640d3ffff,Brookline,179.54688833569807,11,42.34227702581629,-71.12624144116977,344299,18.93506743668743,True,DS1978,493.3063120983662,DS2760,1085.1635367905612
892a3066157ffff,Boston,179.43464347046364,1,42.3515439346408,-71.05494199928242,197067,59.652720387955476,True,DS89924,600.8180721059005,DS90363,740.236740886049
892a3066a83ffff,Boston,179.20078139498727,140,42.31798403535621,-71.07222519031886,166965,25.593929141945818,True,DS89942,1153.219665212178,DS90020,1278.6131655214863
892a3066aa7ffff,Boston,179.04767674157702,84,42.306780823735686,-71.06884382150325,167239,67.5171111771789,True,DS100084,276.1050553976793,DS90380,389.0318831428572
892a3066e83ffff,Boston,178.32737917812366,10,42.33771208162811,-71.05519637516436,196237,12.43039422055463,True,DS100087,822.4169408745985,DS2133,858.2258290325085
892a3067197ffff,Cambridge,177.50629802534252,17,42.37480641704125,-71.1123299432141,368880,2.7593395175903437,True,DS1058,341.1711065855494,DS3051,748.819522302687
892a306620bffff,Cambridge,177.2478158674451,87,42.3690187638208,-71.09909126453594,373387,33.4109170315156,True,DS100269,608.0235878791193,DS1111,721.082770424674
892a306443bffff,Brookline,177.02236666906265,49,42.34484728986814,-71.11054220898579,384665,20.800443759751854,True,DS2532,1004.872002534158,DS1978,1096.0422236321792
892a3064a8fffff,Boston,176.94602800789545,33,42.27700605077381,-71.13652118220571,244343,16.58439549780969,True,DS89682,425.7955737217906,DS3335,1433.105312998806
892a3074b0fffff,Boston,176.09297149790868,2,42.384531003209744,-71.02036355235822,20651,31.647946394710857,True,DS89660,1990.6306751418697,DS1965,2031.7616233092112
892a3067523ffff,Somerville,175.7992186679211,32,42.37999843733028,-71.10746669075894,327723,12.758218645286144,True,DS90194,444.7627584933674,DS1058,757.6336970590786
892a306750fffff,Somerville,175.78457492446955,47,42.38536793534804,-71.11173223672878,323282,57.5312976142963,True,DS90194,608.7754129599105,DS24854,901.3731822040106
892a30641abffff,Boston,175.5506034405062,5,42.30936258817861,-71.104851390488,262935,13.990918254615204,True,DS1966,986.2771031134913,DS2788,1181.7976376132528
892a3067177ffff,Boston,175.34721903471362,10,42.36243158672188,-71.13038384417402,361858,3.5777918490212723,True,DS3218,899.8009600834785,DS89830,1243.5716944197945
892a3076e53ffff,Lynn,175.01802799461933,45,42.4686672778596,-70.96301976013719,68279,13.087788685034639,True,DS2686,553.0516218976375,DS3535,974.8038015981061
892a30660cfffff,Boston,175.0056662459324,2,42.37457040623951,-71.0671006185215,151414,5.187181961417892,True,DS1529,377.12710142404467,DS2493,1189.744112101675
892a3075993ffff,Everett,174.3429995242995,82,42.41408848710566,-71.05322920850536,394970,12.669393142944749,True,DS2539,833.5939968803191,DS90161,1285.9554010996599
892a3066b9bffff,Boston,173.8775044664927,12,42.30245191182168,-71.05952707858192,162829,23.022692166229714,True,DS3425,159.19808580977053,DS100187,621.9869052518292
892a30749abffff,Winthrop,173.15037766090637,37,42.38507982166465,-70.97885512311674,36151,12.364468438102875,True,DS2729,1443.6079164472712,DS89660,2129.4637236201133
892a306452fffff,Boston,171.63811818752762,5,42.32165894051089,-71.0966681423034,267366,13.537131206723728,True,DS100083,445.4652721751442,DS2788,617.2207320224074
892a30671afffff,Boston,171.13929324392555,1,42.36465300338445,-71.1191106711227,361354,17.552172026546316,True,DS90185,857.8715708668462,DS89959,1297.0143684066281
892a3393407ffff,Quincy,171.0,1,42.2721594517719,-71.01607674093901,178704,6.695816891281738,True,DS1534,852.5640112970135,DS2669,1535.7887264923722
892a3066377ffff,Boston,170.624424949226,1,42.344437140712174,-71.08683919597092,132563,30.922954999353017,True,DS1974,201.66429433573663,DS90297,802.1763300362353
892a3065dbbffff,Boston,170.3439397222581,3,42.2929931615218,-71.14938769548569,231741,2.4244806267798102,True,DS1981,1136.094955763267,DS3207,1528.9488210545614
892a30675a7ffff,Somerville,168.80120461429317,60,42.38260346964862,-71.09721470365334,328927,10.059773773819048,True,DS90194,944.2039090632202,DS90015,1040.2054177834702
892a30641b3ffff,Boston,168.71164640288234,149,42.31288890584422,-71.09859162781336,266920,9.630386056200452,True,DS2788,721.1685890160272,DS100083,947.3569995640296
892a30662c3ffff,Somerville,168.69647334290568,64,42.376673108391216,-71.09749928950764,373847,30.37531214630547,True,DS2251,554.7049599241602,DS1111,576.1075006066563
892a30662d3ffff,Somerville,168.47877216290266,68,42.38026664068716,-71.09499963792061,329132,13.860717392353964,True,DS90015,683.6320886940583,DS2251,1100.6282170226195
892a30670cfffff,Cambridge,167.65382220925596,5,42.39324141085201,-71.14515664987593,275348,29.283054766824886,True,DS1556,1334.3328249892081,DS2535,1896.7263195076187
892a3066853ffff,Boston,167.47462769326853,210,42.31797410329989,-71.05875752610972,184404,18.68860736175095,True,DS90103,390.92628909786566,DS90187,827.9932622280592
892a3066147ffff,Boston,167.41659632793147,2,42.34967575180362,-71.05992714895123,161063,38.54104192819291,True,DS90363,262.4032682378812,DS2870,282.0937978665667
892a3067467ffff,Cambridge,167.29312331346765,113,42.39877993802703,-71.13206243066078,283023,5.305449424239619,True,DS2535,596.9219068481029,DS100488,826.488888613723
892a306419bffff,Boston,167.0658819961969,89,42.32071007663578,-71.10551609568286,263403,88.53514718671556,True,DS100083,942.368612758832,DS2711,1014.7336041988035
892a30646a7ffff,Brookline,166.81689841794247,123,42.345050042279006,-71.12925072578584,345843,84.78997294840309,True,DS1978,869.0263750993925,DS90346,872.2871982327238
892a306608bffff,Boston,166.08684290869732,55,42.37534830050852,-71.05881647251925,203819,38.86871787358282,True,DS90397,693.5113294816255,DS1529,809.2570030702337
892a3076e0fffff,Lynn,165.26873896532274,56,42.46113146412589,-70.95666036268062,75435,5.190622427165432,True,DS3535,725.9507761054574,DS3466,1167.5531737086133
892a3064433ffff,Brookline,165.107347804522,38,42.3449574232647,-71.10793582717103,385798,27.76478075662264,True,DS89999,825.6130073333729,DS2532,964.5348291280675
892a3066b67ffff,Boston,165.07029312093914,39,42.2866896541725,-71.07297804199696,124815,22.214144883524614,True,DS90311,581.2938846918365,DS89962,1184.7635399651906
892a30671d3ffff,Cambridge,164.93707927172565,65,42.379744766853534,-71.12583076766329,280946,22.230663886747188,True,DS89959,1007.1555991869833,DS1058,1587.678677191215
892a3064c97ffff,Boston,164.83090368391626,177,42.29889891924224,-71.08373156746613,126460,47.03587324522307,True,DS89725,844.0287726469528,DS90274,1392.4599396469134
892a30664d7ffff,Chelsea,164.0,1,42.39684407053869,-71.04721643168044,12845,47.01653616232789,True,DS90161,1348.2430661357696,DS3580,1404.9135667637693
892a3066e1bffff,Boston,164.0,1,42.3342651806975,-71.06578476090199,161969,54.81217703543166,True,DS90402,904.8025352683225,DS90419,955.8043382538403
892a30640c7ffff,Brookline,163.75786352270532,4,42.337256341576754,-71.12657752965694,343797,26.204300935538246,True,DS3044,445.9813310166307,DS2760,694.5649630807856
892a3066887ffff,Boston,163.61908430004254,2,42.31630621349802,-71.03918981747546,180745,48.65276761464474,True,DS89760,788.0805903372429,DS3338,1485.1597624131277
892a3066097ffff,Boston,163.55162793448994,1,42.37410324152303,-71.04974061001232,204090,85.67440791987914,True,DS90397,1044.8547191112302,DS1529,1739.1997439539925
892a3064087ffff,Brookline,163.4728188163367,15,42.33359198460617,-71.11538333682637,386754,16.97163753334442,True,DS2760,644.041183245156,DS3044,729.2359511055597
892a3066ac3ffff,Boston,161.94856092587298,110,42.32072737948522,-71.08359862231109,126116,5.670713507526718,True,DS89942,1134.4375428962717,DS100528,1218.5848807451655
892a3066bdbffff,Boston,161.20155319364417,175,42.30464986665778,-71.07031134556841,167072,18.5860953569471,True,DS90380,334.41853304794694,DS100084,434.31038631567014
892a30661abffff,Boston,161.0602846455874,2,42.34819360491842,-71.04165910792834,191730,23.289301599938096,True,DS90064,647.8840399530643,DS89924,1676.561806697823
892a306741bffff,Somerville,160.85477556218146,6,42.40803025801563,-71.12775200037048,287693,14.941123487015055,True,DS100488,776.5426975265992,DS2535,1307.9624826241115
892a3074b43ffff,Chelsea,159.84986373897334,231,42.39060614097621,-71.02852907269347,18979,53.254806808176625,True,DS89744,597.0378097745753,DS3580,809.3769432657673
892a3066a5bffff,Boston,158.8309324019243,86,42.31756229985049,-71.09400532731632,267473,15.01743424748709,True,DS2788,400.5318944879684,DS100083,687.7358094979543
892a3066273ffff,Cambridge,157.2714484022002,87,42.36641950344253,-71.1013458701015,372948,25.140665977018575,True,DS3060,316.50517372461803,DS100269,332.64800759392483
892a3066533ffff,Boston,156.86822062674787,14,42.36415121160475,-71.03027816206753,211312,15.086547561252338,True,DS90332,1141.8054449623737,DS3252,1713.1284977497633
892a3075ba7ffff,Medford,156.24499182907417,2,42.40226000053684,-71.0810961942455,382578,23.829088254763747,True,DS2912,678.0158983977346,DS100163,1091.0042752749653
892a3066507ffff,Boston,156.0,6,42.36682763822605,-71.03259059780349,209303,22.73240255700995,True,DS90332,841.605959957332,DS3252,1267.708033538252
892a3066e7bffff,Boston,156.0,1,42.3296729627418,-71.0777075549291,144318,22.71961929193637,True,DS2804,531.145404735619,DS100528,617.99844400587
892a306684fffff,Boston,155.92971307136048,109,42.31285041136729,-71.06306340148308,162609,82.68018754420658,True,DS90187,777.7691888797632,DS90426,841.306675151707
892a3066153ffff,Boston,155.83395449067942,6,42.35638090719845,-71.05968240616504,158201,8.281607429208725,True,DS3555,112.47056778685771,DS89867,182.08167278951515
892a306609bffff,Boston,155.2507920333194,116,42.37671869034307,-71.05842992915102,203887,22.42280794051698,True,DS90397,459.49820194400974,DS1529,850.7470569795572
892a3066847ffff,Boston,154.72958964714005,154,42.31278905035844,-71.05907443099453,162655,0.4145395638608232,True,DS90187,276.6142771508433,DS90103,955.3641975925507
892a30645b3ffff,Boston,154.12053240575318,2,42.33083073121307,-71.0824745081878,131170,13.61299344762663,True,DS2804,175.33051615358394,DS100528,250.5331689259072
892a3064593ffff,Boston,154.0536675244283,9,42.33940417796249,-71.08339111728478,131469,3.017995568509453,True,DS1974,739.281481830091,DS2804,1036.2612086674062
892a3393533ffff,Quincy,153.7267130404229,20,42.251748263659394,-70.99975704760075,32404,13.66098830611541,True,DS3084,586.0385084495912,DS90190,1119.80096458311
892a30660d7ffff,Boston,153.07390564599928,252,42.377328627623314,-71.06205336394946,157107,12.649340087621564,True,DS1529,457.8834437948053,DS90397,723.6074032683198
892a3064b93ffff,Boston,152.12734995098705,62,42.26379771241464,-71.1167086998755,250438,54.16634952325629,True,DS1716,760.7623368707115,DS3239,1876.0836703300547
892a3067573ffff,Cambridge,151.98863061778627,28,42.384882275597306,-71.11727994021095,323818,41.787812361900315,True,DS24854,647.2151999584414,DS90194,1176.2694855428429
892a3065473ffff,Newton,151.86784246254902,1,42.36621121378381,-71.19532399871899,313545,45.194812705586,True,DS3530,305.7431931536901,DS1537,650.4145423488419
892a3066acfffff,Boston,151.78950919608278,32,42.31825990147461,-71.08507329901806,126915,37.59443918797463,True,DS89942,898.2574548177656,DS3011,1333.9210292520359
892a3066bc3ffff,Boston,151.7381236318763,142,42.301740826633086,-71.06890652638705,167196,18.38314282790994,True,DS90380,605.1463266417144,DS100084,705.0381799094376
892a306636bffff,Boston,150.717125786578,13,42.344774561152335,-71.09483378701813,380333,23.70313646309615,True,DS89999,629.7644415318658,DS1974,979.3255852745845
892a3066b3bffff,Boston,150.44617869953052,87,42.28909579286775,-71.06590578990338,168485,19.639720241128238,True,DS89962,442.6305609005908,DS90311,658.2051027370039
892a3074acbffff,Everett,150.2227451807362,49,42.41482679153732,-71.03883628720872,10983,91.38828324147454,True,DS2539,968.8523579496925,DS90161,2355.3551793398005
892a30662bbffff,Cambridge,150.02750043204665,116,42.36939872739857,-71.08540543457303,133769,17.32056484100051,True,DS90039,451.29341463208465,DS90281,690.0921918101462
892a3066233ffff,Cambridge,149.78835682078434,1,42.36477311548201,-71.0919612480492,375211,53.86341665389053,True,DS90407,1034.3701941654278,DS3060,1258.6030346663981
892a306684bffff,Boston,149.4342656655557,15,42.31417554695319,-71.06508354168962,163389,18.470785472542357,True,DS90426,594.2195125296455,DS90187,1112.1544273816532
892a30662cfffff,Cambridge,149.1132240124654,31,42.37377006453484,-71.09943478032075,373664,16.934115735904093,True,DS1111,190.32380015303704,DS2251,385.55785006831405
892a30661a3ffff,Boston,148.18390120362668,3,42.34805570507216,-71.0381810057474,191364,24.313914451860583,True,DS90064,796.3318231930833,DS90196,1810.0245464012205
892a306411bffff,Boston,147.9675830582156,28,42.31529080571337,-71.11463858710917,256953,16.58632486736021,True,DS1966,482.49457545782775,DS2711,681.760299848817
892a30640a7ffff,Boston,147.9284916309916,4,42.32569008761672,-71.11179478681966,257448,9.617234101899658,True,DS2711,764.0190756055666,DS100078,1538.3888436099098
892a3067567ffff,Cambridge,147.73503225746566,18,42.38003141989281,-71.11817845816843,324001,22.111448844314715,True,DS89959,893.2930674512677,DS1058,1156.550905610542
892a30668cbffff,Boston,147.18146752455723,170,42.32073579091854,-71.05650450143864,184476,6.522228766009337,True,DS90103,160.6041291688936,DS3338,853.3743140882613
892a3066c0bffff,Boston,146.40354372956662,207,42.33207787633104,-71.03912300622889,186820,12.558854780984161,True,DS90196,633.4238236958387,DS2133,1145.1325146816578
892a306758bffff,Somerville,146.38098271752713,22,42.39342096356016,-71.10551040584252,321794,5.824489218154133,True,DS3299,481.55673664363724,DS90420,1288.60724691674
892a3066c53ffff,Boston,146.37882810364238,90,42.33679986761042,-71.04317789582514,186301,36.03879549742897,True,DS2133,557.4529202666415,DS90196,620.110813566606
892a306687bffff,Boston,145.9875507648313,80,42.31003130744895,-71.06125289445914,162669,38.57849237321204,True,DS90187,691.6582464478893,DS100084,799.6695428037874
892a3066413ffff,Chelsea,145.94355891577464,31,42.390171442429576,-71.04513858223106,13819,63.1713934134562,True,DS3580,1443.8632423377499,DS89744,1620.9532336921511
892a3064677ffff,Boston,145.42518984061792,54,42.34539034064802,-71.14756095990616,326405,18.901714525090824,True,DS90317,643.7489880256161,DS89804,667.5622504209902
892a3066a23ffff,Boston,145.0944647124808,120,42.3044761316891,-71.07936448348029,125295,5.607247171616625,True,DS3011,686.2294419160105,DS90380,1173.9512511880798
892a30670cbffff,Cambridge,144.59093359880896,2,42.395017951263576,-71.14730190012699,275463,65.93000994505027,True,DS1556,1199.407405609715,DS2535,1468.5481808147752
892a339a0d3ffff,Dedham,144.0,1,42.24814591388357,-71.17646408626952,195645,34.787365637656364,True,DS2667,452.54540934035595,DS89988,910.8005391354563
892a3064c8fffff,Boston,143.96220731650357,71,42.29647683735155,-71.08951340088068,267940,23.077550962812857,True,DS89725,444.35755691918087,DS90311,1985.1306472071412
892a3066a33ffff,Boston,143.94408031255506,116,42.307368473227726,-71.07708160506175,125361,39.44679555417023,True,DS3011,665.8959639071834,DS89942,1057.904730032806
892a3066e2fffff,Boston,143.0,6,42.3202723068999,-71.06439994501076,163438,29.92502897642001,True,DS90103,783.6779791842248,DS90020,801.3864133490355
892a30641d7ffff,Boston,142.63651493172702,9,42.32086374173233,-71.11023447418938,257502,27.719453420491575,True,DS2711,286.641436044974,DS1966,1166.3864124866413
892a30663b3ffff,Boston,141.23855616978352,5,42.350581632107286,-71.06819904621011,145973,7.991594630225227,True,DS90372,163.47752314068518,DS89805,526.2737846460708
892a3064013ffff,Brookline,141.05045811169614,24,42.33373496802552,-71.1250122220835,343859,16.83931527643124,True,DS3044,248.9452366989428,DS2760,551.0782397199608
892a3066133ffff,Boston,141.0,3,42.34466754567952,-71.04350895397766,191883,32.16226671357545,True,DS90064,1099.2897232310083,DS100087,1231.852435716016
892a3066bd3ffff,Boston,140.71508184947672,33,42.30495559100442,-71.06477635990431,163150,51.464534426862016,True,DS100084,460.91593464778947,DS90380,573.8427623929674
892a30644dbffff,Cambridge,140.5891239327299,10,42.36118800934635,-71.11387106473171,367731,10.400793326441903,True,DS90185,71.07219565074377,DS3060,1079.8309735918667
892a3066a2bffff,Boston,140.0321663643723,160,42.30462548322582,-71.08304711149057,126484,43.537118478535824,True,DS3011,624.3172965511313,DS89942,1164.551492090918
892a30670b3ffff,Cambridge,139.90924405343262,58,42.387901357842914,-71.12787156100968,281683,37.311692806664446,True,DS24854,1106.4617803910492,DS3560,1410.9854687824516
892a306762fffff,Belmont,139.53755505354346,4,42.39681051504561,-71.15741537258182,270717,27.018448035957935,True,DS90389,1705.6554210288302,DS100291,1809.2987079275965
892a3076c4fffff,Lynn,138.8833401753796,31,42.46439522385487,-70.93544233204574,76662,34.48625590684521,True,DS2236,846.3282834999166,DS90390,864.3370156303116
892a306753bffff,Somerville,138.17978964851187,14,42.38197320270343,-71.11066659858693,327509,10.895376210356023,True,DS90194,562.3124461778973,DS1058,942.7273418638111
892a3060b67ffff,Waltham,137.92191785330726,7,42.37887778806977,-71.24184034984175,220155,28.43436214360983,True,DS2821,517.3064388531429,DS3578,593.9281683347787
892a3066a8fffff,Boston,137.5981563932292,182,42.31527847491616,-71.07434203253145,125720,45.08491492038084,True,DS89942,683.979386620049,DS90426,1102.6008268862033
892a30644c3ffff,Cambridge,137.54435588153962,123,42.35828848585276,-71.11261908015346,362830,44.51255187053316,True,DS90185,634.7817434063525,DS3060,1206.3677236920437
892a306610fffff,Boston,137.0560584659139,3,42.3468424727663,-71.05048831946736,196805,20.430000843170333,True,DS90064,877.2595538997504,DS89924,1300.901957777234
892a30759bbffff,Everett,136.6227385391421,12,42.40769326487756,-71.05542535792239,389649,35.23305409881461,True,DS90161,341.1040304666632,DS2539,1284.0619182592272
892a3074b5bffff,Chelsea,136.1544782908745,135,42.39267869420264,-71.03062164569924,17805,85.43650296297338,True,DS89744,488.1155711590276,DS3580,678.7627601516142
892a30675cfffff,Somerville,136.06555348214866,57,42.393291684524776,-71.11437835308784,323056,28.45634332047991,True,DS24854,687.5810727869585,DS3560,784.649646140037
892a30665c3ffff,Boston,135.96042717634882,63,42.37720081819362,-71.03410868368982,204680,19.153338043218707,True,DS1965,595.853012140764,DS3252,631.4621188304604
892a3064583ffff,Boston,135.87024731848635,19,42.33678403735638,-71.08625502514992,127249,37.510369600106294,True,DS90421,847.1388128164003,DS3261,852.9033605249701
892a3064697ffff,Boston,135.77101149026106,97,42.3547188784886,-71.12840956244801,362225,50.299126736374475,True,DS89830,570.5131958215842,DS3200,596.5883556685957
892a3067503ffff,Somerville,135.63443464073848,54,42.38742613570452,-71.11023584962378,327969,22.642278476787713,True,DS90194,935.1619327178939,DS24854,1168.5407861295216
892a3064083ffff,Brookline,135.3867948235259,28,42.337012182918265,-71.11833597711554,343511,3.4582525358727656,True,DS2760,242.48635717648912,DS3044,505.83071620054403
892a306e587ffff,Waltham,135.0,5,42.37113794596686,-71.23937852242969,298239,12.631647021514263,True,DS90089,932.154484876094,DS2821,1297.1437473858455
892a33928dbffff,Weymouth,135.0,1,42.190351200169175,-70.94975231653872,56478,44.08174836907277,True,DS3014,1506.413688573494,DS3475,2596.585480087386
892a3064693ffff,Boston,134.95579797877846,62,42.35838718823711,-71.13116996704714,351938,10.571575359576531,True,DS89830,757.3965912922964,DS3218,767.0925170558019
892a3066103ffff,Boston,134.49885850022443,7,42.349947061330965,-71.04901985958642,197020,14.112546979949675,True,DS90064,440.2767117695014,DS89924,1007.2374834994604
892a3076e13ffff,Lynn,134.4899927155176,112,42.4663759333052,-70.95169249960084,68634,39.32250997650797,True,DS3466,662.8143777409397,DS90390,820.304230676618
892a30675b3ffff,Somerville,134.2240506127126,20,42.38826111530754,-71.09676197432826,329809,36.231615755145704,True,DS90420,700.3512436586865,DS3299,1206.3395846212843
892a3066bd7ffff,Boston,134.01219831953512,32,42.302388591766224,-71.0634514126455,163174,20.641547750548355,True,DS100084,603.1349709602054,DS90380,652.9830230701114
892a3066397ffff,Boston,133.9400714340223,19,42.35682811200108,-71.06775129887973,152298,16.243289514216503,True,DS90371,314.4220881982135,DS2294,439.96182987962044
892a30660a7ffff,Boston,133.45544260025767,8,42.36366969501746,-71.0516730367996,198597,28.626109271016766,True,DS3193,446.03341988520543,DS89764,993.9459636073175
892a339228bffff,Quincy,133.36736643473432,8,42.24261608665895,-70.98520605516956,40870,18.337527423395095,True,DS2805,613.5821632133618,DS2800,961.2017897067111
892a3064e23ffff,Boston,133.0,24,42.28625609396406,-71.12602915575935,251728,8.545801029611694,True,DS90243,329.1418376406465,DS1243,483.62752392036924
892a30668dbffff,Boston,132.9284171311539,33,42.32286189923929,-71.05547790273867,184523,19.1651041435642,True,DS90103,570.1928247241152,DS100146,1028.3238232378435
892a306756bffff,Cambridge,132.04611799034512,18,42.38250975485047,-71.12372006242215,281241,35.568607589541635,True,DS24854,1137.0774170536058,DS89959,1378.4562236658855
892a3064c37ffff,Boston,131.6321398742947,69,42.28619236484191,-71.09131255634266,268411,26.090903419243595,True,DS2289,704.8049384679928,DS89725,1037.6743980782744
892a3066bcbffff,Boston,131.61672391564966,188,42.30182141613249,-71.07229830213198,167144,34.89688071115746,True,DS90380,618.303553706344,DS100084,718.1954069740672
892a3064ca7ffff,Boston,131.5442579600375,137,42.28804060705771,-71.08377721707032,121002,28.075581998827772,True,DS2289,1034.166437495915,DS89725,1062.6582804166685
892a306460fffff,Boston,131.38476663919812,2,42.34655050577274,-71.1453089751235,326376,15.568361293689568,True,DS100137,628.230196957794,DS90317,800.0562698604224
892a3066eafffff,Boston,131.259641744952,58,42.325640839544974,-71.05776276052949,184595,46.35402282419303,True,DS100146,684.9230751036099,DS3430,777.533060767256
892a3074c67ffff,Revere,131.23807649530187,8,42.418244388462384,-70.99393438578201,37555,22.339579198630574,True,DS89919,1717.811828513321,DS95032,2012.228243351313
892a3065403ffff,Watertown,131.1318872734048,55,42.36955454400756,-71.18720973936001,313876,37.285301412075185,True,DS89981,482.82140343598064,DS1570,589.2465163530618
892a3066467ffff,Boston,131.03982436062853,20,42.37943736503728,-71.05565846954323,388647,11.875274242455548,True,DS90397,415.6695820444119,DS1529,1301.154569025686
892a3064b17ffff,Boston,131.0235334170168,6,42.25591129973238,-71.12585612503166,251459,19.98415757304054,True,DS3239,694.7402154660263,DS1716,1583.630777726006
892a30660d3ffff,Boston,130.22211077650826,330,42.3799685424164,-71.06449552174318,388074,1.062448093253917,True,DS1529,590.2581309340983,DS2493,882.7496829432732
892a3064eb3ffff,Boston,130.0,6,42.29439312964559,-71.11442855819969,261648,46.26829604820356,True,DS2973,1291.362449210439,DS90243,2134.50464330289
892a3066b8bffff,Boston,129.88862594837613,4,42.299398887526735,-71.06206617686765,163008,20.4755450555307,True,DS100187,442.68402118499495,DS3425,640.0796955198097
892a3066873ffff,Boston,129.83257331651365,44,42.31071304967139,-71.05728154252458,180049,47.80695991908574,True,DS90187,446.4139211901313,DS3425,819.0510552101506
892a3064447ffff,Brookline,129.09323764334573,84,42.3498267608688,-71.1202766774367,345339,21.452473422492222,True,DS2064,398.1515319719564,DS3200,640.9301490808864
892a30644d3ffff,Cambridge,129.07062544540582,173,42.36106278205056,-71.11078172974211,367467,58.57963260099912,True,DS90185,456.3544669289758,DS3060,1048.8949469387417
892a306564bffff,Waltham,129.0,14,42.37116378657434,-71.23527590880119,298206,16.718287003713133,True,DS90089,851.2290261655386,DS2821,1242.229500591914
892a3067087ffff,Cambridge,128.33168896465511,60,42.39093706799512,-71.13024108768558,283330,14.406477758422565,True,DS3560,1106.5026995318487,DS24854,1265.7339241735388
892a306408fffff,Brookline,127.75761010524204,14,42.33339358245708,-71.12023950943141,343269,15.291329081844095,True,DS3044,337.1106153088145,DS2760,425.89583975010606
892a3067557ffff,Somerville,127.5094966502155,30,42.39063686618076,-71.11566383915888,322976,20.85746835038552,True,DS24854,464.7138180433047,DS3560,961.6045081390286
892a3075ca7ffff,Malden,127.08714749021031,22,42.43897939441402,-71.04952252772627,399048,52.747681435853494,True,DS90279,1388.9757259102005,DS89798,1706.1910357054185
892a3074967ffff,Winthrop,127.0,1,42.37978344999999,-70.9915242,27516,22.00232338345843,True,DS2729,833.9488621150424,DS89660,1174.394054237629
892a30758bbffff,Malden,126.84657089294365,3,42.42623353668494,-71.07091891373436,401377,28.2582639216179,True,DS90316,365.4858157139189,DS2205,402.47404516069133
892a306444fffff,Brookline,126.06266967031058,121,42.34991778419055,-71.12409410997385,345575,26.706271281076926,True,DS3200,643.9051350350245,DS2064,731.1304195775291
892a3064037ffff,Brookline,126.0,1,42.32366968421002,-71.12072869119523,255910,54.134234429185575,True,DS2711,1191.5762432748934,DS3044,1491.0844124298226
892a306447bffff,Brookline,125.28804411330924,143,42.34753086300133,-71.1223531985174,345140,18.10670832052618,True,DS1978,731.2324879111972,DS2064,859.0998118079086
892a3066b73ffff,Boston,125.13661463872758,138,42.29128462773336,-71.07296018340209,167613,36.44815292998684,True,DS90311,404.10783281808756,DS90274,595.7734873428291
892a3062babffff,Arlington,125.12350002250813,7,42.42205078867061,-71.16519282160279,254765,45.19003419121663,True,DS89739,993.184682349161,DS1370,2249.191388802254
892a30759b7ffff,Everett,124.89731113533568,22,42.40429863518721,-71.04707281816468,389424,45.83091264310632,True,DS90161,899.907220821349,DS2539,1448.2361231487253
892a3075947ffff,Medford,124.70840665042022,1,42.40544391560817,-71.07340590581349,383423,36.48132358810833,True,DS100163,102.34869792577389,DS2912,1077.9603143330503
892a30663dbffff,Cambridge,124.19255696749626,3,42.36057887457182,-71.08393647613549,137806,16.090765373726313,True,DS90407,297.52123504706424,DS90281,1352.1454255244778
892a3066357ffff,Boston,123.89680809531124,29,42.35193829164369,-71.086116682804,132906,42.114687240542445,True,DS2033,588.3921165422087,DS90297,1087.4502492439522
892a30644bbffff,Boston,123.69433171435742,60,42.3504257171951,-71.10184558068696,384310,46.771245640472586,True,DS89999,1071.972784693324,DS2064,1492.7565867651142
892a3064e33ffff,Boston,123.23548027751391,3,42.28901390833754,-71.12545003532183,251769,10.109749492718505,True,DS90243,204.85741094271236,DS1243,586.8312040077466
892a339351bffff,Quincy,123.0,1,42.25739275313169,-71.00724897141785,38935,37.366874738975774,True,DS3084,1562.2022054651698,DS1534,1574.454638995386
892a3066e4bffff,Boston,122.6866494078704,19,42.33500837866165,-71.08089684263237,144205,41.688129679497266,True,DS2804,544.1530004467852,DS100528,811.4360565544449
892a306446bffff,Brookline,121.75221176018896,89,42.34523376178237,-71.12464160123508,344367,95.67734488728064,True,DS1978,398.021166014541,DS90346,926.5694537531765
892a30671abffff,Boston,121.60885184843148,5,42.3659079185807,-71.12011337252697,361344,24.545590279609442,True,DS90185,1013.1125357096422,DS89959,1167.3313745010207
892a30649cbffff,Boston,121.47183610839716,116,42.26443226665977,-71.10452736412523,272537,85.23297861756872,True,DS89826,1484.319911083385,DS1716,1985.783788854544
892a306752fffff,Cambridge,121.2161139662203,17,42.37715232481294,-71.11015516787214,368979,37.20717353074378,True,DS1058,494.91241824511656,DS3051,748.3459393343301
892a3066a17ffff,Boston,120.801304616669,168,42.31266673477749,-71.07666549573753,125641,14.609477778940143,True,DS89942,332.86490908171396,DS3011,992.180012125427
892a30671bbffff,Cambridge,120.65649489036112,13,42.36943067677692,-71.11571424268263,368408,21.809071149787762,True,DS89959,712.4004226010363,DS1058,1091.4234768967779
892a3066883ffff,Boston,120.26672416406902,8,42.31830286798631,-71.04165452425404,181048,15.515597506481177,True,DS89760,542.4370021237086,DS3338,1255.0278614041606
892a30675c7ffff,Somerville,120.19189035470148,23,42.39370874551484,-71.11041659428295,322033,67.0549256297423,True,DS3299,1028.444253260026,DS3560,1230.9885507497402
892a33936c7ffff,Boston,120.13402728946002,11,42.28092555639566,-71.05256720753407,172520,5.278094512719198,True,DS2936,765.4566880755057,DS89736,1240.5612589755588
892a3076137ffff,Lynn,120.02041715440993,134,42.47443480429582,-70.93096058237833,66448,68.28877897686584,True,DS100557,1211.4690894575572,DS2239,1328.6206599906204
892a33922cbffff,Quincy,120.0,2,42.24658799508355,-70.99763987219792,40347,21.129901493937393,True,DS90190,905.9721693641884,DS3084,930.8661050767197
892a306450fffff,Boston,119.50166075564076,42,42.32865537209419,-71.0991010125397,390777,53.101643112525345,True,DS90375,658.884123913544,DS90421,774.845304278838
892a3066a4fffff,Boston,119.49672836627606,49,42.31292817878118,-71.09333814129093,267150,41.75089562979161,True,DS2788,842.4491814002051,DS100083,1072.4352815634234
892a306708bffff,Cambridge,119.41841476924688,22,42.39365362278856,-71.13642648794448,283579,4.6494833608960295,True,DS1556,973.5488778484861,DS2535,1121.3950760831756
892a3075d53ffff,Malden,119.41168333270356,44,42.4304406749321,-71.05702935513159,399277,27.729494619026262,True,DS89987,1091.9669151294795,DS90316,1261.866033497466
892a3067533ffff,Somerville,119.09857138260136,24,42.38273282368527,-71.106129725435,327800,10.941427861049352,True,DS90194,72.39435234123063,DS1058,1053.7312278018808
892a30645a3ffff,Boston,119.08723049675744,4,42.32804899501829,-71.08632475354324,127068,31.25382236654079,True,DS100528,406.1394271122869,DS2804,609.1236407397208
892a3067547ffff,Cambridge,117.72975695467322,37,42.38783141567774,-71.1200417224962,323708,49.23242164596837,True,DS24854,226.25696645931464,DS3560,1139.9470071506757
892a3066aafffff,Boston,117.45286804253531,117,42.30726089053199,-71.07159451980063,167087,49.246693586507405,True,DS90380,597.6861530787063,DS100084,668.5377951251475
892a3066317ffff,Boston,117.29062260316353,7,42.34955608403418,-71.07643766440178,140219,9.82642299855597,True,DS2011,134.80826515323895,DS90306,422.42659454457566
892a30674a7ffff,Medford,116.43929099170188,75,42.40141959918023,-71.11098427734717,322272,9.16679590032919,True,DS3299,861.2592130309484,DS3560,1442.4763642372588
892a3066503ffff,Boston,116.35709256381617,4,42.36934318510788,-71.03427598765074,208533,31.166952343604596,True,DS90332,661.2280418862911,DS3252,981.6771311506799
892a3074a7bffff,Everett,116.29649736929832,27,42.4045837206476,-71.04368007969789,12666,19.846570177988767,True,DS90161,1282.411656065011,DS2539,1565.964711669662
892a306565bffff,Waltham,116.17406039807442,4,42.37400739916984,-71.23229493620326,297791,5.073381505065499,True,DS90089,527.6626007257294,DS2821,1151.536908801944
892a3074ac3ffff,Everett,116.08973832795428,24,42.41407538083651,-71.03530443820516,11045,82.24446664574043,True,DS2539,1180.7650396197762,DS3586,2231.76021279276
892a3029a53ffff,Quincy,115.82353154196464,74,42.29907756279764,-71.013890488153,179127,57.98568140217084,True,DS2932,1885.1756747122854,DS100309,3701.2398169129383
892a306405bffff,Brookline,115.71094239560074,33,42.33630649690621,-71.14073869260677,338849,27.20004488843904,True,DS100169,623.8829716936114,DS3391,843.4186738344965
892a3066803ffff,Boston,115.53846502317536,98,42.3123300726119,-71.0499818644105,180426,35.10445062426463,True,DS90187,768.5824071732947,DS3338,1235.458449683503
892a30660c3ffff,Boston,115.46803380736826,69,42.37827375394809,-71.06627807977128,388010,4.050654479804202,True,DS1529,348.54173506447796,DS2493,1000.3808797040596
892a30662d7ffff,Somerville,115.34739505365076,19,42.378108851914575,-71.0924891332336,335458,25.174430758042302,True,DS90015,325.4312588631213,DS90039,980.5866237476499
892a30646b7ffff,Brookline,115.3375913595872,194,42.347590775027285,-71.12637472029786,345785,45.61691316052076,True,DS90346,721.6544000731128,DS1978,791.40122181352
892a3066c43ffff,Boston,115.24239240175568,197,42.334421911911086,-71.04544922582421,186215,10.122392546144663,True,DS2133,436.9427812354735,DS100087,527.9481583047354
892a3075903ffff,Everett,115.0840140647754,14,42.40654020204373,-71.06297342402067,393558,56.00359619573614,True,DS90161,1076.6872504883934,DS100163,1429.2651045815987
892a307486bffff,Chelsea,114.73748999308258,2,42.40201273088904,-71.01440557749703,19885,33.82303377668008,True,DS2701,570.3648416607351,DS3586,1011.2201886694947
892a30675c3ffff,Somerville,114.47645007296371,40,42.39517220760628,-71.1127307092597,323105,14.548527945872955,True,DS3560,940.2033190726087,DS24854,975.1436568459461
892a3067563ffff,Cambridge,114.42177000321792,27,42.38244266716193,-71.11988354239476,281168,20.80490068546367,True,DS24854,849.5613844169644,DS89959,1071.2192791679
892a3066c4fffff,Boston,114.0,2,42.33078864936816,-71.04897266779847,185876,53.83832129639104,True,DS2133,838.4815052794153,DS100146,905.0492732345739
892a3064507ffff,Boston,113.96742189556636,21,42.328388585864346,-71.09386326054054,392040,26.785587227923287,True,DS90375,546.732263708572,DS90421,739.3107017911034
892a30646cfffff,Boston,113.50119768389176,23,42.35486966293644,-71.14669831518286,325275,43.43550265749026,True,DS89690,363.43474909577344,DS90057,1080.7912619327915
892a3066a3bffff,Boston,113.45581761185832,91,42.30705903878018,-71.08143899571017,126430,41.243231281160114,True,DS3011,494.4240515633936,DS89942,1034.6582471031804
892a30758afffff,Malden,113.4178714042421,12,42.41983494402877,-71.0693034963195,401084,29.731324013071614,True,DS90048,719.5985504306691,DS2338,777.4939212427939
892a3067303ffff,Watertown,113.36666994047248,61,42.36933297565251,-71.15762885474989,320308,17.837617016508773,True,DS90038,255.67066354701817,DS90016,917.7725886724579
892a3076c5bffff,Lynn,113.30594062432796,147,42.46856195582261,-70.93588953257328,66927,56.295422496568996,True,DS2236,942.1882506092641,DS90390,1143.9019967196036
892a306440bffff,Brookline,112.84873359575762,19,42.34929822565854,-71.11572529378232,385042,5.8998262302583315,True,DS2064,473.85448927756033,DS3200,1016.0708563392975
892a3064da3ffff,Boston,112.47424107455538,51,42.272953015147145,-71.07054706226296,167872,22.485046093519095,True,DS1003,438.7907856771748,DS2289,1984.1804924524029
892a3076e8bffff,Lynn,112.44103574805872,142,42.46890139899581,-70.94918841812556,68656,29.108342353516782,True,DS3466,899.3705231462773,DS90390,934.4934748996291
892a3064183ffff,Boston,112.36197824603389,53,42.31748010983889,-71.10201931837167,266439,21.972078710210152,True,DS100083,537.7358103540842,DS2788,625.1099310418763
892a30646a3ffff,Boston,112.31049784204234,32,42.3483031979596,-71.13158002008491,348783,8.639258338277195,True,DS90346,308.5213077827686,DS89830,861.859638860464
892a3066a8bffff,Boston,111.96781122289102,128,42.318026051486605,-71.07640917840723,125782,41.65467432715078,True,DS89942,659.0297778242042,DS3011,1328.9993125189478
892a306740fffff,Somerville,111.71383610507424,46,42.403681082186544,-71.1265151694938,287652,53.43459596101116,True,DS100488,342.6851992215197,DS3560,1056.5345735384012
892a30662afffff,Cambridge,111.64702535971756,1,42.36325310192992,-71.08765357070658,133248,26.553913254422575,True,DS90407,655.6770841105104,DS90039,1189.2233511284842
892a30662b7ffff,Cambridge,111.64109455522548,17,42.367297668721655,-71.07976235267718,138298,15.210210576550326,True,DS90281,530.5518281383801,DS90039,1105.596581913898
892a3074a73ffff,Everett,111.314701837686,21,42.40375464106555,-71.04024059239961,12461,63.178742738881745,True,DS90161,1550.4522580632029,DS3586,1770.6369497895553
892a30645c7ffff,Boston,111.0,3,42.33778518725341,-71.09625917018144,391183,25.511022084741843,True,DS90364,569.3943108383884,DS90421,942.2244835639075
892a3067633ffff,Cambridge,111.0,1,42.39989885622972,-71.15092422179204,274997,40.18456042641439,True,DS1556,1849.1116466254566,DS2535,1853.607649949552
892a3066ac7ffff,Boston,110.19669556429588,125,42.31801214829811,-71.08033625988404,126004,45.458142254888116,True,DS89942,833.8087294917817,DS3011,1349.0365874380154
892a3066653ffff,Somerville,110.13217615329256,1,42.39360431186167,-71.08723607443012,334056,43.153473686133374,True,DS3350,501.09576049841303,DS90357,812.5532168320777
892a306664fffff,Somerville,109.69041639599985,20,42.38765105675875,-71.09369326428583,329682,12.66153815350036,True,DS90420,903.5937256127494,DS3350,1111.3358470679552
892a3066257ffff,Cambridge,109.62935116555836,102,42.3716959138609,-71.10165051847288,373517,37.44738475177265,True,DS1111,382.9483247691393,DS2251,592.9613290237006
892a3075a63ffff,Medford,109.37313858029712,16,42.42060576627703,-71.11749284363393,316465,11.948210964138601,True,DS1530,692.284585178957,DS90146,1578.3063161084801
892a306617bffff,Boston,109.36091472931372,7,42.34764353714562,-71.06185035116904,161294,26.06211373889769,True,DS100118,157.81749290547648,DS90269,435.9410929453806
892a3066213ffff,Cambridge,109.2959338257408,34,42.372169954554096,-71.09361960416412,374041,12.571155374213225,True,DS1111,770.8748089160852,DS90039,871.3335952872997
892a3067113ffff,Cambridge,109.25949365132428,4,42.37269954533986,-71.12382270967375,356922,16.03182371875237,True,DS89959,470.713537001317,DS1058,1451.8131676591665
892a30654b7ffff,Watertown,109.0351805624502,14,42.36672981086949,-71.17220050846636,315929,28.37933637060078,True,DS1570,1348.4680417840457,DS90016,1449.8990467969788
892a306618bffff,Boston,108.28043764609396,2,42.35441761810082,-71.04486578969504,198499,11.009626658164846,True,DS90064,398.25483178485376,DS89924,1496.309770964071
892a30668cfffff,Boston,107.82285709996982,248,42.31795176141512,-71.05429832224378,184377,45.972640465714754,True,DS90103,530.1147618799225,DS3338,941.2613946755149
892a3074a47ffff,Everett,107.8025120784694,49,42.406794095874446,-71.04172091952543,12452,36.47947305834384,True,DS2539,1467.4059856480628,DS90161,1559.8637979861287
892a306742fffff,Somerville,107.17901684980583,35,42.39634238451641,-71.12528300006318,282726,10.113647688544956,True,DS3560,310.0394652363977,DS100488,1095.0923038737235
892a30654abffff,Watertown,107.03585517355168,6,42.365714886814125,-71.18110203947894,315724,15.47623437093525,True,DS1570,387.3836991003658,DS89981,1146.771461065249
892a3066a07ffff,Boston,106.49953030728888,131,42.30982488153554,-71.07928067603099,125284,18.90255200908124,True,DS3011,384.6524503423416,DS89942,606.8519342744568
892a30676d3ffff,Arlington,106.3707200466486,10,42.41703196215352,-71.15639997830273,258370,15.595896673027042,True,DS89739,428.3201819825214,DS1370,1259.5952744315202
892a3076e43ffff,Lynn,106.0161995813611,125,42.46565836051082,-70.96433414356372,68371,22.879026231621175,True,DS3535,596.2396665512466,DS2686,806.6172854826689
892a3393153ffff,Quincy,106.00880160323202,2,42.24227979193721,-71.02888346123208,17312,36.11793751832156,True,DS2163,1958.7375337240894,DS90190,2364.1602048248933
892a3064627ffff,Brookline,106.00234990625688,7,42.33928405768235,-71.13856190024781,349795,43.6192349248133,True,DS100169,343.41027194284914,DS95044,632.5660001677307
892a306623bffff,Cambridge,105.93256510423946,23,42.3641954040414,-71.09578963697668,378560,1.6323068770239064,True,DS3060,798.6095932147906,DS100269,828.8364519533519
892a3064c33ffff,Boston,105.44339655091628,122,42.28817617411711,-71.0920448346341,268437,46.63849428421099,True,DS89725,868.008990312496,DS2289,1093.511966433841
892a3064d4bffff,Boston,105.40764697482932,166,42.277736062164166,-71.09721107301857,272243,29.519334768570552,True,DS89826,1122.7051210314146,DS2289,1949.421223633191
892a3066323ffff,Boston,104.61201301795523,200,42.34244453075731,-71.07720905681059,140065,65.7705915447682,True,DS89677,776.2106922483674,DS90297,784.4489759057966
892a3064c3bffff,Boston,103.79828245189452,15,42.28809537127885,-71.09574072377235,268256,31.699644858219706,True,DS2289,1165.4976147476998,DS89725,1183.9951953170146
892a3066a47ffff,Boston,103.7182660904838,84,42.31296968061393,-71.09048228044956,267744,19.335605686850876,True,DS2788,919.8679011148287,DS3011,921.7802151398668
892a306686fffff,Boston,103.48468161841797,64,42.30498664172601,-71.06131648189158,163064,26.14503251932957,True,DS3425,406.6841614238487,DS100084,796.2651828217145
892a306458bffff,Boston,103.42069456634763,10,42.33711197287246,-71.09205925837342,391590,5.68359520797326,True,DS90421,735.0144461823363,DS3261,740.7789938909061
892a30675bbffff,Somerville,103.18481278599052,21,42.38775489984133,-71.10123233632869,329946,17.042056035019822,True,DS90194,948.3175463099362,DS90420,1098.7772418724758
892a33936cbffff,Boston,102.98779322269868,172,42.28289453759205,-71.05787236609966,172671,65.9843408933201,True,DS2936,1391.5772651701875,DS89736,1416.7146162653166
892a3064647ffff,Boston,102.78729241827064,12,42.35020830623344,-71.14989195598294,325790,36.934316915233815,True,DS2816,826.3768133674824,DS100177,838.5667135085672
892a3074a2bffff,Chelsea,102.34425014002572,68,42.39777225934807,-71.03406263766209,11830,51.9173958674947,True,DS89744,864.7141733915157,DS3580,1004.27549154572
892a306680bffff,Boston,102.05790902573774,205,42.3127530958684,-71.05467793263958,180162,44.884570150905,True,DS90187,215.20104824218572,DS90103,1045.0630731104861
892a306706fffff,Cambridge,101.898018291944,12,42.37968725876904,-71.15285740718438,271690,18.26684579754183,True,DS2481,977.3810544902145,DS90038,1369.3796484550278
892a3076e47ffff,Lynn,101.89400671691216,74,42.463912621701134,-70.96250210174829,75531,47.54563412850503,True,DS3535,447.5022015552569,DS2162,990.8403281794853
892a3066aabffff,Boston,101.8138760759096,61,42.31031000511198,-71.07446713237461,125549,30.58065598481696,True,DS89942,600.2065556800051,DS90426,861.3254377267308
892a3066c0fffff,Boston,101.61334197543546,7,42.329576111494426,-71.03580452681048,190118,8.230133563815004,True,DS90196,860.6566937964502,DS2133,1613.4407260831715
892a30641d3ffff,Boston,101.40425065479516,60,42.32382825795586,-71.11075395250825,257492,46.06540319126542,True,DS2711,727.9603806351148,DS1966,1612.0397691852227
892a30675cbffff,Somerville,101.36884937080256,46,42.39580417987133,-71.11693582477365,322811,18.28151049878555,True,DS3560,661.3371908501279,DS24854,1049.8997209870588
892a3065587ffff,Boston,100.40879973771116,97,42.35218963565035,-71.16256705806757,324749,28.226077696954626,True,DS2816,886.2781121765362,DS89690,1359.0187502453614
892a30665dbffff,Boston,100.26116724051194,218,42.38014785101138,-71.03767686738016,14109,51.646829762770224,True,DS1965,833.6112018251914,DS3252,918.0366930653436
892a30646afffff,Brookline,99.67999184493644,102,42.34511003228504,-71.13309596975937,348573,117.98274993392006,True,DS90346,756.1646610259269,DS95044,978.9918880120968
892a3076ecfffff,Lynn,99.60039137048722,44,42.46780900503915,-70.95801732540545,68517,18.08485834193709,True,DS2686,388.05806734477716,DS3535,1117.390713135154
892a3064cbbffff,Boston,99.59648564790793,36,42.29400256280707,-71.08894575828302,267956,23.524326135352595,True,DS89725,89.91504463812846,DS90311,1630.6881349260887
892a3064217ffff,Boston,99.55713455996082,3,42.33231298983844,-71.154560862211,337481,6.592511516112867,True,DS3391,783.2459045409425,DS90317,1363.6031168008697
892a30668c3ffff,Boston,99.52730952768208,22,42.32027114962071,-71.05378298978002,184356,21.267247350061734,True,DS90103,451.0093034814302,DS3338,591.93059215539
892a306448bffff,Cambridge,99.25544383373028,54,42.3560730838456,-71.10754606490765,363434,10.190778629807534,True,DS90185,989.9572411448333,DS3060,1377.3956910918444
892a30759d7ffff,Everett,98.76157510301704,57,42.414501800284725,-71.06230423625405,393686,30.613681349688747,True,DS90161,1368.482451321799,DS90048,1436.1443066601125
892a339347bffff,Quincy,98.12535684211396,3,42.27259502017008,-71.03091602659605,178430,31.410833005643617,True,DS100309,61.68334855248454,DS2669,544.561554798268
892a3393587ffff,Quincy,98.0,1,42.25914705000001,-70.9952194,39418,28.31566936828596,True,DS3084,928.9212170121351,DS2951,1354.728047884547
892a3065923ffff,Boston,98.0,1,42.267307135863554,-71.17105705833838,193582,57.239762938057126,True,DS3163,1729.5857669285756,DS2667,2614.8597062979948
892a30671c7ffff,Cambridge,97.83592265951182,18,42.37434856665902,-71.12505017302061,356852,24.101913927723743,True,DS89959,575.6446555404851,DS1058,1541.0502475633284
892a3393447ffff,Quincy,97.58564025965208,15,42.2745609313275,-71.02763123902938,178328,19.07280218483139,True,DS100309,530.9988246638442,DS2669,554.0056857803311
892a3074817ffff,Revere,97.54661529838054,124,42.40667819942903,-70.99771382792338,29019,38.179740951391004,True,DS89919,418.9904782528787,DS89834,1436.5165044726002
892a30748a7ffff,Revere,97.5383328309296,15,42.40037032431797,-70.98762128844936,35843,28.122701887683377,True,DS89919,1256.7750991975827,DS89834,1418.2588316048643
892a3066107ffff,Boston,97.3723591940809,1,42.348671998978816,-71.0484085216274,196908,22.49277125070701,True,DS90064,497.52013670724205,DS89924,1083.2321887194996
892a3067543ffff,Cambridge,97.19253742338653,22,42.39070948943515,-71.12043945354175,282132,46.41191748447792,True,DS24854,432.71833037947334,DS3560,730.992030576303
892a306698bffff,Quincy,97.09574165284243,1,42.2999473617627,-71.03121574125167,179300,34.68075966255776,True,DS2932,2031.4956164190537,DS89736,3203.1626984312247
892a3074c8fffff,Revere,97.09214110592195,5,42.42831561271037,-70.98010323178411,37463,21.822658660528706,True,DS89919,2941.889325020349,DS95032,3830.6493209031105
892a306646fffff,Boston,97.02702095916425,36,42.3797910881305,-71.06006529024714,388465,4.555503577192659,True,DS90397,685.0679962355086,DS1529,773.2617037809515
892a3066abbffff,Boston,96.6719203671678,92,42.31290352674887,-71.07277111488739,166987,14.064546425987142,True,DS90426,726.298678219663,DS89942,765.3347605062637
892a3065517ffff,Boston,96.46473250250442,119,42.349855343341794,-71.16816511317745,330865,34.185666849491234,True,DS2816,1057.11298654689,DS89690,1915.452543362912
892a3064b83ffff,Boston,96.38712590499496,44,42.26101526471836,-71.11862214529737,251102,11.681323933876454,True,DS1716,996.5765871715712,DS3239,1453.9954669662366
892a3066b53ffff,Boston,96.18705087210674,158,42.29911747283119,-71.07491434061603,125460,14.662078275522756,True,DS90274,628.9907752252608,DS90380,1075.686518205476
892a3064b33ffff,Boston,96.10806510300272,6,42.25125077203201,-71.12298013234842,249509,21.12860040772941,True,DS3239,488.84561370500467,DS89797,1282.9664560879746
892a3074b53ffff,Chelsea,96.04237536507952,33,42.39255810608259,-71.02702581591173,19005,24.38667892789986,True,DS89744,710.9710959483314,DS3580,901.618284940918
892a3064e2fffff,Boston,95.86534023456572,12,42.28380399701788,-71.12679252869358,251717,48.72997249954745,True,DS1243,543.5606893147212,DS3335,577.4850479273374
892a3064123ffff,Boston,95.82824212834932,3,42.30447340989578,-71.10936845119876,258083,7.444835614713407,True,DS1966,1279.038690329543,DS2788,1839.20684791284
892a3064a93ffff,Boston,95.63999121518194,13,42.28292435569156,-71.13136299352757,243486,47.78433053908583,True,DS3335,558.0045624085369,DS1243,564.238920726914
892a30641a3ffff,Boston,95.49618507444164,15,42.30931926525533,-71.10196750541647,267001,32.574573406088,True,DS2788,1341.3932312845236,DS1966,1344.966114533429
892a3064283ffff,Boston,95.29654763573862,11,42.33687803484598,-71.14808829001777,337713,56.21029654102711,True,DS3391,148.40300625677315,DS90317,887.2816965297644
892a3074c3bffff,Revere,95.15205583383327,1,42.42067142049909,-70.98635362556018,37322,22.227225463286377,True,DS89919,1885.2924250857307,DS95032,2774.0524209684913
892a3075d5bffff,Malden,95.121599583274,35,42.43005298564612,-71.05999851057686,399318,11.223699307772137,True,DS89987,838.4548732247683,DS90316,931.2609517816431
892a3064e43ffff,Boston,95.11438300306378,1,42.29488381286275,-71.13836806041839,237611,20.503613143042944,True,DS3335,1398.214088300469,DS1243,1428.335258980034
892a3066843ffff,Boston,95.02354161877749,114,42.31520607617485,-71.06074997694799,162590,14.62838443064479,True,DS90187,593.3102578276246,DS90103,850.9368957115588
892a307613bffff,Lynn,95.0,58,42.47647181428419,-70.9393908735887,67319,36.14397217490725,True,DS100557,733.7561435293735,DS2239,850.9077140624369
892a306622bffff,Cambridge,94.8845820442068,6,42.36176454063499,-71.09796709848958,378673,16.38568978387961,True,DS3060,647.81288876756,DS100269,891.364646225159
892a3066327ffff,Boston,94.61384120085076,136,42.33926367750807,-71.07673480142245,140000,51.43836743463416,True,DS89861,757.4481073551268,DS90419,898.0156390025348
892a3075cafffff,Malden,93.8795001103685,10,42.43884648874753,-71.05395012835052,396197,52.498740659132075,True,DS90279,1651.3040869266001,DS89798,1890.660450726174
892a3067537ffff,Somerville,93.3248556228322,68,42.37928152766285,-71.10376020871014,328653,30.627873034893238,True,DS3051,662.5173205919286,DS2251,684.3575193907957
892a3064527ffff,Boston,93.32229574209356,77,42.32017881130527,-71.09164628430307,267578,35.243378138956245,True,DS100083,781.413936497015,DS2788,806.8247383205519
892a3062b0bffff,Arlington,93.29744847814138,18,42.42494097468224,-71.17513730950857,259732,35.06334539231667,True,DS2798,1179.619680785672,DS89739,1563.249043288382
892a3067507ffff,Somerville,93.19534364666576,19,42.3849258606057,-71.10742224818333,328113,18.298558325581066,True,DS90194,371.35997367375677,DS24854,1306.5949239232912
892a3064107ffff,Boston,93.0,3,42.31027315809475,-71.10911411451156,257792,24.301316451903496,True,DS1966,589.3930440157886,DS2711,1282.616557928589
892a3074b4fffff,Chelsea,92.65239251923472,172,42.38835036395049,-71.03094343331917,17857,39.216213149331715,True,DS3580,775.4242443974739,DS89744,798.7721490566514
892a3393507ffff,Quincy,92.52505665603444,6,42.25396208926128,-71.00263122019577,39081,63.2428588594311,True,DS3084,1089.0127928839345,DS90190,1393.510616955699
892a3067423ffff,Somerville,92.38953268890464,80,42.39868963719343,-71.12283961953152,282415,50.891031047946285,True,DS3560,332.3101253598597,DS100488,985.6575636018435
892a3066ad7ffff,Boston,92.33851796732608,155,42.32054760719356,-71.0785302513037,125829,41.9408718415849,True,DS89942,846.1566897209345,DS100528,1317.2857350467964
892a3066927ffff,Quincy,92.20335424578808,6,42.282657436260585,-71.03166476248917,174107,59.99429512260322,True,DS2932,1017.9702090200417,DS89736,1354.9189290227737
892a306650fffff,Boston,92.16179903920391,11,42.366627325811606,-71.03629854071833,209254,15.127566264057918,True,DS90332,585.0639028904789,DS3252,1156.3869556778684
892a306450bffff,Boston,92.06873459156104,9,42.3309600098917,-71.10068648919672,390754,8.507826776743988,True,DS90375,707.7273054643852,DS90421,823.6884858296792
892a3393537ffff,Quincy,91.90905047653784,70,42.24797546450899,-70.99825686959878,40337,32.85276643624228,True,DS3084,800.2674910280854,DS90190,976.7076234299029
892a306466bffff,Boston,91.80450390715902,3,42.34498405554629,-71.15439214093503,326202,52.69767093779051,True,DS2816,860.4185299679018,DS90317,1053.6771506225946
892a3075bb7ffff,Medford,91.7550081709258,2,42.40384899538003,-71.08063760348207,382595,10.844472499494909,True,DS2912,492.84997703206864,DS100163,1016.502262356676
892a30664b3ffff,Chelsea,91.60109835185663,161,42.38830809251608,-71.03494249130259,14618,59.532309088604876,True,DS3580,533.6996586426809,DS89744,560.7137817046096
892a339a48bffff,Boston,91.48002156157112,76,42.26142881812682,-71.15435882277518,225256,69.97129296855869,True,DS2770,1709.1515315451272,DS89682,2235.409169996459
892a306681bffff,Boston,91.3958850549011,130,42.31525434446046,-71.05331341792707,180160,22.25456749741039,True,DS90187,544.4578333443116,DS90103,819.8577569589772
892a30662dbffff,Somerville,91.36594809631568,36,42.37985849741872,-71.09955354009728,328786,32.82965568427919,True,DS90194,831.498202784307,DS90015,1010.7889336357431
892a3066b0fffff,Boston,91.31375800579208,184,42.2912803684495,-71.06833796434748,167479,27.799185055470236,True,DS90311,459.36551556268023,DS89962,702.0270199749622
892a3066937ffff,Quincy,91.1405791927774,1,42.28497239639426,-71.02908412201539,174167,13.59279823607049,True,DS2932,673.6158544704822,DS89736,1638.7653636948598
892a3066a0bffff,Boston,90.98741555025389,105,42.31263178292616,-71.08546208325058,126252,39.07872258524398,True,DS3011,610.7333899871675,DS89942,660.1135113128281
892a306740bffff,Somerville,90.8700391442248,8,42.40749897834527,-71.13046728162675,287495,13.088867701219483,True,DS100488,488.91407405454976,DS2535,1010.9981728953825
892a30649d3ffff,Boston,90.54653038978556,231,42.26700029722305,-71.09785792012643,269077,64.90587959245491,True,DS89826,636.3344252155729,DS2289,2199.6622577881794
892a3066a43ffff,Boston,90.40721641948925,120,42.314932707798256,-71.09175194064447,267535,56.6205676879737,True,DS2788,789.9253779309254,DS100083,1099.807342953719
892a3064683ffff,Boston,90.262503094455,50,42.35499620893056,-71.13242676275564,351587,18.05876701699611,True,DS89830,262.94118996389716,DS90346,730.0616679391145
892a3066647ffff,Somerville,90.01797942560029,9,42.387487154960944,-71.08678914883033,334928,7.455809677397674,True,DS3350,578.6941376396369,DS90420,1088.599630737239
892a30759dbffff,Malden,89.97753657298632,10,42.41722667969415,-71.06716107005083,400995,36.62575875519168,True,DS90048,815.6526830389328,DS2338,1084.2310755299216
892a3064cafffff,Boston,89.01682164791502,163,42.28847894352885,-71.08796921759044,120811,14.761418550837508,True,DS89725,823.9141077010585,DS2289,831.0046622651369
892a30662cbffff,Somerville,88.68203425495352,117,42.37724259809331,-71.10228754244632,369436,3.5662801000202387,True,DS2251,380.9368926179955,DS1111,479.97140616402885
892a30648a7ffff,Boston,88.0933257182395,106,42.26956542394799,-71.09973397970367,272309,37.079278398094246,True,DS89826,844.4283925995597,DS2289,2279.977281071777
892a306462fffff,Brookline,87.87951775777786,18,42.3392426096804,-71.14169525981843,349819,43.588319899418025,True,DS100169,534.9594394598384,DS89804,558.2231037689278
892a306408bffff,Brookline,87.69646087595828,4,42.33675477952153,-71.12146532751699,343666,21.812053664698308,True,DS2760,136.82383902672086,DS3044,368.683953495975
892a3066c17ffff,Boston,87.69426497254281,123,42.33198652786445,-71.03047272435272,190461,2.6002764621921153,True,DS90196,952.0394945800778,DS2133,1790.505649579852
892a3066c8fffff,Boston,87.34542370973804,117,42.33350383144144,-71.02797788954572,190393,66.01756472827009,True,DS90196,975.840222929213,DS2133,1814.3063779289869
892a3064abbffff,Boston,87.16064365734938,21,42.27549677396853,-71.13465518104847,244296,21.68669150446952,True,DS89682,888.8813729568734,DS3335,1633.9975212023892
892a3064297ffff,Brookline,86.9410771297927,19,42.336567041348594,-71.1445885027774,338769,17.40029641584098,True,DS3391,613.7334126541798,DS100169,797.5530867892819
892a30675b7ffff,Somerville,86.86204137285183,5,42.38464324782021,-71.09378267774086,329597,28.279754062281125,True,DS90015,1127.6292241625208,DS90420,1218.202089768511
892a3076ec7ffff,Lynn,86.42405001554133,130,42.4686244089591,-70.9528260593348,68664,35.165832206211384,True,DS2686,712.1358685238514,DS3466,965.39793565301
892a30664a7ffff,Boston,86.13931668037623,130,42.382105675025166,-71.03543443426996,14226,28.600730969658866,True,DS1965,1003.8957173179139,DS3252,1088.3212085580658
892a3075b4fffff,Medford,86.1243774016692,221,42.40662655721637,-71.10748835633696,317669,76.5193520419838,True,DS3299,1256.1622616515679,DS1530,1665.4978025007235
892a339319bffff,Quincy,86.0,1,42.24509374618478,-71.0140463312674,38134,22.792004069263978,True,DS90190,863.6605385348988,DS2163,1762.78095789007
892a3392c07ffff,Weymouth,85.89669613323953,11,42.197857067738525,-70.92833350792579,98627,32.36539504640669,True,DS3524,1606.360857666795,DS3014,1638.9402804809467
892a30676b3ffff,Arlington,85.76410545961885,28,42.40599917488636,-71.14316923472914,293364,36.5060648653254,True,DS2822,414.72687105325366,DS2535,742.9475045446798
892a306585bffff,Newton,85.70904342856619,1,42.29768375094946,-71.20269057928951,182912,44.580958129226445,True,DS90339,2226.94090929723,DS2720,3210.2288929003944
892a339266fffff,Quincy,85.44748031828581,72,42.24867166163564,-70.98531393289257,39769,15.648543836489276,True,DS2951,608.5982361902294,DS3084,1213.8088910582087
892a30654b3ffff,Watertown,85.38124826867546,5,42.36832944923433,-71.17314787457022,315194,25.919195782294693,True,DS1570,1151.5606518020247,DS90038,1603.0349410134893
892a3074c07ffff,Revere,85.18920754873834,3,42.42371261098338,-70.98373779980874,37404,27.395075821288387,True,DS89919,2256.6137146743986,DS95032,3145.37371055716
892a3075b13ffff,Medford,85.0049768324579,2,42.40898549836847,-71.09291557681127,312166,6.372377495775792,True,DS2912,1437.9507269598505,DS90148,1997.9320421303323
892a3074907ffff,Winthrop,84.52286859657912,13,42.38437300440155,-70.98359010040934,36254,46.881409824613336,True,DS2729,1320.7902412418334,DS89660,1698.8692476044598
892a3064857ffff,Boston,84.4327036331539,103,42.27766761961096,-71.11882296277864,254897,82.41730499237497,True,DS2973,843.8492643432074,DS1716,1363.9602689369356
892a3064d4fffff,Boston,84.42550532373923,82,42.27544860821529,-71.09491239846628,272186,45.32665585697264,True,DS89826,721.0640294154504,DS2289,2060.7876520136706
892a3066623ffff,Somerville,84.41212433253105,1,42.379407813037886,-71.07932992735041,381617,47.39688589696378,True,DS2493,1207.0362301608563,DS90015,1541.5740600115305
892a30649dbffff,Boston,84.0183385784334,177,42.2668763751748,-71.10198621374713,272344,44.032897829735695,True,DS89826,1304.8878787724793,DS1716,2090.9192972202227
892a3390033ffff,Braintree,84.0,2,42.19427082916668,-71.01934918613935,402196,18.502812717565494,True,DS90182,2043.3616955066766,DS89991,3313.8700511390557
892a306738bffff,Watertown,83.96381768292524,19,42.37386299579818,-71.15239469369851,319543,13.405550590176128,True,DS2481,456.66046871816303,DS90038,524.7332090409943
892a3067427ffff,Somerville,83.481797371492,40,42.39594314806249,-71.12057691315067,282260,15.521768054100571,True,DS3560,222.7926337958498,DS24854,966.8892143715218
892a339343bffff,Quincy,83.40969405176756,2,42.26944738241902,-71.02168197716438,16438,22.899796064644494,True,DS1534,607.5368646833075,DS2669,1076.049902864709
892a3393437ffff,Quincy,83.30593152286013,32,42.26762281391083,-71.01458535649697,38636,53.49600934696919,True,DS1534,544.1779109142751,DS2669,1625.3473425563602
892a306754bffff,Cambridge,83.10061166067725,109,42.39062797994226,-71.12559104400853,281998,42.47144525925962,True,DS24854,833.3246676774016,DS3560,907.4001063887937
892a30675d3ffff,Somerville,83.03110223574078,12,42.39876543717943,-71.10900030498782,322106,9.562006851737037,True,DS3299,532.2527117181354,DS90420,1365.2143485838064
892a3066867ffff,Boston,82.800786431412,10,42.30496601105152,-71.05777157523569,179811,21.500773099783544,True,DS3425,217.79873743657873,DS100187,929.3074937871928
892a3393553ffff,Quincy,82.15994452739966,12,42.26137893232119,-71.01585421885962,38464,10.361738737605451,True,DS1534,976.3455214343862,DS2669,1670.0592140631018
892a306666bffff,Somerville,82.11518497211921,17,42.38231471899113,-71.0933386379641,329374,42.12862236818816,True,DS90015,793.0626455192593,DS2251,1349.0512210162956
892a30648cfffff,Boston,81.93850188599932,127,42.28031291306603,-71.11730267490273,261931,15.398518065227083,True,DS2973,795.8311801595979,DS90243,1669.9798977885416
892a3064d5bffff,Boston,81.60061962945367,169,42.28034196074662,-71.09518839382058,268290,55.0426605835567,True,DS2289,1347.4337284004332,DS89826,1665.9667243905556
892a339a483ffff,Boston,81.53229581202825,114,42.26159134528186,-71.15105818045116,225423,64.55292627447113,True,DS89682,2112.4515362127204,DS2770,2245.6444762370534
892a3066b5bffff,Boston,81.1599299418843,166,42.29916164690946,-71.07910647788853,125398,72.4531671493963,True,DS90274,1073.6208238448937,DS89725,1343.5894584367454
892a3066a13ffff,Boston,81.1395719739388,123,42.31529248555611,-71.07881360478576,125932,18.788099114793447,True,DS89942,238.07843254069303,DS3011,908.0479672354365
892a3066b33ffff,Boston,81.06567235636109,233,42.28847217462646,-71.06166742491149,168690,72.38220800945051,True,DS89962,453.79476114684434,DS100187,1144.6393094872358
892a30641c7ffff,Boston,80.86773619502509,9,42.31793070558681,-71.11184233745313,257380,51.353602659569034,True,DS2711,304.49746391254484,DS1966,844.2675335737276
892a30644b3ffff,Boston,80.44466322495722,30,42.350132462305005,-71.0979928119559,384195,11.670839971754416,True,DS89999,855.042989121775,DS1974,1514.0667080831572
892a3066e97ffff,Boston,80.44351383694281,57,42.33582994894992,-71.0511990145339,185567,22.400271061247338,True,DS100087,449.3302948806814,DS2133,473.8298810282214
892a3067093ffff,Cambridge,80.42448519132199,42,42.3961193833081,-71.13019782164835,283129,5.2033042008637915,True,DS3560,812.0730389565763,DS2535,1010.8547269413102
892a3066e67ffff,Boston,80.38576429689496,116,42.32308039406218,-71.07170561255063,166932,46.37859989036092,True,DS90020,834.9818082793757,DS3430,974.7344878600716
892a3075bdbffff,Medford,80.2358768229627,27,42.417489554132665,-71.09890308439861,312598,28.085423504886958,True,DS1530,1321.558701422856,DS90148,1340.8089825564484
892a306664bffff,Somerville,80.01451587598987,51,42.39058934862707,-71.09436249462203,333800,11.868543213855359,True,DS90420,466.41633445974185,DS3350,1038.4464328364052
892a306686bffff,Boston,79.96968623392888,65,42.30670786641842,-71.0633685710525,163149,37.3550983761661,True,DS100084,456.24455095828364,DS90380,569.1713787034616
892a33935afffff,Quincy,79.93654522359863,60,42.25069895675343,-70.99677782215339,40289,24.399762493377477,True,DS3084,462.0372625770094,DS2951,1058.2392036881795
892a3064163ffff,Boston,79.7986760518385,29,42.30761436541189,-71.11918141169906,256123,26.96345905033962,True,DS1966,842.0007741328731,DS2711,1740.0058998062614
892a3066627ffff,Boston,79.7506792093474,3,42.37789420024885,-71.07427887533271,387561,73.28052236334884,True,DS2493,861.5684765777028,DS1529,1406.3008354709186
892a306e597ffff,Waltham,79.61213815001223,4,42.37352437142645,-71.23580598098381,296955,18.241440356897773,True,DS90089,539.7210404907686,DS2821,934.5835400377334
892a30670bbffff,Cambridge,79.53485638592326,5,42.38848110855025,-71.13125837159183,277113,55.82631894238363,True,DS24854,1306.2446562851717,DS3560,1390.7051857053114
892a3066b13ffff,Boston,79.00593243142842,59,42.29609168619422,-71.06347601081276,168556,59.05963767694865,True,DS100187,370.29677194360715,DS89962,697.8961048338015
892a302b24fffff,Winthrop,79.0,1,42.38818060351287,-70.96899879283691,35905,49.44705869629562,True,DS2729,2478.0367599449846,DS89660,3163.892567117827
892a33922d3ffff,Quincy,78.60020055903566,30,42.2485644533398,-70.98882841707426,39954,49.96484275632103,True,DS2951,571.6274754397995,DS3084,1002.0051198937442
892a306639bffff,Boston,78.40007749915002,10,42.35803070869888,-71.07197575140418,150216,57.84475219553947,True,DS90371,223.75791802551916,DS2294,292.6833914258328
892a3076c4bffff,Lynn,78.29679216589815,131,42.46637823520364,-70.93760434332731,66979,35.01488122366997,True,DS2236,559.8192639491024,DS90390,678.5349890209249
892a3066eabffff,Boston,78.10086278583475,26,42.32852025045171,-71.056969670549,185003,7.569850026411413,True,DS100146,280.6514973895884,DS3430,1000.793558544106
892a306648fffff,Chelsea,77.98598881860845,82,42.38994324195439,-71.04139440948495,13494,17.9138443241584,True,DS3580,600.7330716699283,DS89744,807.9564492121151
892a3392663ffff,Quincy,77.82357066285182,99,42.25046692081607,-70.98396080255935,39703,55.939891954969916,True,DS2951,500.6528294546859,DS3084,1116.649091172083
892a30662c7ffff,Cambridge,77.77563729049683,6,42.37322709152071,-71.09556537243475,373916,22.280109119559455,True,DS1111,543.9136894941723,DS2251,745.3423969570648
892a30758c7ffff,Malden,77.75115983374566,58,42.43088157843047,-71.07864164062318,401761,37.39941929764221,True,DS2205,1295.4369299794,DS90316,1406.2114469257256
892a306750bffff,Somerville,77.64762017223413,19,42.38754910162499,-71.11579194211129,323531,33.24522840640822,True,DS24854,471.153385175905,DS90194,1042.6140090156373
892a3066bcfffff,Boston,76.75273092743403,76,42.2993179563511,-71.07110304568292,167172,47.439890826057294,True,DS90274,564.0418257509054,DS90380,1018.413739480605
892a306510bffff,Newton,76.61267455810459,7,42.33126740397322,-71.19257707365922,336135,14.824320232113445,True,DS90289,374.9482422158501,DS2146,406.88232536490784
892a3066673ffff,Somerville,76.51887558706458,75,42.38558779354213,-71.08503427877109,334738,32.52687977553196,True,DS3350,941.8344215972206,DS2493,1234.004791013673
892a3067403ffff,Somerville,76.44897630746958,3,42.407096963717926,-71.12610545794082,287697,62.77146719827382,True,DS100488,679.6706153773019,DS3560,1399.681156329019
892a3066bc7ffff,Boston,76.2293140353284,13,42.30015010668805,-71.06655181226321,167289,25.003976373265015,True,DS100187,625.2165906429802,DS90380,735.4167329666478
892a306412fffff,Boston,76.19618679778455,6,42.30084349421335,-71.11249270966158,261185,18.14340913605687,True,DS1966,1418.8882034358994,DS2973,1946.5719535861574
892a3064173ffff,Boston,76.1784773596215,24,42.30981033286866,-71.11782134980159,256892,88.9464947497725,True,DS1966,463.827330083527,DS2711,1293.825077557393
892a3075917ffff,Everett,76.13611079099996,26,42.40762058644824,-71.05814818300058,389977,15.226333691835789,True,DS90161,485.07866779513984,DS2539,1535.1233585364218
892a339358bffff,Quincy,76.10177961344951,17,42.26086187126936,-71.00205446844868,38907,15.027931535796737,True,DS3084,1338.1481548557406,DS1534,1702.7948280149008
892a306469bffff,Boston,76.07004459571259,94,42.35834803879733,-71.13505641300458,351651,12.293365035746941,True,DS3218,575.2857045533751,DS89830,823.3187863225319
892a30640a3ffff,Brookline,76.01366764113004,1,42.32965558702446,-71.1157270733212,387123,45.994752376306124,True,DS2760,1165.0479487460286,DS3044,1192.271116444874
892a3066a27ffff,Boston,75.69857942404305,108,42.301689201542025,-71.07679938294021,125434,18.833830725749134,True,DS90274,872.5699987827841,DS3011,1087.4621439175455
892a306563bffff,Newton,75.58990900505891,6,42.36365505073419,-71.21779260297997,304401,29.30705820685508,True,DS2849,1774.2436966898517,DS90349,1908.9160948655847
892a3066573ffff,Boston,75.26228163035053,8,42.367175580972486,-71.03951323096564,209221,13.668330120276572,True,DS90332,401.7009404129808,DS3252,976.6551383045563
892a3062b33ffff,Arlington,75.19109816721105,3,42.41998932854432,-71.16722458364539,254883,42.08726625551276,True,DS89739,749.9442607193964,DS2798,1884.0452777593296
892a306555bffff,Newton,75.01410011941637,4,42.35463875240789,-71.1862597494417,308591,12.107698049575083,True,DS89742,453.6230430309493,DS1537,1360.3323697084463
892a3074a03ffff,Chelsea,74.93426085800114,2,42.40683820593536,-71.03192738725993,11493,13.585617840385092,True,DS3586,1198.3912720265225,DS2701,1632.7759890528407
892a306758fffff,Somerville,74.81230556246176,68,42.39055398102303,-71.10386005420493,321718,14.270792608545227,True,DS3299,1067.2096195595052,DS90194,1084.011447806171
892a30644c7ffff,Cambridge,74.54887918519364,94,42.35629233609698,-71.11081326739532,362845,25.634533053572547,True,DS90185,886.9532940997723,DS3060,1319.0627574570105
892a306e9b3ffff,Needham,74.5020917006884,1,42.29243897870946,-71.23857359208203,171696,66.92572011130137,True,DS2720,573.9851174482088,DS1375,1642.1151393302393
892a30748dbffff,Revere,74.26735954954334,187,42.41749416841981,-71.00558779475524,37860,27.153519939916244,True,DS95032,943.4456987874422,DS16477,1010.0815117425442
892a306730bffff,Watertown,74.18915294210463,59,42.36923791821255,-71.16063309605869,318891,36.18475324641742,True,DS90038,406.78944700440627,DS90016,1169.2414918947266
892a3064017ffff,Brookline,74.15175872075325,26,42.33131413966113,-71.12185364639113,343303,44.64614198624551,True,DS3044,574.6514554593138,DS2760,751.3502309841192
892a3392297ffff,Quincy,74.07147629478233,21,42.243327997820685,-70.97834858737379,46759,27.87540102403225,True,DS2805,1042.2045362306062,DS2800,1389.8241627239554
892a3064b0fffff,Boston,74.0,6,42.25371042866469,-71.13158406203415,244182,19.001080710310173,True,DS3239,1283.7219575048807,DS89797,2031.4518729815481
892a3074aabffff,Chelsea,74.0,3,42.4043618374526,-71.02730291673518,19260,12.283590530565442,True,DS3586,595.486366334723,DS2701,1006.3977411098523
892a3066ed3ffff,Boston,73.96426117515962,16,42.34309318901779,-71.06577401198035,161759,30.98680930918561,True,DS90269,404.9986458336033,DS100118,721.1090617533629
892a30648afffff,Boston,73.72978822423825,224,42.26957336104592,-71.10411940147063,272485,21.35798943689545,True,DS89826,1260.7168882827664,DS1716,1830.1010445935897
892a3076c43ffff,Lynn,73.66136611794765,182,42.4658806235174,-70.93366069820445,66967,20.146563154749046,True,DS2236,917.0161808878299,DS90390,1035.7319059596525
892a3074833ffff,Revere,73.6034926853865,74,42.40212830333646,-70.99729342837077,29517,41.402769148400665,True,DS89834,726.4631371104525,DS90024,781.8591168569302
892a3064187ffff,Boston,73.46384758767397,141,42.315498629658805,-71.10052094214203,266377,54.45251827665761,True,DS2788,619.8217200387754,DS100083,766.9012664460727
892a306666fffff,Somerville,73.46270220121016,14,42.379895330882086,-71.09075693376796,335390,4.396044331158178,True,DS90015,422.7464971544974,DS90039,1017.1315241445549
892a3066a87ffff,Boston,73.2501765963451,72,42.31567274685921,-71.0708442435926,166974,35.29374853397519,True,DS89942,993.3731132454219,DS90426,1024.1501653239695
892a3066c03ffff,Boston,73.00554959145248,284,42.331611821779646,-71.03392010261298,190061,16.841146169867116,True,DS90196,714.2216947648526,DS2133,1552.6878497646267
892a3067527ffff,Somerville,72.98792071212694,74,42.377304778608654,-71.1048341202617,328601,12.95865537502377,True,DS3051,391.35661140357547,DS2251,413.1968102024424
892a306e9bbffff,Needham,72.85359671862567,4,42.29350560633823,-71.2425772534129,171671,12.540799239389568,True,DS2720,707.8281298761174,DS1375,1940.9038360544605
892a3074b57ffff,Chelsea,72.40841890409875,26,42.39061212997535,-71.0252771084398,18724,52.56715761149343,True,DS89744,1288.6660974353754,DS3580,1479.3132864279619
892a306487bffff,Boston,72.37625760170779,34,42.27252121950546,-71.12387541755844,251608,52.41572765858857,True,DS1716,897.7733938776415,DS2973,1785.9181167104134
892a30662c7ffff,Somerville,72.26575188757145,23,42.37508918772214,-71.09592696059691,373893,11.074696104382841,True,DS1111,616.116915478376,DS90015,788.4030448132994
892a3066acbffff,Boston,72.08557593360462,41,42.3201123555604,-71.08731224842116,126959,22.359033470845247,True,DS100083,1118.97603685122,DS2788,1121.1608356940237
892a3066417ffff,Chelsea,72.08329743986987,131,42.38782899557622,-71.04309828676857,13589,24.47880053813042,True,DS3580,868.6869074167072,DS89744,1025.1682094290989
892a3064437ffff,Boston,71.60152420185457,19,42.34191814573992,-71.10484388546884,385841,11.226002146501942,True,DS2532,497.17736698763196,DS90256,573.6212331834197
892a30646a3ffff,Brookline,71.57087218648988,111,42.347133710884336,-71.13076417940249,348570,95.44959251151998,True,DS90346,653.2917156154277,DS1978,1052.8721048299021
892a3066663ffff,Somerville,71.50516743255692,17,42.38201024883953,-71.0878621183459,335640,44.779827566087405,True,DS90015,926.834630180188,DS3350,1328.3191020491986
892a3392cafffff,Weymouth,71.46999156055037,7,42.19510751395967,-70.92075164820639,98266,18.63502236077483,True,DS3524,966.77168142335,DS3014,2358.5903572207667
892a3066a37ffff,Boston,71.2634122601898,103,42.30421661081531,-71.07477904662045,125512,22.93175820866603,True,DS90380,730.6634231911174,DS100084,830.5552764588406
892a3076e1bffff,Lynn,70.99926717368861,158,42.46589617300722,-70.95591736885655,68540,48.35573744323729,True,DS2686,789.7832536476774,DS3535,987.8099102590896
892a306457bffff,Boston,70.77648638260807,2,42.32802998331029,-71.10885997553189,387229,28.701566489737935,True,DS2711,1241.911613894389,DS100078,1262.0668438045388
892a3067593ffff,Somerville,70.76107474726759,31,42.39574809717597,-71.09931415031787,330183,20.35666690590311,True,DS90420,528.4009947209234,DS3299,554.7154688156971
892a3064d6fffff,Boston,70.34111361379999,6,42.26745261459308,-71.09434779398363,272045,2.4382214788141807,True,DS89826,350.8855681428336,DS2289,1895.195893824538
892a33935a7ffff,Quincy,70.30343368523592,2,42.25101432580631,-70.99180620520076,40113,86.34474542593277,True,DS3084,619.7040266978316,DS2951,759.1973033053766
892a3066c8bffff,Boston,70.02941039350664,97,42.33696921922408,-71.02847888836516,190663,22.85939455649385,True,DS90196,825.7635396044642,DS2133,1780.3206918845287
892a306561bffff,Waltham,70.0,1,42.3704924172889,-71.22041792352012,302110,17.20260942053723,True,DS2849,1374.3255329945541,DS2494,1461.5721745682745
892a306541bffff,Watertown,69.9910169978275,98,42.37169707184796,-71.18934817923568,314747,28.35309663295791,True,DS89981,357.5005368352116,DS1570,891.1037375508212
892a3064e97ffff,Boston,69.88286662791721,43,42.29908465370437,-71.11449201037661,261302,22.41268599772246,True,DS1966,1560.5151261811234,DS2973,1833.3085536057654
892a339a49bffff,Boston,69.82154901786254,96,42.26395307359996,-71.15210935694422,225291,8.735197600642326,True,DS2770,2035.482246829329,DS89682,2106.940897866665
892a30748cfffff,Revere,69.74938587516725,89,42.41151462575775,-71.00584275129141,28731,28.245002936699695,True,DS16477,490.2806052975755,DS95032,516.996642408508
892a3076e0bffff,Lynn,69.70719456747531,99,42.46319219656289,-70.95782839058192,75384,17.016878076918854,True,DS3535,602.421896262888,DS2686,1024.730150496487
892a30748d3ffff,Revere,69.61882222292554,148,42.41732779726622,-71.0012129089032,37897,45.13566413825448,True,DS95032,1384.1111153535467,DS16477,1450.7469283086486
892a339a487ffff,Boston,69.57057433874883,37,42.25891814648214,-71.14848254884069,225379,24.167403702305155,True,DS2770,2221.591031096657,DS89682,2530.080373986514
892a30641a7ffff,Boston,69.50381492555836,14,42.307770121993,-71.10062800533485,267024,44.19070393167878,True,DS2788,1503.3024973863787,DS1966,1506.875380635284
892a3075a2bffff,Medford,69.3977650436091,10,42.41703453550912,-71.11252283367743,316661,6.398540316650905,True,DS1530,341.48344410384885,DS90146,2165.8873107540653
892a3066253ffff,Cambridge,69.2164814747159,36,42.37443642389281,-71.10490833100728,369356,1.9926932508877764,True,DS3051,98.15625310771686,DS2251,296.2691257540847
892a3065d6bffff,Boston,69.0,6,42.28742146123549,-71.17149227827707,189831,5.040954669234836,True,DS3163,1710.7665899741169,DS1981,1784.3739242973531
892a3075c2fffff,Malden,68.97567021197526,3,42.4340559,-71.06271725,399408,37.743609609708514,True,DS89987,1384.104821961424,DS90316,1476.9109005182986
892a3067473ffff,Somerville,68.85318501425247,13,42.40330141878471,-71.13046772726113,287618,84.03553298372307,True,DS100488,398.88169870676694,DS2535,1146.5981845080137
892a3064ebbffff,Boston,68.71241880745505,69,42.29412830260897,-71.11964775721266,255293,12.653017458836471,True,DS90243,959.2169366560032,DS1243,1341.2589982439242
892a3062b47ffff,Arlington,68.57406576923854,3,42.42518712750252,-71.17996766344494,259924,20.29076613565572,True,DS2798,713.8602916898951,DS89739,1910.7821893635196
892a3066ecfffff,Boston,68.50997498855676,53,42.3373625956708,-71.06995606524595,145440,63.24575815779278,True,DS89861,267.5485354634749,DS90419,641.1212091759302
892a3076e87ffff,Lynn,68.5033798582037,15,42.46566357469813,-70.94154710341586,67117,1.245604918960298,True,DS90390,264.4480957038372,DS2236,275.250422361288
892a307480bffff,Revere,68.47096907481294,147,42.4070163151649,-71.0058714672664,28632,35.463412986400165,True,DS95032,904.39523070757,DS1377,918.461680882884
892a3066b4fffff,Boston,68.2759549937845,36,42.29430136755546,-71.0798454420434,125153,26.224938703322596,True,DS89725,904.6221217394535,DS90311,974.2413183231029
892a3064533ffff,Boston,68.0635240476222,20,42.3264423112418,-71.09241154864763,392114,30.77431999122991,True,DS90375,757.5827182498476,DS90421,950.1611563323792
892a3060acbffff,Waltham,68.03623567401885,4,42.4149189237984,-71.2550537497688,134979,17.59948109770588,True,DS3385,2011.602109373027,DS3271,2680.960682941338
892a3064643ffff,Boston,67.74435350041324,6,42.3531745949869,-71.15270818322158,324918,34.54299164772203,True,DS2816,708.3616130877249,DS89690,774.7613204962748
892a3064ca3ffff,Boston,67.10221729772863,14,42.290521977006655,-71.08631720640413,120907,23.105054084245626,True,DS89725,673.5073849894563,DS2289,1228.4601239096778
892a33934dbffff,Quincy,67.07915112214938,25,42.2845647068848,-71.02372039838171,174229,50.4184659803876,True,DS2932,559.0939608374483,DS100309,1598.7188702416402
892a3066ebbffff,Boston,67.00703429981728,30,42.33105808029813,-71.05548917913258,185126,15.912630160294583,True,DS100146,335.7101737331988,DS2133,1049.8804014296215
892a3065e57ffff,Newton,67.0,2,42.31465779480998,-71.21252323073135,177095,42.09363095681358,True,DS90339,229.44140414765158,DS3522,1188.2071855711629
892a3064433ffff,Boston,66.98436003144903,38,42.34569692689216,-71.10581223973381,384515,30.15124836990053,True,DS89999,653.4263078723567,DS2532,1076.052313078499
892a30743afffff,Malden,66.87095942038974,4,42.43927716420633,-71.02333592532644,9189,24.020128483050147,True,DS2924,1354.992468124119,DS89753,1979.9892901218125
892a3392c37ffff,Weymouth,66.86382450690448,1,42.19246615148675,-70.92258568181899,98229,70.91636346439024,True,DS3524,1280.3419854564188,DS3014,2550.09014301457
892a3066207ffff,Cambridge,66.45254893846982,44,42.36681418897187,-71.0933000574712,374813,29.749334528760016,True,DS100269,1046.5585828853668,DS1111,1139.6558423652734
892a306498bffff,Milton,66.14304585724406,182,42.26146594507105,-71.09326679684419,268961,11.143324698295778,True,DS89826,1046.5517794851148,DS2289,2540.0098342270903
892a3062b23ffff,Arlington,66.13024615339816,11,42.416765611986406,-71.16886029563483,258141,48.87597452672441,True,DS89739,843.1287117961364,DS2798,2088.3447618026917
892a339a423ffff,Dedham,66.0,5,42.248328836118006,-71.15659944296347,225070,14.962849799545632,True,DS2770,300.5659355079879,DS2667,1567.2101633611978
892a30745a7ffff,Lynn,65.93277273126928,81,42.457666119620775,-70.97084340512791,45707,10.092597119037231,True,DS2162,339.25735923782827,DS3535,974.4390465561635
892a30655bbffff,Boston,65.85897929091101,217,42.35031529016852,-71.16394542073152,330902,63.67723805092119,True,DS2816,786.921781120271,DS89690,1745.8354185211965
892a3064da7ffff,Boston,65.82966656341677,1,42.27104941354597,-71.06868244207405,167898,39.875043990067915,True,DS1003,442.0184546310589,DS2289,2224.858182942563
892a3064cabffff,Boston,65.55410210067885,109,42.29092597983056,-71.09068917108979,267990,41.59712810343125,True,DS89725,487.12841025336695,DS2289,1276.9881757239125
892a3064913ffff,Milton,65.48150394897542,168,42.258801259851424,-71.0953493692614,268993,27.05297717608371,True,DS89826,1496.695065558027,DS2289,2990.1531203000036
892a3064d53ffff,Boston,65.397851610642,4,42.28030267113578,-71.08857613692098,268536,25.081477091397076,True,DS2289,297.2057669256778,DS89826,1396.518257291952
892a3064c2fffff,Boston,65.39727878279577,173,42.28296462386236,-71.09705247511077,268287,57.32343407296621,True,DS2289,1102.4286139877827,DS89725,1777.216914831689
892a306099bffff,Belmont,65.24657391530356,30,42.39613845455524,-71.1966156111634,264433,62.165088445992886,True,DS3194,1296.2479943754604,DS100291,2215.2685206839496
892a306737bffff,Watertown,65.24276662475857,5,42.36582641245377,-71.17006928671955,315926,25.065835924334237,True,DS90016,1255.7400712616943,DS90038,1459.060434954269
892a30642cbffff,Boston,65.14691430059645,5,42.33951678137571,-71.1647628265048,330264,16.044639032593377,True,DS3391,1802.4435797422077,DS2816,1832.6038122269167
892a3062b07ffff,Arlington,65.03797444321698,6,42.42306049649915,-71.16774245207614,254718,21.59575124043691,True,DS89739,1530.167899295272,DS2798,1941.0378835361257
892a3393403ffff,Quincy,65.0,7,42.27571643417825,-71.02143108894535,175196,2.1036340448958355,True,DS2669,846.1721982181801,DS100309,1050.4076716083227
892a3064c4bffff,Boston,64.52463076562815,21,42.29705016197717,-71.1136897569492,261271,19.200257037023793,True,DS2973,1633.353080012599,DS1966,1803.6890217140144
892a3076e97ffff,Lynn,64.12747211991832,177,42.46882065960172,-70.94020811433522,67024,24.356990203472918,True,DS2236,585.5915594526975,DS90390,773.2967628399415
892a3392667ffff,Quincy,63.67376419265447,8,42.24899303724241,-70.9824703439952,39797,38.43979963218093,True,DS2951,692.1586142836089,DS2805,1293.1471982685016
892a3076383ffff,Lynn,63.67313023639535,158,42.487690787313554,-70.95938125655326,61309,31.87309195851128,True,DS2328,330.29476778263665,DS89936,1579.985228530214
892a306701bffff,Cambridge,63.63424198190936,6,42.39011098138406,-71.14469693822537,276280,25.555908156611167,True,DS1556,290.74528768586,DS2535,2100.6919016146344
892a339294bffff,Weymouth,63.41982784238776,4,42.16564432376131,-70.94640165723419,79631,30.36555326049597,True,DS3475,1608.0596577741253,DS89637,2303.9026443141156
892a30666cbffff,Somerville,63.02713949057622,57,42.39585529184756,-71.08703425112652,334243,87.00882780216206,True,DS3350,845.4819279262202,DS90420,920.5556347087913
892a30664c7ffff,Chelsea,62.95217687199578,3,42.39243188051634,-71.04829948996966,388911,46.491716064212824,True,DS3580,1421.8165644555995,DS89744,1603.8457190408217
892a30642c3ffff,Boston,62.762445498558606,31,42.34045434249376,-71.1601775793932,327284,36.428992638249085,True,DS3391,1210.32474129778,DS2816,1262.094768558023
892a33935a3ffff,Quincy,62.45344415933679,1,42.251922124958014,-70.99422051731769,40159,36.31439938463491,True,DS3084,473.9468138617385,DS2951,662.5086872590443
892a306e593ffff,Waltham,62.38643977502376,2,42.37620943790645,-71.23970717317073,297181,11.075846462269057,True,DS2821,404.14181347053164,DS3578,485.4167127100133
892a3064523ffff,Boston,62.34783160350254,47,42.32348040717496,-71.09450144130042,267415,45.24742425118958,True,DS100083,800.2947200470473,DS2788,972.0501798943105
892a3064663ffff,Boston,62.339015122890174,90,42.345379010142814,-71.15047705564386,326260,27.068315923932943,True,DS90317,777.9227703658961,DS89804,801.7360327612702
892a3067577ffff,Cambridge,62.30002534833737,22,42.38210712078924,-71.11467841266777,327437,45.87148018393856,True,DS90194,1019.0335765949592,DS24854,1143.2382485378694
892a30675dbffff,Somerville,62.20960473609594,23,42.39845016523197,-71.11568639002442,322718,16.383252669878,True,DS3560,798.5147964173677,DS3299,1284.7827732682383
892a3393113ffff,Quincy,61.72122739307266,71,42.24034716029403,-71.01956385185466,17722,23.601827538756687,True,DS100288,1533.5912844303405,DS90190,1738.8162511861517
892a3064563ffff,Boston,61.69195460857022,8,42.32602966378643,-71.105011038329,390433,9.070474106082722,True,DS2711,1119.436890586975,DS100083,1299.6869381688794
892a3066b17ffff,Boston,61.636934457073934,68,42.29404585943223,-71.06272500541746,168710,16.66538440640417,True,DS89962,440.7430466306711,DS100187,460.33818033621253
892a3066857ffff,Boston,61.63129302198151,202,42.31526900223142,-71.05668351643297,180232,8.277678093476494,True,DS90187,372.25565060256616,DS90103,539.8830346112686
892a3067493ffff,Medford,61.2538637706497,18,42.41410603142188,-71.1132962955485,316800,38.20925975758649,True,DS1530,721.1049460247832,DS90146,2233.797744942792
892a33934a3ffff,Quincy,61.0,28,42.273304528035474,-71.00907370715233,178805,37.67101228490393,True,DS1534,1553.0454332667498,DS2669,2157.0979976943186
892a30748a3ffff,Revere,61.0,2,42.40317749791175,-70.99108863023389,29349,15.883621594620081,True,DS89919,794.6373933159045,DS89834,1299.0130724061378
892a306662bffff,Somerville,60.58787566746896,2,42.38007579777582,-71.0817763698735,381278,14.094813783952379,True,DS2493,1006.924982562438,DS90015,1292.7933162457718
892a3064cb7ffff,Boston,60.0866081985175,11,42.29038231586943,-71.08223586563078,121037,48.705129571423164,True,DS89725,945.6912633802905,DS2289,1527.7979016678016
892a30670abffff,Cambridge,60.07814709229709,39,42.384400313149335,-71.1347318181858,276756,70.0611880346668,True,DS1556,1338.9653928244834,DS24854,1641.4138545532921
892a306727bffff,Belmont,60.019510513297305,95,42.38578453292112,-71.18262915256336,265941,4.236217590570903,True,DS3374,380.88784613935695,DS3194,871.3500463690295
892a339364bffff,Boston,60.0,2,42.276807100881456,-71.06716106009524,168104,20.936441645622924,True,DS1003,314.95153451886654,DS89962,1693.496232658161
892a307611bffff,Lynn,59.99999999999999,5,42.48447710545045,-70.940794737062,62967,20.485791686194112,True,DS100557,565.0420294864482,DS2239,589.8692064420081
892a3076e83ffff,Lynn,59.886903149390605,150,42.46892273631582,-70.94471056839905,67221,40.0683848476139,True,DS2236,482.20749311894974,DS90390,623.2369094143727
892a3064057ffff,Brookline,59.86630705970293,8,42.33466576710495,-71.13387825416386,339119,14.228684401521008,True,DS100169,791.488305715924,DS3044,1092.496564089068
892a3065103ffff,Newton,59.66155305396786,9,42.33081047427092,-71.18822736641862,333268,27.272324856803312,True,DS90289,546.4839574573103,DS2146,611.7678551430656
892a30655b3ffff,Boston,59.38475484064829,162,42.35030312255002,-71.15969636493942,330949,18.51312759030656,True,DS2816,448.0211811347335,DS89690,1450.5302535095168
892a3075a77ffff,Medford,59.21151741098529,22,42.42054290082986,-71.1152597489865,316473,23.909881321888985,True,DS1530,343.58824510675083,DS90146,1679.7955048874337
892a306754fffff,Cambridge,59.16791524855478,49,42.38789145876095,-71.12366617343272,281500,18.69303067936569,True,DS24854,547.3077143550546,DS3560,1219.5589910983074
892a3075d67ffff,Everett,58.904034399914735,14,42.41716751937981,-71.0536335037945,394577,9.282842452102782,True,DS2539,920.5460816600954,DS89987,1557.9509581165562
892a30749c3ffff,Revere,58.80700497907603,125,42.39623523202416,-70.98853495967468,35593,63.47948684600887,True,DS89834,1291.5984758301774,DS90024,1346.9944555766554
892a30648cbffff,Boston,58.776843290075526,88,42.28302893658352,-71.11828953993766,254924,23.616268941817335,True,DS2973,310.9620450242027,DS90243,1290.868806198129
892a3074e23ffff,Revere,58.5452945151867,155,42.41778056867934,-71.01437382139966,8248,31.601228375677508,True,DS95032,1347.8576372058567,DS16477,1414.4934501609587
892a306742bffff,Somerville,58.52955026116262,42,42.39889373024554,-71.12758074385519,282758,25.434926166137558,True,DS3560,653.4964655484432,DS100488,811.6360939779748
892a307432fffff,Malden,58.49116752552917,23,42.43335965992636,-71.03161577514838,9577,103.8276566137735,True,DS90279,792.86989132012,DS2924,968.5133785101181
892a306755bffff,Cambridge,58.44346437153943,27,42.39247126205979,-71.12302853712565,282056,13.144600433141562,True,DS3560,558.6533432883257,DS24854,640.2417962809913
892a3066a9bffff,Boston,58.418720195858526,174,42.32070768163564,-71.07442077976854,125745,30.46824096510622,True,DS89942,1098.1187409813535,DS90020,1098.3700430150607
892a3075803ffff,Malden,58.384886738242045,34,42.42537428211813,-71.07870720452387,404900,38.288030527858844,True,DS2205,971.3467975288835,DS90316,1097.661835040587
892a3075893ffff,Malden,58.334323372184144,9,42.43366368115742,-71.06850681934205,400359,25.37733791880218,True,DS89987,1067.3324221055211,DS90316,1092.0191910425767
892a30673a3ffff,Watertown,58.30510007211176,1,42.36571298447481,-71.14597100788303,320695,59.880697413740826,True,DS90038,1396.009517455158,DS2481,1499.701934853544
892a3064babffff,Boston,58.158643937704994,24,42.253224198001256,-71.12311707150221,249524,16.240982440341682,True,DS3239,576.7937428458454,DS1716,1771.4879991877033
892a3075907ffff,Everett,58.14986794147227,4,42.4044330838401,-71.06195523154358,393581,41.20092726252088,True,DS90161,918.4617478915642,DS100163,1440.3702189640735
892a3075d4fffff,Malden,58.02699675045873,97,42.42523833250194,-71.06005309352726,394049,19.045143469112396,True,DS89987,597.1678460963717,DS90316,799.7438156486718
892a3066c1bffff,Boston,57.945828143773866,164,42.33335076945237,-71.03655268197852,186747,20.480821843108714,True,DS90196,418.03466743425713,DS2133,1170.818699720978
892a3075d23ffff,Everett,57.84729269110029,119,42.41753206420898,-71.0446224132807,10625,44.83532439246023,True,DS2539,376.05651333678674,DS89798,1657.337871612766
892a30664bbffff,Chelsea,57.840517046897936,94,42.38827520777186,-71.04005707552854,13452,10.505704738491476,True,DS3580,559.0878658958079,DS89744,698.7058881844332
892a3075d77ffff,Everett,57.71256222965537,79,42.42042187694398,-71.05228648572026,394764,3.424192977945809,True,DS2539,999.1941036491371,DS89987,1433.3693085874174
892a3075a37ffff,Medford,57.67533775216638,4,42.41835397196232,-71.10263098884991,312537,21.218433815827844,True,DS1530,925.1017791634831,DS90148,1445.9076222945575
892a3066ccfffff,Boston,57.538337813999775,171,42.33649397941309,-71.03908291748763,186528,17.739307159625447,True,DS90196,318.60190941021517,DS2133,823.8514571320721
892a3064003ffff,Brookline,57.51927704251108,17,42.33165071978824,-71.1264691511633,343916,15.047530935713375,True,DS3044,532.4299382383413,DS2760,827.1647631260331
892a3392cabffff,Weymouth,57.38955493893467,16,42.197617017830254,-70.92265406895251,98288,28.87826184052104,True,DS3524,1300.4686358141978,DS3014,2992.724041263644
892a3075873ffff,Malden,57.33123302760434,39,42.42281797874036,-71.08484997791304,311054,38.82895192499235,True,DS90148,558.8045073562395,DS90258,558.8045073562395
892a3064b03ffff,Boston,57.10611946456421,4,42.25691489277944,-71.12753166309169,244116,34.55628883424002,True,DS3239,966.7934657525117,DS1716,1862.1397379672653
892a3064c83ffff,Boston,56.81900738771762,22,42.298362011917554,-71.08682964452684,126727,12.225221873727888,True,DS89725,519.0480438414161,DS3011,1338.8589105642782
892a306456fffff,Boston,56.74046843109325,54,42.322673284536165,-71.10777279597603,257644,14.336392987735174,True,DS2711,630.7985954844332,DS100083,1294.974250426189
892a3067517ffff,Somerville,56.69724879618676,15,42.38838984737303,-71.10548516409146,328215,7.970885472140909,True,DS90194,809.7770610977572,DS3299,1223.596813971203
892a3066b0bffff,Boston,56.39133083346151,145,42.29361545445262,-71.07024609396305,167510,14.177582332087988,True,DS90274,387.07300454267,DS90311,645.0875446057611
892a30749d3ffff,Revere,56.08069733769622,36,42.39793260197151,-70.98729843057116,35752,33.12626208984377,True,DS89834,1822.869282169449,DS89919,1831.0086920062545
892a306464fffff,Boston,55.98492845578704,63,42.35051882799897,-71.15635712449087,325868,52.34503552652349,True,DS2816,253.02528622918322,DS89690,1101.638035735746
892a306460bffff,Boston,55.84136820961713,4,42.3503557479964,-71.14837124626932,325549,16.726842549682043,True,DS100177,680.2494211538499,DS89690,848.7508329590144
892a3076e77ffff,Lynn,55.669061432980726,4,42.45784326195517,-70.95829601994589,75847,60.347842230238534,True,DS3535,827.0280862316558,DS2162,1230.1520048567954
892a3067687ffff,Arlington,55.62201489781188,8,42.4087772483636,-71.14617047471248,293700,10.61576398688141,True,DS1370,323.1493354578447,DS2822,816.076507066025
892a3064117ffff,Boston,55.0,2,42.31229391759564,-71.10755219861214,257758,20.965423443524966,True,DS1966,786.0006177189993,DS2711,1216.4761023942706
892a3064493ffff,Cambridge,54.961150007814425,4,42.35859538456309,-71.10025137296886,379003,24.564522005697807,True,DS3060,1050.5356126533338,DS100269,1318.5295991952082
892a3074b47ffff,Chelsea,54.869368664491645,41,42.388248827562,-71.02669712195353,18941,2.130400594495085,True,DS3580,976.041469909213,DS89744,979.5752899275861
892a306e1a7ffff,Newton,54.84893655400484,21,42.34455005539365,-71.25280530044233,290525,75.97685388140708,True,DS2125,771.7736031888262,DS17594,2638.390263663206
892a339238fffff,Braintree,54.79748805853024,15,42.22184553373173,-70.96927730045685,54887,16.774158555955278,True,DS3025,2055.7775527749377,DS2805,2368.7849701560713
892a3029413ffff,Winthrop,54.76171902831585,10,42.37139973553495,-70.96908394980868,215227,74.5577045148183,True,DS2729,2005.0366400693558,DS89660,3595.8097462875935
892a30748d7ffff,Revere,54.66442379464907,7,42.41567786552002,-71.00017422966003,37906,33.013895043770255,True,DS95032,1408.5762505269752,DS16477,1475.2120634820774
892a306653bffff,Boston,54.65817409371532,1,42.36432120662205,-71.03285752981238,211320,22.667056036440986,True,DS90332,1045.3352301814978,DS3252,1616.6582829688875
892a30749dbffff,Revere,54.62707840115193,93,42.39807486779516,-70.9902180471764,29838,76.26483276039113,True,DS89834,1101.5680953370988,DS90024,1156.9640750835765
892a3066b77ffff,Boston,54.565744917500055,110,42.28866556338516,-71.07077971001884,167437,20.79128816905483,True,DS90311,292.98003659352344,DS90274,834.0333567505463
892a306429bffff,Boston,54.54751475063511,4,42.34044581601566,-71.15237284824968,326879,11.72754912079878,True,DS90317,578.5766868456767,DS89804,690.1556498637792
892a307584fffff,Medford,54.22302257552676,6,42.42606946636419,-71.09007467711466,311233,23.878997409984187,True,DS90148,711.5583183941376,DS90258,711.5583183941376
892a30654cbffff,Watertown,54.087545952114965,103,42.37700022472808,-71.19474635736226,314404,12.460091182765199,True,DS89981,1210.1513546698484,DS3194,1693.3940692625595
892a3066b37ffff,Boston,54.02480319510497,100,42.28597207902678,-71.05952957994458,168793,25.52973651438888,True,DS89962,1081.9025053146602,DS90311,1443.3108075641396
892a3392357ffff,Braintree,54.01780665640888,21,42.22221583786082,-70.98152787336001,49001,39.003543893290114,True,DS89903,2390.8085455286277,DS2805,2659.239694244869
892a30673c3ffff,Belmont,54.0,64,42.37758255252825,-71.16013185372138,271391,80.71930330876988,True,DS90038,986.628535857131,DS2481,1365.3597639314287
892a339164fffff,Boston,53.97138107036188,30,42.236631505662885,-71.12731642020462,245778,29.584933207739642,True,DS89797,1122.8258973182478,DS3239,2402.1273657482116
892a3064b97ffff,Boston,53.9376480050061,157,42.26158155352976,-71.11531902239578,250449,85.83179049560731,True,DS1716,1203.3255471905716,DS3239,1643.7375633323345
892a3064eabffff,Boston,53.65602098336382,53,42.29186289525559,-71.1216372741391,255140,15.45398020395718,True,DS90243,889.7088693047187,DS1243,1271.6826623697527
892a3066e77ffff,Boston,53.65381842933808,17,42.32544120355334,-71.07115039121533,145093,23.83121258110854,True,DS3430,740.1012574281327,DS90020,777.3615602988978
892a3067527ffff,Cambridge,53.6037580388621,42,42.37662173105543,-71.10679177372728,369306,22.608241279340408,True,DS3051,382.039104891215,DS1058,414.94345640624226
892a339224bffff,Quincy,53.575754201563946,1,42.2387791,-71.00634145000002,31649,10.621634141257653,True,DS90190,1308.4419850950412,DS100288,1442.3050646971994
892a307581bffff,Malden,53.56398019240916,33,42.42879335819759,-71.08082427199422,404984,45.22057189609783,True,DS90148,1234.4459498021213,DS90258,1234.4459498021213
892a306e5b7ffff,Waltham,53.38724312462546,144,42.365786873723216,-71.23408973153498,298683,68.44149125230508,True,DS90089,1558.9654481466625,DS2821,1948.3417013719816
892a3066e27ffff,Boston,53.19794233992609,64,42.32091507466522,-71.0600833163831,162439,5.0202131271077,True,DS90103,481.1119795943141,DS90020,692.0448701755844
892a3067057ffff,Cambridge,53.132069697481285,2,42.39070519679223,-71.14730367302619,275213,25.435420791777833,True,DS1556,671.9431788311977,DS2481,2312.9230475760532
892a30749d7ffff,Revere,53.10515355068402,101,42.39563601945866,-70.98456823892161,35772,27.435973554727212,True,DS89834,1716.0567034977878,DS90024,1771.4526832442655
892a3066403ffff,Chelsea,53.080927823657774,21,42.38828846938961,-71.04817842146626,388882,22.361452474705267,True,DS3580,1278.0212566205344,DS89744,1441.9558166931474
892a33923d7ffff,Braintree,53.04485259430171,208,42.22670922802474,-70.97300821742672,48942,55.07651928136926,True,DS2805,1937.8254810765152,DS2800,2396.062734312313
892a30676c3ffff,Arlington,53.04366654003729,13,42.41428865243425,-71.1573967241893,258423,28.22533408846824,True,DS89739,620.9342829993853,DS1370,1320.4696642165939
892a3393423ffff,Quincy,52.587262929542455,42,42.267485197923214,-71.01810068240354,16477,54.73803188651937,True,DS1534,205.48875411672728,DS2669,1256.1623067083144
892a30676b7ffff,Arlington,52.512596808781616,117,42.403962323169885,-71.14190181101073,293327,97.36844863327941,True,DS2822,330.53952880415295,DS2535,653.6574272531163
892a3064513ffff,Boston,52.49739952834689,3,42.33459889196463,-71.09381944271232,391479,21.051333131208736,True,DS90421,340.1797957011611,DS3261,345.9443434097309
892a3064553ffff,Boston,52.42607155232452,31,42.33655973586922,-71.10500753721216,386104,59.888730780538395,True,DS90364,521.0531601296643,DS90256,553.60498926305
892a30609bbffff,Belmont,52.0,1,42.38835997842699,-71.19226962433913,265619,16.680352722506257,True,DS3194,132.03860802375095,DS3374,1166.348103905512
892a306759bffff,Somerville,51.71451793102432,31,42.39567032397495,-71.10343244174051,321626,19.061263745823393,True,DS3299,212.62417641333587,DS90420,920.0693806754895
892a30671d7ffff,Cambridge,51.656794136510086,10,42.37730583400081,-71.12373492313152,280954,17.26232649145616,True,DS89959,701.8306397905575,DS1058,1381.289650129198
892a30660c7ffff,Boston,51.5916215638803,22,42.37523960430804,-71.06302337838389,156703,21.736454534513612,True,DS1529,375.29258672144715,DS90397,937.8162972450631
892a3074e37ffff,Revere,51.49159590281571,130,42.4177066576379,-71.00994461625658,38025,22.454950768947555,True,DS95032,818.476601696317,DS16477,885.1124146514189
892a3075ca3ffff,Malden,51.434082899538495,4,42.44089921603887,-71.0500157842966,399046,6.185519603259964,True,DS90279,1481.4619575885408,DS89798,1828.5454096272547
892a339053bffff,Braintree,51.42773262818828,4,42.19383721798556,-70.99140427986251,69291,36.763950428830555,True,DS2172,816.6182995417996,DS2116,1022.4644398596936
892a30745b7ffff,Lynn,51.27863780732723,38,42.46067208751557,-70.96973513609122,45899,16.29101545398866,True,DS2162,424.5856227423561,DS3535,849.4600059402275
892a306751bffff,Somerville,51.17712205191586,27,42.390932794576685,-71.11260327753925,323149,41.03379344205221,True,DS24854,1040.8513095292894,DS3560,1173.881285567113
892a3065cc3ffff,Newton,51.03072433954914,1,42.31998998963447,-71.17400922188743,188916,38.53520557342786,True,DS90323,902.7028655665355,DS2712,1213.54769807896
892a3062937ffff,Medford,51.0,3,42.41733811996036,-71.1324376557421,289153,21.439577381759374,True,DS90146,751.9371402234495,DS1530,1865.810197856324
892a3067417ffff,Somerville,51.0,4,42.40680274836346,-71.12229807812108,287961,21.918854307403297,True,DS100488,956.9687934545575,DS3560,1411.7037143486252
892a3066013ffff,Boston,50.85278813224222,1,42.37271966485883,-71.06172937602585,157194,21.721714818169566,True,DS1529,679.8287363027393,DS90397,975.6688061957796
892a3066387ffff,Boston,50.84659832306226,4,42.352737075842825,-71.06937165436045,152159,6.877352315309708,True,DS90372,402.8369250237054,DS90306,461.88498549734004
892a3066c83ffff,Boston,50.72001920093875,89,42.33667526320604,-71.02643359885087,190247,57.16364385448252,True,DS90196,915.4259833803337,DS2133,1869.9831356603981
892a306456bffff,Boston,50.500384410802695,64,42.325409005066746,-71.10916288546017,257618,23.328738233984403,True,DS2711,916.1327012286606,DS100083,1533.3067577576282
892a3066e63ffff,Boston,50.48723237954788,14,42.32589148227519,-71.07345130542879,144722,14.231464935227468,True,DS3430,977.8776982357666,DS2804,992.8100565816062
892a307593bffff,Everett,50.43342014710977,3,42.40055160175482,-71.0630080292192,393228,21.26989232914215,True,DS3211,1080.6515990830903,DS90161,1171.3586911743118
892a3066943ffff,Boston,50.297225408054,1,42.29584935029875,-71.04711116474446,173418,39.625995953817345,True,DS2844,364.1258311433799,DS89736,1322.8221849644217
892a3075b63ffff,Medford,50.097627338246056,3,42.40124184919713,-71.10459057081071,318388,18.761828313577755,True,DS3299,674.0849208184142,DS90420,1291.268621480882
892a30662cfffff,Somerville,50.01854065634191,10,42.37498293397974,-71.10021178268514,373679,26.570659224509814,True,DS1111,283.65550235091234,DS2251,456.337622016072
892a30660dbffff,Boston,49.94692001265849,206,42.380203818597074,-71.06799081737223,387730,26.137277007357785,True,DS1529,673.4940459053033,DS2493,719.7704361586764
892a339300fffff,Quincy,49.75595043792712,61,42.25413482635734,-71.0371677751046,15649,36.33695472192813,True,DS1967,980.9122297452724,DS2163,1192.8953716125113
892a30648a3ffff,Boston,49.7471536472969,183,42.27224052128209,-71.10168607081056,272388,18.698885980846534,True,DS89826,1324.9100074210642,DS1716,2180.5957458894977
892a306759bffff,Medford,49.61255055603838,14,42.39703653474228,-71.10233274403534,318663,3.049732662711301,True,DS3299,295.96755433641687,DS90420,799.5546735488389
892a3074873ffff,Revere,49.571929631318255,2,42.40440057950832,-71.00783630434914,28572,35.90628863078923,True,DS95032,1190.4051817157253,DS1377,1192.305105661989
892a306e1afffff,Newton,49.29763393002365,11,42.34387971883427,-71.25574373321548,92364,17.516499791644907,True,DS2125,1032.8885247653661,DS89808,2670.7188882333476
892a306467bffff,Boston,49.195496092841,2,42.34859440341941,-71.15406148586203,325968,4.879601086407508,True,DS2816,436.9609085702729,DS89690,945.1921160888603
892a30675a3ffff,Somerville,49.105641031086925,12,42.38545869444878,-71.09919420660083,329932,22.476758027217446,True,DS90194,916.1422438170879,DS90420,1125.2855918026003
892a3064dcbffff,Boston,49.09996249108515,2,42.28212275,-71.087369575,120712,21.87095742791402,True,DS2289,135.78207173254765,DS89725,1633.5483477276007
892a3076c53ffff,Lynn,49.08038123466921,203,42.46833308669958,-70.9311490255991,66803,10.361184528344472,True,DS2236,1156.2293347897964,DS90390,1357.943080900136
892a306418bffff,Boston,49.07081010198896,4,42.31766343388355,-71.10716146518553,263286,13.249079449812792,True,DS2711,514.7117824518009,DS100083,1040.7249092457835
892a306440fffff,Brookline,48.77838156401667,29,42.34783935031879,-71.11343673398197,385198,40.36520868191157,True,DS2064,973.7179736361978,DS89999,1371.7340348231667
892a3074c03ffff,Revere,48.61333976215875,95,42.42600563681065,-70.98589449188196,37490,37.7051938653828,True,DS89919,2840.23249536662,DS95032,3416.665971947458
892a30745b3ffff,Lynn,48.50101914663175,34,42.46302026826821,-70.97130335138311,45865,17.387431133617678,True,DS2162,748.2904332621414,DS3535,937.6446371199447
892a33922a7ffff,Braintree,48.48390651704105,6,42.231150223686605,-70.97814851007561,48866,29.83380480835112,True,DS2805,1078.9096287655145,DS2800,1537.1468820013115
892a307614bffff,Lynn,48.36483917999777,173,42.48500129680362,-70.95302845959758,61420,17.35256159751872,True,DS2328,870.2975397570539,DS89936,1576.4759318485117
892a306618fffff,Boston,48.15686063469678,1,42.352622728368985,-71.04407083618679,198347,36.75517164158552,True,DS90064,235.77777308059865,DS89924,1541.3969439188756
892a306ed17ffff,Needham,48.0,4,42.31235410912771,-71.23190339534278,175881,29.561658815393344,True,DS90339,2484.426402655779,DS3522,2530.7588325863703
892a306604fffff,Cambridge,47.98793273237263,17,42.3688471672051,-71.0790427562733,138346,4.672276101556401,True,DS90281,340.787015238781,DS90039,918.3160796223565
892a307588bffff,Malden,47.80892560951457,30,42.430968828332816,-71.07417474775167,401586,24.60346953421398,True,DS2205,1066.4606816937014,DS90316,1141.076463989507
892a339b41bffff,Needham,47.77125053554504,54,42.27758909637001,-71.23947431969961,166666,59.734573511861704,True,DS100070,589.4127879871771,DS1023,682.1044274882623
892a3076e57ffff,Lynn,47.73503491097736,90,42.4660503188633,-70.95948608371899,68454,56.378040901220686,True,DS3535,811.2496079868262,DS2686,819.5943795731793
892a3075b47ffff,Medford,47.64879268572859,59,42.406718573910005,-71.10456349819121,318107,49.28540402719517,True,DS3299,1463.6455835815855,DS1530,1790.3284366096802
892a3066863ffff,Boston,47.62472462415055,41,42.30709306482861,-71.0596395354651,162798,34.06457020553394,True,DS3425,530.527265362963,DS100084,845.6248499920955
892a3066e33ffff,Boston,47.5848218588712,15,42.32529702830841,-71.05939307709417,162337,12.817339164050564,True,DS3430,537.1823730493732,DS90020,571.8254313665514
892a3393193ffff,Quincy,47.52101967425664,1,42.2458200383204,-71.00786367840679,31983,17.24966777686962,True,DS90190,366.46025741243955,DS3084,1700.2582513318007
892a3065347ffff,Newton,47.481693437915226,58,42.331195864310814,-71.22851101049375,284110,70.14530920292704,True,DS1736,2005.4081939418109,DS17594,2485.4370353204054
892a30662abffff,Cambridge,47.46799735165731,1,42.36734959672241,-71.0867364257163,133293,49.93779554246264,True,DS90039,812.7158260811528,DS90281,992.2460074182137
892a33934afffff,Quincy,47.43062921049983,12,42.26927497506148,-71.01020558352032,38674,25.816398320174162,True,DS1534,943.1396548989229,DS2669,1948.2266567794336
892a306769bffff,Arlington,47.36211244724603,31,42.414423762502125,-71.14846054922675,293983,17.337515338699284,True,DS1370,777.5880891375214,DS89739,1156.3500606133878
892a339a4b3ffff,Boston,47.36200213205455,30,42.2563751400032,-71.14569518305603,244610,12.69512174268651,True,DS2770,1951.9826644036048,DS89682,2704.178403401357
892a30743a3ffff,Revere,47.32917006026126,1,42.44077389970629,-71.02070235649151,9198,19.8874928985439,True,DS2924,1373.0453849865926,DS89753,1998.0422069842862
892a306495bffff,Boston,47.3120976795717,83,42.262083793672815,-71.11156969892374,250593,48.52261634780171,True,DS1716,1360.5237405819614,DS3239,2008.115321110706
892a33936dbffff,Boston,47.19830485044251,41,42.2853123017411,-71.05568976097767,172791,33.35467300165845,True,DS89962,1155.1001443834841,DS2936,1173.6084409128973
892a33922cfffff,Quincy,47.12129157596842,13,42.24207396256111,-70.99438518379387,40472,2.8762538202853087,True,DS2805,1069.9183237450313,DS2800,1158.9637572361867
892a3074b3bffff,Boston,46.902800333656586,174,42.3822096873597,-71.01749341531806,20601,31.051500486806624,True,DS89660,1851.1827935546446,DS1965,2158.257830136264
892a306692fffff,Quincy,46.90252980905749,1,42.28327522831153,-71.03675339750242,169645,19.880524833441182,True,DS89736,1135.3284091993896,DS2932,1675.6413996610065
892a3064ea7ffff,Boston,46.8165117581048,41,42.28754419289353,-71.11343553708457,261704,15.908218848187442,True,DS2973,687.9264958435992,DS90243,1549.057554403195
892a306712fffff,Boston,46.80507649728827,19,42.35866551598177,-71.1254844666628,362036,26.902142877941337,True,DS89830,1010.7967039982619,DS90185,1325.8119094860697
892a306743bffff,Somerville,46.77107307427902,32,42.401146844547696,-71.12641882631686,282667,12.717966789284453,True,DS100488,462.25586994500964,DS3560,649.5377665215356
892a3064903ffff,Milton,46.73793456358099,57,42.25706348098154,-71.09691318415692,269006,53.98665369128499,True,DS89826,1960.6378018198047,DS2289,3454.0958565617816
892a3392b03ffff,Weymouth,46.557126088271694,1,42.16285758206003,-70.96169438498416,77651,48.508898524632535,True,DS3475,1347.1595196351416,DS89637,1571.2132015591822
892a3064657ffff,Boston,46.49880231610825,8,42.35407056895987,-71.14791310860899,325383,56.86565989947415,True,DS89690,318.1515698191531,DS90057,1126.4141448239013
892a30629afffff,Medford,46.49635756697489,8,42.42135723918976,-71.13148603340966,289049,22.50922879332404,True,DS90146,333.78143581537154,DS1530,1785.0889130603193
892a306e5c3ffff,Waltham,46.30081459288783,7,42.37737035102345,-71.25266406611391,296207,32.21840602476047,True,DS2152,418.57680512829086,DS90428,418.97209135010763
892a306e1b7ffff,Newton,45.853344078755086,2,42.34681416769638,-71.25108759036956,290572,17.37194381577137,True,DS2125,504.91469258243626,DS17594,2380.570630961196
892a3066553ffff,Boston,45.82568586811277,1,42.37355899608148,-71.04115943368551,204342,22.61213598107177,True,DS3252,177.32433274551852,DS1965,297.86063850318817
892a3076c6bffff,Lynn,45.76699235593247,3,42.45919469589318,-70.93533171908422,76743,17.851952517443678,True,DS90270,652.4901099575064,DS90390,1095.168389631945
892a3067597ffff,Somerville,45.753719655400616,23,42.39359550659194,-71.09704977084948,330122,32.821744264029014,True,DS90420,390.08048840591823,DS3299,911.7701607179878
892a3064ab3ffff,Boston,45.730335721151285,146,42.27491718314047,-71.13034726000448,244016,98.0191203856407,True,DS89682,1072.347689107995,DS1716,1736.1348554929727
892a3392287ffff,Quincy,45.63368798811885,2,42.239595645143645,-70.98091412362552,46700,29.545391461240005,True,DS2805,606.3835258960213,DS2800,954.0031523893706
892a306ec8fffff,Newton,45.62546187071752,6,42.33374580172845,-71.24336529767308,283962,44.950673442358884,True,DS89808,2010.4853091156294,DS2125,2265.0402409171584
892a339a00fffff,Dedham,45.43912231109822,1,42.23359553608268,-71.17896572668026,195212,15.142641189196455,True,DS89663,467.00189718446796,DS2811,590.7397164834333
892a3074e2bffff,Revere,45.43569952010323,101,42.4176855327233,-71.01912002355888,8359,35.693085684964466,True,DS95032,1433.1259738046213,DS16477,1499.7617867597232
892a306442bffff,Brookline,45.41848706912624,27,42.34256685123573,-71.11314681545751,385326,33.82992351727299,True,DS2532,771.6095843385473,DS90256,874.3653093515946
892a30671dbffff,Cambridge,45.22515794810191,57,42.3796735976251,-71.13006391588445,277540,35.117042539626354,True,DS89959,1309.3142699660398,DS24854,1721.5102866898242
892a3064c17ffff,Boston,45.143190363066914,38,42.29371076314752,-71.09161930873297,268029,4.615874633005429,True,DS89725,419.65198125873593,DS2289,1628.6383628510491
892a3060867ffff,Waltham,45.03124653455615,7,42.39878209263138,-71.22506034799008,226374,37.31608706132893,True,DS3271,1250.2570115843976,DS3385,2289.2385910155353
892a3065a57ffff,Needham,45.02559416851735,63,42.2961471146895,-71.22649122349088,175524,48.14324843686191,True,DS2720,833.068711565537,DS1375,2152.7763775572093
892a306733bffff,Watertown,44.87893634592443,1,42.36263129170486,-71.15892598486549,321451,24.75578625736865,True,DS90016,406.21215025750854,DS90038,1209.0830929469187
892a3076173ffff,Lynn,44.87802468878794,219,42.47920720907298,-70.94455684643172,67546,93.69527246493007,True,DS100557,1300.2548171368485,DS2239,1325.0819940924082
892a30674c7ffff,Medford,44.84346536199587,157,42.41233833173257,-71.12465660277059,288395,39.329189025865944,True,DS100488,1379.6227582318893,DS90146,1628.6373809275483
892a30674d7ffff,Medford,44.78831756782292,238,42.41473287120951,-71.12281992598446,288760,55.18552127987451,True,DS1530,1333.9512475405215,DS90146,1509.3599921168407
892a30675abffff,Somerville,44.77002492363064,10,42.3856491293878,-71.10489351359901,328144,37.91296426735926,True,DS90194,462.944516282373,DS3299,1467.9145572067114
892a3064d43ffff,Boston,44.7688150160876,61,42.277638467425525,-71.09432361076955,268314,61.406050587703476,True,DS89826,1631.0075506995634,DS2289,1803.0964385525278
892a3067433ffff,Somerville,44.70031661041132,42,42.40038358598687,-71.12108788833874,282552,68.49632473008535,True,DS3560,568.7556521135168,DS100488,1083.6155542309239
892a3065acfffff,Needham,44.1824142280335,47,42.29855285312178,-71.22553230491141,175556,42.18005045734429,True,DS2720,1598.262049327729,DS90339,2794.831310046348
892a306465bffff,Boston,44.14556211046477,8,42.35587340080568,-71.15637270853807,325010,16.227673149258692,True,DS89690,701.3924390934853,DS2816,965.2496638876295
892a3075d0fffff,Malden,44.07989257844644,45,42.42306487023052,-71.0502607185559,395613,28.44100301218918,True,DS2539,1148.3974983568037,DS89798,1558.9642841176856
892a33921a7ffff,Weymouth,44.0,1,42.21324165397306,-70.93252656882053,100026,6.814559715962875,True,DS3083,1337.120127622784,DS3014,2539.630570502072
892a3075853ffff,Malden,43.74193099788926,11,42.43028169964811,-71.0859181599953,310985,38.322607571168234,True,DS90148,1174.8737887770299,DS90258,1174.8737887770299
892a3075d7bffff,Malden,43.73533623900399,117,42.423137311871336,-71.0585021860934,394044,9.9741348669446,True,DS89987,836.9645059926144,DS2338,1008.6779557566399
892a30762c7ffff,Lynn,43.67400327473637,2,42.50639527307109,-70.9835118992115,54743,23.323322772046485,True,DS100082,3206.837158773774,DS2328,3444.563039837722
892a339365bffff,Boston,43.63267454253005,31,42.281037386513695,-71.06417457818608,168379,55.59726391844454,True,DS1003,1160.8813241093285,DS89962,1314.9177698229546
892a339261bffff,Quincy,43.53679658470777,1,42.25852178184333,-70.97793453829868,47342,45.429610344418954,True,DS3084,2865.6288702421402,DS2951,3295.1431863118682
892a30758b3ffff,Malden,43.425350483438265,4,42.42493362609213,-71.06410469715534,393820,14.051930491193968,True,DS89987,257.13596897745066,DS2338,428.8494187414762
892a33931b3ffff,Quincy,43.38745116156993,3,42.23847529271075,-71.00750447253564,31597,45.6951569682914,True,DS90190,1063.238919281478,DS100288,1158.2267546012818
892a306543bffff,Watertown,43.30922082909768,10,42.36344977148663,-71.18758380178167,310084,36.197695852242475,True,DS1537,615.2651482740562,DS1570,699.8279494788686
892a3075d2bffff,Everett,43.27498917666814,12,42.41765696588039,-71.0498554958479,395260,13.520132181877278,True,DS2539,527.3731423980355,DS89987,1656.9670446206835
892a306453bffff,Boston,43.23955636146397,32,42.3259475969696,-71.09553172793069,267428,25.312816789844344,True,DS90375,770.1981159734358,DS90421,962.7765540559673
892a3075a3bffff,Medford,43.08201571613583,7,42.41986113201399,-71.10970319155687,316255,37.897996298097574,True,DS1530,369.6609131788713,DS90148,2193.170830203093
892a306418fffff,Boston,43.02999723844843,1,42.31515007613147,-71.10417176892905,263612,14.070697311167965,True,DS100083,868.3932147781458,DS2711,951.0552195338821
892a3393007ffff,Quincy,43.02911926930887,292,42.25354618283495,-71.03377608766414,15681,80.00146353397899,True,DS2163,932.0923328967557,DS1967,1241.8402423999532
892a307458bffff,Lynn,43.01201286875156,189,42.46846284178937,-70.98087381343423,52346,4.708585723237107,True,DS2162,2085.2662313857422,DS3535,2474.880462768692
892a3392857ffff,Weymouth,42.90250397764773,1,42.18320579738449,-70.95419021194058,56622,29.527982080850848,True,DS3475,1441.6459734400926,DS3014,2505.7537925602696
892a306665bffff,Somerville,42.6918998359433,11,42.39294994146161,-71.09279378843792,333847,15.934545727171356,True,DS90420,257.6252303204463,DS3350,891.2438059945625
892a3075897ffff,Malden,42.64495840785751,10,42.43036717264067,-71.06585774617746,400472,3.5679445663655995,True,DS89987,697.5983093672636,DS90316,722.2850783043195
892a33923d3ffff,Braintree,42.40778279553408,73,42.228851034431,-70.9752566657087,48908,14.201282134429475,True,DS2805,1535.239405453789,DS2800,1993.4766586895862
892a3074a67ffff,Chelsea,42.39418400255259,2,42.39901739128439,-71.03897404871313,13143,11.178333310228428,True,DS89744,1050.9751026387355,DS3580,1181.2129820780679
892a3075d0bffff,Malden,42.34197106884479,71,42.42569559180944,-71.0521200155429,395882,51.09700376277038,True,DS89798,1428.6861122567914,DS89987,1458.4071833311573
892a306663bffff,Somerville,42.28218080898884,12,42.38374805219079,-71.0802017558514,381458,28.593914287774545,True,DS2493,850.2554536404581,DS3350,1239.3390137211884
892a3075d73ffff,Malden,41.93181858291686,94,42.42301168997146,-71.05411574602464,395922,20.15743083906148,True,DS89987,1307.6611431334782,DS2539,1450.4950035652473
892a3066b03ffff,Boston,41.91356400847117,161,42.29381009421553,-71.06599497007639,168513,18.32643178951603,True,DS89962,617.2507928527151,DS100187,690.4051041300713
892a3076e6bffff,Lynn,41.57891172089007,108,42.45799054735634,-70.96810910431488,45721,24.150333411216693,True,DS2162,457.1913402340155,DS3535,847.5612721962477
892a306481bffff,Boston,41.51980854630235,53,42.278189976706926,-71.11560146607687,250799,27.157229450231636,True,DS2973,962.6672792862395,DS1716,1635.4630058467849
892a306e533ffff,Waltham,41.379588027566136,2,42.36356274849583,-71.24355017731786,292265,19.780523122129367,True,DS2821,1701.554012555712,DS90428,1750.7727230778735
892a306628bffff,Somerville,41.338671967578215,9,42.3748445836715,-71.08918939453153,374386,12.684094342948322,True,DS90015,440.67864163638933,DS90039,469.867911809476
892a3066e17ffff,Boston,41.31248408313617,1,42.33097714529126,-71.06257250939592,161933,30.681855672175107,True,DS3430,616.0192829264644,DS100146,643.1611376453683
892a3075a23ffff,Medford,41.24665296533952,1,42.41775239411802,-71.10699228090631,313424,31.060527307468792,True,DS1530,561.3456627801918,DS90148,1798.9719750316024
892a3074bcfffff,Chelsea,41.22490505988116,4,42.39331840058514,-71.02301603571723,18873,70.59805251943234,True,DS2701,1347.3526147682926,DS3586,1482.8374277630744
892a3067513ffff,Somerville,41.19354204090348,42,42.39061748497839,-71.10746116942197,321751,14.18906938410383,True,DS3299,827.8381937611161,DS90194,1201.2376937376002
892a339a11bffff,Dedham,41.0,1,42.22110840269055,-71.16290115143217,223845,28.550735907218474,True,DS2811,2096.3489141372866,DS89663,2475.570038524362
892a3076cc3ffff,Lynn,40.96474553689532,85,42.47072698152565,-70.92535823539528,66577,56.741058589828945,True,DS100557,1493.800043099414,DS2239,1610.9516136324776
892a3064673ffff,Boston,40.72854410021205,83,42.34665188494721,-71.14921031365289,326288,7.54532981158428,True,DS100137,850.7812099508511,DS90317,861.1340685675594
892a3067003ffff,Cambridge,40.66660561737237,3,42.387958218689896,-71.13997474895017,276196,43.90768175983984,True,DS1556,761.181516677577,DS2481,1811.0967287042836
892a339227bffff,Quincy,40.63881218866692,31,42.23552482512786,-71.00130260899309,30593,22.938388594476503,True,DS89903,953.0500612362058,DS90190,1548.3487036106426
892a3065513ffff,Boston,40.47038189988202,107,42.35252230154345,-71.17079845923944,324686,35.523464823634384,True,DS2816,1410.7100389977045,DS89742,1841.5790166162162
892a30670a7ffff,Cambridge,40.2886987193419,49,42.38287258042406,-71.1282020368881,277683,22.17584798021788,True,DS24854,1345.423620242531,DS89959,1455.6268434208246
892a3064d13ffff,Boston,40.22123889255341,104,42.27738141096855,-71.07941082441508,121274,36.922045751981656,True,DS2289,966.5441135892493,DS1003,1259.9495432247877
892a33930abffff,Quincy,40.13987086641778,170,42.25349588618964,-71.03023164816557,15789,51.605837572464445,True,DS2163,559.6756573974076,DS1967,1541.0425223285906
892a306459bffff,Boston,40.13230700000192,4,42.3406259742347,-71.0895566588203,380001,2.3912005850771796,True,DS1974,631.0733921797898,DS90297,1097.1255486246941
892a3074bcbffff,Chelsea,40.07417175447411,42,42.39641431033741,-71.02427068075994,19678,27.636280966321575,True,DS2701,1020.4561564615301,DS3586,1076.4569111454025
892a306726bffff,Belmont,40.0,1,42.38221008048194,-71.18607326176588,266065,25.680745310085577,True,DS3374,688.1881436892769,DS3194,1027.937627196799
892a3074e6fffff,Revere,39.9168130974187,189,42.41750807978635,-71.02783262830464,8649,141.11702829087008,True,DS95032,1629.2201759582108,DS1377,1648.2205632960734
892a30648d3ffff,Boston,39.84245096873474,38,42.28657475012496,-71.11365409706255,261721,5.193799289502787,True,DS2973,594.1878686682785,DS90243,1455.3189272278735
892a306731bffff,Watertown,39.82806322350331,87,42.37144215044818,-71.15946269283803,319393,51.987819475426384,True,DS90038,297.5042065236104,DS2481,1224.2385531294833
892a339364fffff,Boston,39.8175598417909,33,42.27457075985908,-71.06449970082487,168284,22.875237595995657,True,DS1003,309.38238360205406,DS89962,2058.835119145923
892a3067437ffff,Somerville,39.73289897949103,55,42.39859489313721,-71.11858506498086,322613,89.15399060533322,True,DS3560,579.5955085409889,DS100488,1245.6348757007684
892a30640cfffff,Brookline,39.65556995424411,1,42.338227701041305,-71.13173716953888,349366,29.11297090547898,True,DS100169,617.2259879299737,DS3044,892.423678010299
892a339224fffff,Quincy,39.4889888275484,125,42.23721699837913,-71.00286659377925,31716,30.841377815567157,True,DS89903,1271.6792655622019,DS90190,1357.8671511854973
892a3065413ffff,Watertown,39.36748387309202,116,42.3716612200561,-71.1861730259475,313936,66.54491560353567,True,DS89981,659.3859838446815,DS1570,778.7223693959562
892a306558fffff,Boston,39.24987784057972,92,42.3525412035728,-71.16628394238235,324717,52.6681992057921,True,DS2816,1359.8792213456431,DS89690,1919.2088076400512
892a306746bffff,Arlington,39.23805179071093,9,42.40221598060619,-71.13796488883095,275701,4.346665899563054,True,DS2535,117.52804404619502,DS2822,284.2059529049873
892a306606bffff,Cambridge,39.131091162841024,1,42.36448013480718,-71.07713719623887,138090,30.5269539650945,True,DS90281,1001.0872151725092,DS90407,1135.0903503825273
892a3075d33ffff,Everett,39.10576027701564,82,42.41949547031476,-71.04297692066487,10621,22.3004404424458,True,DS2539,725.4217796201434,DS89798,1323.3118232773081
892a307586fffff,Medford,39.0,1,42.41854038177068,-71.08798456617885,311343,36.61513134630885,True,DS90148,826.4536312340787,DS90258,826.4536312340787
892a306564fffff,Waltham,39.0,1,42.36828213987592,-71.2325805111569,298022,33.34567397719521,True,DS90089,1244.6739373043474,DS2821,1783.937382441682
892a3075abbffff,Medford,38.96670947209304,13,42.42539220604678,-71.09947893804522,312857,16.105905141859733,True,DS90148,1046.097718319188,DS90258,1046.097718319188
892a3074e27ffff,Revere,38.93986860332921,71,42.41530984337726,-71.01192609835105,8263,57.692029486700214,True,DS95032,587.0732772707158,DS16477,653.7090902258179
892a307488fffff,Revere,38.8952039989982,66,42.40929433014173,-70.99535739319712,29148,55.103781919648,True,DS89919,293.4045195287262,DS89834,1620.395708291104
892a30759c3ffff,Malden,38.844215843370506,9,42.41536625484324,-71.06576723853873,401006,21.760088805219752,True,DS90048,1070.486138282151,DS2338,1279.4377439901086
892a306445bffff,Boston,38.77297680659903,43,42.354882688824055,-71.12551928997736,362133,8.839859608716829,True,DS3200,451.3007242521454,DS89830,740.5846099056834
892a306660bffff,Somerville,38.71869185624274,70,42.38712242939945,-71.0834214978874,334725,31.837146585597015,True,DS3350,791.552710836293,DS2493,1067.565195275412
892a3067477ffff,Cambridge,38.71375425048546,13,42.40019693133085,-71.1307573944576,282851,36.601831456184016,True,DS100488,722.3188044718673,DS2535,753.8266448410515
892a3067163ffff,Boston,38.70308880370247,1,42.363009378007696,-71.13420661272926,354953,38.90234046044306,True,DS3218,668.2253654793568,DS90057,918.6766842244999
892a306641bffff,Chelsea,38.70262578279777,9,42.390153889836775,-71.04971147363536,388896,24.31430097173898,True,DS3580,1461.1232941772653,DS89744,1638.2132855316665
892a306739bffff,Cambridge,38.69970211456141,3,42.37625594360327,-71.15002074334369,319788,11.262835127913963,True,DS2481,396.13563242695443,DS90038,920.906824934038
892a3076ed7ffff,Lynn,38.678636909839184,100,42.4708476133678,-70.95078597066055,68705,38.1716026126076,True,DS2686,1012.4341828934799,DS89936,1244.237092339843
892a3076e9bffff,Lynn,38.53014523185783,221,42.47130518857233,-70.94676586178308,68729,25.39059722564788,True,DS2236,813.9139939535924,DS90390,954.9434102490153
892a3076387ffff,Lynn,38.27195929141055,65,42.484788146086224,-70.95756046963302,61351,29.979573647413147,True,DS2328,474.43124911191416,DS89936,1114.4733348965133
892a30759c7ffff,Everett,38.146087549225626,9,42.412455995708086,-71.06433369444811,393642,80.67396026948201,True,DS90161,1439.9557121468472,DS90048,1502.9578550981146
892a3064043ffff,Brookline,38.07222547097985,21,42.33445973950844,-71.13789107727507,338821,89.32991177201801,True,DS100169,969.9572219251888,DS3391,1067.8767331554182
892a306403bffff,Brookline,38.06062165893872,7,42.32537658140943,-71.12667969732334,255778,15.270253970043745,True,DS3044,1225.4703646587227,DS2760,1520.2051895464147
892a306558bffff,Boston,38.03630764472316,15,42.355002138186805,-71.16822831952062,324608,25.954720917379447,True,DS2816,1598.8365998998133,DS89690,1965.48452009475
892a30748abffff,Revere,37.9380899457399,100,42.40443084237376,-70.9957797894735,29502,109.21207645042797,True,DS89919,799.2251615462495,DS89834,972.6811647993313
892a3393093ffff,Quincy,37.83289590448836,242,42.2643132693842,-71.02493332048364,16364,45.562079073215116,True,DS1534,887.646647467473,DS2669,1226.7707281626076
892a3064833ffff,Boston,37.7346279369954,211,42.26959625823248,-71.10843480827396,250677,24.00606276791877,True,DS1716,1393.1000831605977,DS89826,1615.2904065883201
892a3074a63ffff,Everett,37.59597646212217,3,42.40215163240426,-71.04168487874394,13043,9.258905371184994,True,DS90161,1368.5723178694789,DS3580,1504.0369035151066
892a339052bffff,Braintree,37.57226737181171,1,42.19170664022717,-70.99188888551892,69474,39.85349691896927,True,DS2172,665.1596425404047,DS2116,871.0057828582987
892a3066b57ffff,Boston,37.55138007349,83,42.29695148911787,-71.07257426724999,167162,21.150620042104176,True,DS90274,212.8715502454913,DS90311,917.063183661479
892a3067097ffff,Cambridge,37.54075278675617,37,42.39286234858193,-71.12767315945251,281777,19.410773201994623,True,DS3560,637.6681506525405,DS24854,961.6277179476571
892a3064053ffff,Brookline,37.497514351048224,2,42.33558212218389,-71.13454341127598,339041,14.648397524507969,True,DS100169,639.2324414517956,DS3044,1265.2120015072082
892a306e137ffff,Newton,37.48709174402852,12,42.34237956611552,-71.2601490481121,92436,31.373591683691107,True,DS2125,1422.159618698456,DS89808,2854.3464435865517
892a306696bffff,Boston,37.42978318704293,28,42.287851328292845,-71.04917486902623,172954,19.497727025432585,True,DS89736,671.3471667540848,DS2936,803.7414572769565
892a30665cfffff,Boston,37.2763761675257,1,42.37429387939488,-71.03817394273422,204874,11.026015015886765,True,DS3252,211.822486478067,DS1965,296.4352497923161
892a33921bbffff,Weymouth,37.19960451411043,109,42.21883306410096,-70.93554289386965,99727,64.73588262829516,True,DS3083,1449.3206788047303,DS3014,2700.0298569078222
892a3074bb7ffff,Boston,37.19453239962712,177,42.385088576623765,-71.0023395077572,27413,46.788865434444844,True,DS89660,404.31260262361394,DS2729,2127.061855803707
892a3075d8fffff,Malden,36.93016419696979,19,42.42843460782907,-71.04157535019085,10378,35.38065758781814,True,DS89798,416.7122635115312,DS90279,879.8984923579126
892a30672cfffff,Belmont,36.81549007934787,3,42.39329770469621,-71.17645111971991,269832,18.220859552310323,True,DS100291,577.2702903302851,DS90389,823.67069734406
892a3074a0bffff,Chelsea,36.76715821504265,9,42.40662556052064,-71.03643524836569,12150,29.43871927991164,True,DS3586,1591.4278534095126,DS2539,1678.5517669400551
892a3075847ffff,Medford,36.67244210815434,3,42.42611591901788,-71.0893884432338,310837,23.25869154029342,True,DS90148,726.6771010670699,DS90258,726.6771010670699
892a30294c3ffff,Winthrop,36.45431935335107,164,42.37722908898646,-70.97329727065632,215176,90.65220013919348,True,DS2729,1986.1847120896762,DS89660,2824.008678433456
892a3074e67ffff,Revere,36.38926119165411,148,42.417502835132,-71.02337370837236,8604,6.881216988900899,True,DS95032,1832.2886846302108,DS16477,1898.9244975853128
892a3065533ffff,Boston,36.367343034099726,18,42.34476202003234,-71.16872525250785,330569,8.186537174080263,True,DS2816,1528.561922802398,DS3391,2429.0320132021943
892a3064073ffff,Brookline,36.33520864896381,3,42.32903202932976,-71.13220009801516,339185,42.24348514368311,True,DS3044,1183.4749954020501,DS2760,1478.2098202897423
892a3066637ffff,Boston,36.29637042200557,3,42.38052152495579,-71.0714037125005,387606,8.403264429062919,True,DS2493,414.81029425208453,DS1529,772.2762769560169
892a3074587ffff,Lynn,36.2810540765356,60,42.46609056813657,-70.9736061979576,52584,34.15460518288909,True,DS2162,1139.4583410342755,DS3535,1353.0064583181718
892a3075d97ffff,Malden,36.23840791815193,10,42.43132224189775,-71.03251643980607,9578,34.36305698357449,True,DS89798,726.6093537210066,DS2924,746.9993185539083
892a3065a1bffff,Needham,36.17935851750868,59,42.29608956868047,-71.222748556972,175539,136.30047957538468,True,DS2720,1896.659941617331,DS90094,3006.9819306447607
892a339341bffff,Quincy,36.05223861326324,32,42.277089414166966,-71.02323742970644,175145,61.359203641571526,True,DS100309,963.3002724748517,DS2669,1125.7900352755667
892a3062b7bffff,Arlington,35.97534343681332,3,42.42306044548886,-71.18298432579965,260138,39.98297582253945,True,DS2798,513.2704342253617,DS89739,2190.387121299656
892a3075aa3ffff,Medford,35.91493642219655,128,42.422951427203486,-71.09832153092306,312886,44.20779654368456,True,DS90148,1049.1272832412233,DS90258,1049.1272832412233
892a3066e2bffff,Boston,35.89862387126029,59,42.32305384770064,-71.06883064615886,163760,24.309129340694234,True,DS90020,584.879776858872,DS3430,792.0761113156631
892a306454bffff,Brookline,35.879834498804286,12,42.334851305710174,-71.11226947084202,386662,18.792235986011427,True,DS2532,679.3296206029817,DS90256,799.5493001055823
892a3074bb3ffff,Boston,35.84748848587876,166,42.38805015039659,-71.00442372104072,28084,3.7567087200917872,True,DS89660,925.0909208286007,DS89834,1866.2929672404787
892a306708fffff,Cambridge,35.79376011910707,4,42.39132311697968,-71.13444490340669,283535,53.927427736240524,True,DS3560,1436.9681337556979,DS1556,1451.1386578007146
892a3067313ffff,Watertown,35.719185090782005,25,42.37131117719749,-71.15583101361311,319458,1.3592166274173587,True,DS90038,216.769744093788,DS2481,956.4193934309667
892a3067547ffff,Somerville,35.69148280895224,14,42.38801961065235,-71.11729720921996,323545,33.41762319996567,True,DS24854,264.37959709635027,DS90194,1152.6207427971462
892a3075d57ffff,Malden,35.59403403246139,44,42.4276928902801,-71.05488772786381,395814,24.7978613095806,True,DS89987,1084.2072188810682,DS90316,1288.8153379581624
892a30748cbffff,Revere,35.58333139334879,193,42.41482860436619,-71.0077537472865,37973,81.35755251757666,True,DS95032,589.5834548704277,DS16477,656.2192678255298
892a3029937ffff,Quincy,35.5540370355025,12,42.26813133866769,-70.95304152933653,47755,37.424977155614826,True,DS3084,4976.3042465154695,DS2951,5405.8185625851975
892a3075877ffff,Malden,35.28394313174203,35,42.419870503721846,-71.0828972047682,311490,40.76951177351319,True,DS90148,878.6892453579314,DS90258,878.6892453579314
892a30673afffff,Watertown,35.20183492819186,2,42.36461018097541,-71.14843871526499,320574,9.607600276412137,True,DS90057,1104.4889946484102,DS90016,1304.5118221553985
892a3066e07ffff,Boston,35.02936321342008,1,42.328326205715975,-71.0638287855248,162107,54.07018698504335,True,DS3430,283.0255207146894,DS90020,496.5782478303708
892a3074c17ffff,Revere,34.92749828687116,26,42.4258211666224,-70.9822770080246,37443,19.38049550904334,True,DS89919,2576.9726629961965,DS95032,3465.732658878958
892a3391667ffff,Milton,34.9070126447046,7,42.228662627109365,-71.12073899433302,273881,78.88406830078367,True,DS89797,1946.836789990422,DS3239,3320.905089422971
892a3066a53ffff,Boston,34.89197515567912,64,42.31799216187821,-71.08996991969977,267689,34.58566545984634,True,DS2788,821.5660375937996,DS100083,874.8494053706114
892a307580bffff,Malden,34.88240733401577,29,42.42542282882959,-71.08337905162969,311031,22.881274436333207,True,DS90148,850.8962641882661,DS90258,850.8962641882661
892a306702bffff,Cambridge,34.8601186804074,20,42.37944656769874,-71.14414082400893,276445,31.089233501010725,True,DS2481,884.5584464123418,DS1556,1556.5689102409656
892a3064c23ffff,Boston,34.83729824265526,87,42.28534257003369,-71.09525787589502,268227,8.096679542212023,True,DS2289,817.8126367110567,DS89725,1343.8794687972686
892a306e517ffff,Waltham,34.803342040775334,7,42.36970551255263,-71.24596139346947,295583,11.11732687173902,True,DS2821,855.2574062817007,DS90428,898.0130498005423
892a3074a6fffff,Chelsea,34.714345625611315,2,42.399266564852894,-71.0422627670005,13002,8.971162728338253,True,DS3580,1219.4183103225078,DS89744,1293.0956607724531
892a306e5d3ffff,Waltham,34.69918540711217,9,42.37969231353438,-71.2508149040854,216780,33.73442669001829,True,DS2152,744.1684002802717,DS90428,744.5636865020884
892a3064623ffff,Brookline,34.69779275871546,5,42.34174325289556,-71.13917118183397,349748,28.118108261382893,True,DS95044,247.7896916317966,DS100137,541.9496112494766
892a30648abffff,Boston,34.6559151726884,96,42.27188454878425,-71.10667615977826,272434,13.265193537972285,True,DS89826,1351.06775439685,DS1716,1647.8369553728564
892a30656cbffff,Waltham,34.546897306823595,82,42.376430114874026,-71.22562338248383,302483,20.143697134305302,True,DS2494,673.3897482444758,DS90089,1381.4413301353516
892a3067053ffff,Cambridge,34.506615427807894,5,42.39385454129467,-71.14972309178464,275112,45.12027400060249,True,DS1556,986.8941826408756,DS100291,2618.699747887929
892a3066bb3ffff,Boston,34.43322213979602,189,42.29385501656205,-71.05298683635698,173319,43.00020925880605,True,DS89962,959.7401687104502,DS100187,1080.4511044125895
892a306e92bffff,Needham,34.20297430143644,3,42.284817381919474,-71.25277456888294,170024,16.309363812505524,True,DS100070,1572.8461574095033,DS1023,1648.5094286311962
892a3064853ffff,Boston,34.16544375321579,93,42.28014348631716,-71.1217989970896,251970,32.388739034599816,True,DS2973,871.100292827684,DS90243,1245.7354823611038
892a3075aafffff,Medford,34.119788437481176,45,42.420895304729335,-71.10050731425868,312586,67.3238532939357,True,DS90148,1142.2396701207201,DS90258,1142.2396701207201
892a3065647ffff,Waltham,34.0,1,42.36887254175616,-71.22643516575775,302267,45.91965070974216,True,DS90089,1271.248231238107,DS2494,1620.2180879283555
892a3074b77ffff,Boston,33.99801862704165,46,42.38223299128402,-71.02108694616537,18576,27.286509946327318,True,DS1965,1832.491814336846,DS3252,1879.8789952474685
892a3067167ffff,Boston,33.98974764898796,49,42.360622387464,-71.13213776257267,351968,22.174064646127118,True,DS3218,638.8747698395624,DS89830,977.0350230741667
892a3067633ffff,Arlington,33.938983320016995,13,42.40193452840815,-71.15083769143821,294209,24.918539149811618,True,DS1370,1228.0101270172468,DS2822,1265.2468974394549
892a3064d83ffff,Boston,33.865578115961696,94,42.27961454426297,-71.0727366211542,124673,19.379755240649292,True,DS1003,1069.1126875519165,DS90311,1446.8462631594202
892a3060b2fffff,Waltham,33.802980538957215,2,42.377605517285005,-71.2343048089541,297342,21.99058218920122,True,DS90089,320.1698881066244,DS2821,931.3887908189027
892a3066b6bffff,Boston,33.80205012429589,64,42.288339066256,-71.08059992033202,125133,38.477791160364255,True,DS90311,793.2318421611784,DS2289,1111.2830088469047
892a306716bffff,Boston,33.69159721682037,1,42.362526862206806,-71.13809893208534,355074,35.16143412880832,True,DS3218,449.64489560141834,DS90057,572.6119096148062
892a306755bffff,Somerville,33.656099029687304,13,42.39372957970348,-71.1221618368562,282322,13.234196204386828,True,DS3560,348.7278345609935,DS24854,831.8241286070865
892a30758cbffff,Malden,33.556484432554115,11,42.432790049641895,-71.08420300093965,310947,61.65249552105578,True,DS90148,1750.2205975480233,DS90258,1750.2205975480233
892a339a60fffff,Dedham,33.53212098531117,3,42.25431742215684,-71.1927906860278,182140,62.98391438277236,True,DS2667,2118.1204810078207,DS89988,2592.937880851384
892a3060b27ffff,Waltham,33.496052033187304,35,42.37662439815673,-71.22820805584398,297610,35.22978679380359,True,DS2494,619.8593240135822,DS90089,851.8988332763272
892a30669afffff,Quincy,33.41819791587076,1,42.28799926612475,-71.02463910442026,174284,44.86774137006449,True,DS2932,539.6094197960932,DS89736,2223.2457276851383
892a30759c3ffff,Everett,33.36488933831367,27,42.41461426780897,-71.06436156460074,393649,21.307281498732998,True,DS90048,1209.0889655462595,DS2338,1263.5025623535237
892a3064a87ffff,Boston,33.36426580268238,115,42.27735322077283,-71.13239554565828,243496,106.18025332427108,True,DS89682,902.4369230109552,DS3335,1309.3074765761835
892a3076cdbffff,Lynn,33.29106036051732,3,42.47466108481541,-70.92878899542372,66457,12.115262234896724,True,DS100557,957.8093520746517,DS2239,1074.960922607715
892a33931b7ffff,Quincy,33.09375097195286,74,42.23494930250291,-71.00483179254663,30620,44.80176207677575,True,DS89903,1049.1578524603128,DS90190,1554.0383586257078
892a3075d8bffff,Malden,33.083038605878656,14,42.43087995606464,-71.04325138536532,10068,56.96770189307445,True,DS89798,283.11392979931406,DS90279,766.2567764914809
892a3076ea3ffff,Lynn,33.0590559139037,2,42.46178128817674,-70.94204413415835,76481,11.91144563740365,True,DS3466,515.8566266634082,DS90390,635.7363269452495
892a3074ecfffff,Revere,33.005784693763246,2,42.43197667213065,-71.02181102233985,9068,8.664410032839372,True,DS2924,284.89830066765586,DS90279,1620.0311035726052
892a3066cc7ffff,Boston,33.0,2,42.3371591292068,-71.03575461081643,186602,18.474995465207574,True,DS90196,287.56318550508723,DS2133,1168.1419893937873
892a30676cfffff,Arlington,32.97763345896663,10,42.41182242810133,-71.15885757448358,258499,41.49684461079167,True,DS89739,859.067800598042,DS1370,1374.8511440671537
892a3066093ffff,Boston,32.954433287260834,4,42.37781662515735,-71.05475797551733,204001,16.462723528776646,True,DS90397,286.91649756211456,DS1529,1278.6620300006418
892a3076ccbffff,Lynn,32.91885986768782,4,42.47003873352555,-70.92914029310747,66821,7.380561753480298,True,DS2236,1375.0549918097872,DS90390,1576.7687379201273
892a3065013ffff,Newton,32.876120852058165,1,42.35261170524248,-71.1997969864945,308139,39.46274335721189,True,DS90399,931.7754676132674,DS90349,1072.1797498685
892a30676bbffff,Arlington,32.864125947059854,3,42.407030975101605,-71.1486697251134,294137,66.97007331659417,True,DS1370,507.7964577562117,DS2822,1031.123571923213
892a3074a6bffff,Everett,32.826552319788995,3,42.40089997333816,-71.04579729956906,12811,35.12087042939514,True,DS90161,1332.8753297319756,DS3580,1628.1250430559667
892a3074b07ffff,Boston,32.81647525269084,65,42.38429724087295,-71.0146403543012,20558,55.3629614501771,True,DS89660,1467.4082491778859,DS3580,2249.940908729227
892a3074843ffff,Revere,32.81364083366184,106,42.40927800773304,-71.01204241688049,20174,19.713520747017647,True,DS95032,328.7279889436454,DS1377,330.62791288990906
892a3075b03ffff,Medford,32.739749014836086,1,42.40708386493224,-71.09506227430205,312273,23.736291584918458,True,DS2912,1202.8443683463897,DS100163,2113.661981343169
892a306748fffff,Medford,32.71999864903348,4,42.40902398248123,-71.11934186337402,317058,17.049505183991055,True,DS100488,1329.4870496174171,DS3560,1701.8293423761077
892a3074a93ffff,Revere,32.62997092005561,51,42.415710615631234,-71.02141724876418,8607,85.20873113299525,True,DS95032,1315.6059410317544,DS1377,1334.6063283696167
892a3066607ffff,Boston,32.53693444672071,5,42.38417733842336,-71.07741690202562,381859,21.40327548715774,True,DS2493,598.4346084850986,DS3350,1253.8968687310826
892a30758a3ffff,Malden,32.50886393370786,8,42.42237398618835,-71.06686509947887,400850,33.8599009756668,True,DS2338,379.88455811061385,DS90316,434.1167999382487
892a3075d03ffff,Malden,32.480037480838384,25,42.42515568852992,-71.04771764137249,10480,38.75841118856942,True,DS89798,1252.0971261057368,DS2539,1571.1623105847023
892a3064417ffff,Boston,32.406780386704035,7,42.34955196239819,-71.10579214670875,384355,64.27141614454113,True,DS89999,1121.7007301842277,DS2064,1180.0682133798234
892a339342fffff,Quincy,32.403817880783926,144,42.26419814108894,-71.0206462720742,16561,43.596833621835394,True,DS1534,453.0214818992186,DS2669,1071.6865010199097
892a3067683ffff,Arlington,32.36128456232348,31,42.41246501992859,-71.14783388590965,293933,39.17010002949271,True,DS1370,599.5532772691454,DS2822,1242.0881405990406
892a3067453ffff,Arlington,32.305632457723505,6,42.41186212085318,-71.13501825407332,287216,21.436979414961076,True,DS2822,1186.4546456828032,DS100488,1264.2715384129717
892a3075c2bffff,Malden,32.29370701788216,2,42.43558271224313,-71.06537290274758,399441,41.05965423045432,True,DS89987,1347.1674676294133,DS90316,1377.7309906180735
892a3076327ffff,Lynn,32.2911236193552,47,42.471188630934414,-70.96452327655977,68232,51.07525759151231,True,DS2686,675.7755174073477,DS3535,1227.7656766044427
892a306667bffff,Somerville,32.25935675443863,10,42.38533093879652,-71.08980983332432,335203,37.560647993966114,True,DS3350,1014.0128433703918,DS90015,1208.3120041014447
892a30666d7ffff,Somerville,32.12421312896161,2,42.39532474649748,-71.07803484010009,382068,1.9920701774641225,True,DS90357,371.3266550670531,DS3350,998.7443448050811
892a306508fffff,Newton,32.12387914794183,1,42.35313176321914,-71.19730143561357,308144,40.57132633832485,True,DS89742,928.7565940252883,DS90399,990.7984497902825
892a306296bffff,Arlington,32.06007089837194,39,42.420488595133975,-71.1542715869796,294602,8.804119400600976,True,DS89739,877.1556668563824,DS1370,1553.6268872369417
892a3062b17ffff,Arlington,32.0,1,42.426374806564354,-71.16873627152019,259635,35.86973846631488,True,DS89739,1613.6994211104784,DS2798,1879.5047062858057
892a3392867ffff,Weymouth,32.0,1,42.173041549902166,-70.95034438058771,56872,20.924410219838137,True,DS3475,720.0194134495347,DS89637,2823.4434006716865
892a306734bffff,Watertown,32.0,1,42.370058273015445,-71.17197833301661,319081,25.99593473979429,True,DS1570,1241.4110609274562,DS90038,1319.7515272295539
892a339a493ffff,Boston,31.96848233569693,82,42.26384395105533,-71.1486255422808,225416,31.435577592287377,True,DS89682,1989.1466686207204,DS2770,2494.4581078042597
892a3064007ffff,Brookline,31.94378190572344,31,42.328750596858654,-71.12476024093796,342758,44.84214621507694,True,DS3044,947.8429473454893,DS2760,1236.952786904251
892a3066e87ffff,Boston,31.917056685357863,37,42.33437222173024,-71.0522564504688,185510,21.196003304882858,True,DS100087,648.0973434858846,DS2133,669.793927351278
892a3067377ffff,Watertown,31.78820047070374,1,42.36310304173993,-71.16233981494194,321492,23.974987933742366,True,DS90016,551.93211086033,DS90038,1277.4574422794296
892a306435bffff,Brookline,31.697440321124112,8,42.31823549190559,-71.15712550801199,231002,28.141561813015624,True,DS2712,1302.0989167865062,DS90323,1471.1222316300082
892a3393167ffff,Quincy,31.641208363352483,1,42.22917122466308,-71.02980418774493,24850,37.51602804409886,True,DS100292,1107.404610826956,DS89991,1792.547189784504
892a3075a6fffff,Medford,31.54677202538289,132,42.41683383903429,-71.12063537942807,288804,81.82968280670364,True,DS1530,1001.6389654544719,DS90146,1530.5968050584243
892a3066497ffff,Chelsea,31.45177411396226,32,42.39233123580757,-71.03452199300585,14541,17.64669572385277,True,DS89744,30.013602024202584,DS3580,260.6859766000359
892a3064c93ffff,Boston,31.433913212679897,65,42.30170874613981,-71.08448169651528,126470,33.17837879882658,True,DS3011,1007.3314035870422,DS89725,1022.067686546082
892a3076163ffff,Lynn,31.39169121036528,221,42.47676547410701,-70.94674759699004,67550,49.59329637038096,True,DS89936,1303.1266299216782,DS100557,1382.3794176814383
892a3075d0fffff,Everett,31.282306071541356,37,42.42229548122452,-71.04891250734428,395646,12.003800325627884,True,DS2539,1066.5858857104608,DS89798,1329.3556943992355
892a306537bffff,Newton,31.192418707237792,30,42.32886020273448,-71.23060760053414,284125,86.45394280391734,True,DS1736,2126.37757322423,DS3522,2291.4838117295712
892a30663cbffff,Cambridge,31.160417672786163,3,42.35936700173241,-71.08718525764469,133181,3.4922678459359346,True,DS90407,417.99849834148233,DS90281,1576.1257757425587
892a3393557ffff,Quincy,31.14746221025174,2,42.25881399232468,-71.01149715195572,38390,65.12221206647236,True,DS1534,1402.6024702884708,DS3084,2069.9382593229225
892a3075a87ffff,Medford,31.13769644854977,6,42.42790442073028,-71.09813000157665,310775,31.757762910586248,True,DS90148,1532.5847258302445,DS90258,1532.5847258302445
892a30670b7ffff,Cambridge,31.08964053038934,61,42.38478583449696,-71.12562553624413,281615,34.23619318676956,True,DS24854,1067.325036345972,DS89959,1646.8995979081092
892a3074857ffff,Revere,31.07755513378317,186,42.409492207735646,-71.008024760249,28743,49.729568988416986,True,DS95032,563.5235425940139,DS1377,577.5899927693279
892a3066e6fffff,Boston,31.0054345030794,80,42.32274830776769,-71.07623561975655,125772,8.256447946005165,True,DS89942,1124.2796217801576,DS100528,1156.3188223172865
892a306682fffff,Boston,31.0,6,42.30140988644882,-71.05092272154009,179405,20.272426833909243,True,DS2844,479.0969414314648,DS3425,890.3342057429134
892a3060b2bffff,Waltham,31.0,5,42.3795801072291,-71.23573313805436,221499,11.633195139238094,True,DS90089,586.3972241159945,DS2821,1046.051878122614
892a3075b5bffff,Medford,31.0,1,42.410932201309045,-71.106797865674,317894,17.98082816975672,True,DS1530,1136.3569875341796,DS3299,1877.1928655090687
892a306534fffff,Newton,30.986094150559428,35,42.33150654448573,-71.23232074748898,284138,59.648877385710605,True,DS1736,2353.368441995035,DS3522,2502.07573764439
892a339229bffff,Quincy,30.896912007322715,58,42.245187247669854,-70.98392499663703,39886,53.23680578774608,True,DS2805,898.6394161709503,DS2951,1077.4457220921352
892a3064d8fffff,Boston,30.82115126281183,211,42.277691358524365,-71.07522451063208,124662,23.390052328512063,True,DS1003,919.5722976887812,DS2289,1443.6483181735225
892a3074953ffff,Revere,30.71412314097644,2,42.39410783363962,-70.99384964716754,27856,6.817399454537105,True,DS89834,1340.1619698033737,DS90024,1395.5579495498516
892a3064e47ffff,Boston,30.62294868940816,104,42.29314588608075,-71.13605041748791,243104,25.476712410168524,True,DS3335,1063.7135988122518,DS1243,1086.0619880384056
892a3066297ffff,Cambridge,30.49718812663953,6,42.37290189649173,-71.08196054849903,137358,21.951113563042803,True,DS90281,384.4898805892266,DS90039,401.6248371599989
892a30675afffff,Somerville,30.483743896642917,19,42.38193866000684,-71.10150235332686,328426,10.67612740489855,True,DS90194,496.3330084515868,DS90015,1174.0192655584776
892a3066ab7ffff,Boston,30.476940004920824,11,42.30937266265993,-71.06405853780296,163130,22.760058272402883,True,DS100084,491.4572323979403,DS90380,604.3840601431183
892a339311bffff,Quincy,30.455237756722767,77,42.24026587433283,-71.02234480078337,17640,22.24446814819854,True,DS100288,1872.12057210033,DS90190,1943.1959338728304
892a30645cbffff,Boston,30.39847579814544,1,42.33975507249978,-71.10328540299626,385954,33.180917858815775,True,DS90256,440.7912147556788,DS2532,549.4431769525062
892a3392633ffff,Quincy,30.365720852214828,13,42.25112110972529,-70.96856095209145,47113,12.724003824505997,True,DS3084,4247.804094844359,DS2951,4677.318410914088
892a3065cd7ffff,Newton,30.358994099653405,7,42.32058320356574,-71.17179470922561,189151,29.39768917829075,True,DS90323,528.674064993723,DS2712,839.5188975061474
892a30674d3ffff,Medford,30.28522135166724,64,42.416841566218864,-71.12429761504059,288684,37.63860936131311,True,DS90146,1226.8720959819093,DS1530,1234.6228263359496
892a3075b6fffff,Medford,30.242636584077697,11,42.39850201706792,-71.10559105534772,318525,41.34870411975305,True,DS3299,348.02773839620755,DS90420,1170.6570198529216
892a33923b7ffff,Weymouth,30.13995379753112,78,42.21595894746476,-70.95953603950124,55697,17.606580245767525,True,DS3025,1312.4816221164765,DS3014,2682.694763122358
892a306722bffff,Belmont,30.116738094282866,83,42.37993160425396,-71.17354462350004,269241,4.47256027227978,True,DS3374,708.1108293931904,DS3194,1809.7071653433059
892a30645d7ffff,Boston,30.077669811673,2,42.33907138539215,-71.0919751822659,380140,14.45691963568988,True,DS1974,905.9059824013145,DS90421,923.474180818576
892a306746fffff,Cambridge,30.07606049796872,27,42.39854053095571,-71.13629182291888,283661,2.244266236038444,True,DS2535,473.9615703977164,DS2822,775.4462923190877
892a3076123ffff,Lynn,30.000000000000004,2,42.47449081981951,-70.93780170414655,67340,21.254083963739642,True,DS100557,875.6650308614456,DS2239,992.816601394509
892a339a507ffff,Dedham,30.000000000000004,1,42.233461154907296,-71.14141878899238,244977,81.99250518347677,True,DS89797,2647.4739607317497,DS3239,2816.578849772599
892a30658d7ffff,Newton,30.0,1,42.30255804948692,-71.18657810293965,188078,58.62364933678796,True,DS90339,3630.534262342008,DS1981,3964.827065410841
892a306e55bffff,Waltham,29.9616167199664,35,42.37405171064485,-71.26312858207473,153037,28.69544509735883,True,DS89647,750.2194767435967,DS100539,750.2194767435967
892a307494bffff,Boston,29.904220711636512,170,42.39051011519722,-71.00202626247149,27992,37.0089330799491,True,DS89660,1603.6163142943,DS89834,1609.4340205267024
892a3067583ffff,Somerville,29.83901546634509,25,42.39299393181364,-71.10020093221998,330003,52.45676789804495,True,DS3299,667.7906006731869,DS90420,796.4856461462965
892a3060ab3ffff,Waltham,29.780275468221834,23,42.406397007098974,-71.2362976965892,227644,33.81338839682982,True,DS3271,793.1141902864093,DS3385,1073.567122312324
892a3065cd7ffff,Brookline,29.75982995764716,3,42.32022673129293,-71.17093614590442,189113,43.32618096982307,True,DS90323,676.2294998699914,DS2712,987.0743323824157
892a30759cfffff,Everett,29.72744800944368,12,42.41257179570815,-71.06659646361102,401030,7.835810291900055,True,DS90048,1245.6443949087193,DS2338,1690.4988850866066
892a3076c57ffff,Lynn,29.692190289301863,224,42.46598347289791,-70.92923211681371,66775,20.35855231662099,True,DS2236,1402.9901241098753,DS90390,1420.9988562402705
892a3076397ffff,Lynn,29.682005137885785,181,42.4873456907053,-70.95561541258857,61345,9.849019343719567,True,DS2328,564.213075537074,DS89936,1412.650152343396
892a3064193ffff,Boston,29.671879731312437,1,42.321366581766384,-71.09879078656103,266711,40.481991960539375,True,DS100083,379.0288943460135,DS2788,572.2256907284922
892a3075d47ffff,Malden,29.64375603691404,140,42.42578068170822,-71.05690533619193,394170,14.31511818311726,True,DS89987,901.9580918007341,DS90316,1106.5662108778286
892a306646bffff,Boston,29.579727707968747,10,42.3815362344788,-71.06218295313307,388255,9.430959784866385,True,DS1529,854.2813275139468,DS90397,955.7139675273096
892a3075ddbffff,Malden,29.4322251532828,10,42.43649003122003,-71.05142597995598,399035,24.423343817771872,True,DS90279,1477.1263075290676,DS89798,1716.4826713286416
892a306718fffff,Cambridge,29.425976586891792,6,42.372089560705575,-71.1190964914901,360857,9.795159239221407,True,DS89959,221.75437188672606,DS1058,1143.281045438522
892a33921b3ffff,Weymouth,29.39735460672016,77,42.21856447420678,-70.93149561291446,107814,10.181551823251352,True,DS3083,1382.5869361517073,DS3014,3107.183501874964
892a3066057ffff,Cambridge,29.39373220157467,2,42.37094586226257,-71.06975857981027,151029,10.519868338057478,True,DS90281,948.7974095197455,DS1529,1238.029556402037
892a30648b7ffff,Boston,29.33453068981485,114,42.27203061886195,-71.09787078443796,272229,41.550743316158005,True,DS89826,835.7745504073066,DS2289,2175.498173005527
892a3064097ffff,Brookline,29.333380519958133,15,42.33647379982624,-71.1140682935099,386700,78.11245769039077,True,DS2760,741.7233237348861,DS2532,896.6249028523556
892a3064cb3ffff,Boston,29.33266319329626,63,42.29447203090486,-71.0831304602497,121030,16.631094449747696,True,DS89725,625.9625964373803,DS90311,1232.4258739954346
892a3074a4bffff,Everett,29.244476192894105,223,42.40950596069915,-71.04778790953769,389458,54.258360656927934,True,DS2539,957.9394866470166,DS90161,1070.4625052286533
892a306e5cbffff,Waltham,29.18213693070208,13,42.37681761658411,-71.25601918221126,153116,58.336870058733794,True,DS2152,729.015680564292,DS90428,794.2947225693235
892a3074a97ffff,Revere,29.03128583711683,136,42.41165375136555,-71.01879142805883,20025,21.435398990904613,True,DS1377,753.3198915365261,DS95032,772.2522968313328
892a306745bffff,Arlington,29.00913623412044,56,42.41207918491788,-71.13863571995206,292954,16.670903660414577,True,DS1370,1176.0201211543013,DS2822,1262.8261224873377
892a306528fffff,Newton,29.0,1,42.35205139794213,-71.22640288325071,304909,21.065304913782573,True,DS17594,338.7479052757762,DS90349,1824.1884850475492
892a3074a27ffff,Chelsea,28.957209459561174,76,42.39620577977831,-71.02869546625875,19039,6.391558975945736,True,DS89744,673.4009150535669,DS3580,852.64591605792
892a306400bffff,Brookline,28.91855815277126,14,42.33164375509698,-71.13167136988834,338982,21.866831801400064,True,DS3044,918.0120505193222,DS2760,1229.9809303046666
892a30641cfffff,Boston,28.882228877462776,12,42.31902107584923,-71.1155320481464,257226,5.0024556117051775,True,DS2711,348.3266148839433,DS1966,1146.5668949099547
892a3074a4fffff,Everett,28.80751232623283,43,42.4068413908833,-71.04502943639663,12646,62.3630034594059,True,DS2539,1254.2207477925037,DS90161,1300.392082991814
892a3074a0fffff,Chelsea,28.765284585859888,4,42.40496607454826,-71.03539067539147,12223,14.779986090214205,True,DS3586,1330.829217560758,DS2701,1765.2139345870762
892a3393457ffff,Quincy,28.69721365706496,80,42.277289574776006,-71.02681716372649,175100,38.0296024408886,True,DS100309,834.6908305766676,DS2669,1001.3363567085562
892a3393467ffff,Quincy,28.56253208589324,60,42.26600545364552,-71.0266176903664,16278,68.79429742245473,True,DS2669,849.0103152419332,DS100309,1008.5411862018775
892a3064e73ffff,Boston,28.5586877187958,244,42.291095647823326,-71.13460003267075,243189,49.12900961508324,True,DS3335,835.9573780934173,DS1243,866.0785487729822
892a339238bffff,Braintree,28.49406719979762,79,42.22429560756363,-70.97100848355892,54899,29.721527488187306,True,DS2805,2318.85223237669,DS3025,2687.803801357545
892a339a603ffff,Dedham,28.467879014688837,7,42.25616514581791,-71.19020293585602,182338,27.27373827930109,True,DS2667,1859.9643161029358,DS89988,2334.781715946499
892a306661bffff,Somerville,28.4221859478454,1,42.39138139229109,-71.08069137649554,382165,38.28666102614801,True,DS90357,343.89208682919343,DS3350,762.4287044845984
892a3075d63ffff,Malden,28.36138864307847,30,42.4202467877091,-71.05679248300746,394217,12.704426258548818,True,DS89987,1073.8179941574958,DS2338,1235.677633807055
892a3064e87ffff,Boston,28.265959671700195,28,42.29636416731571,-71.11763233382395,255323,5.7917226067624865,True,DS90243,1242.6443914249194,DS1243,1626.0771296844266
892a3064837ffff,Boston,28.25326027645376,192,42.26693266665252,-71.1064024161492,272458,26.630922626453902,True,DS1716,1525.6564661384866,DS89826,1575.7073331169863
892a3065167ffff,Newton,28.168748150918542,1,42.32357338069617,-71.19739692095028,183933,41.95065376810144,True,DS90289,1040.0218709086485,DS2146,1090.9005594478697
892a30641c3ffff,Boston,28.124813752226316,28,42.320020619733256,-71.11491487611099,257062,54.16769858881178,True,DS2711,416.66282688217257,DS1966,1281.5168040621988
892a306e5c7ffff,Waltham,28.0,52,42.37359622642649,-71.25075210711297,295997,34.41445311142052,True,DS2152,359.83420181664656,DS90428,531.3344558275505
892a3074b63ffff,Boston,27.987551280298007,28,42.38248554029089,-71.02617769028053,18324,128.65740069938252,True,DS1965,1527.3363513675088,DS3252,1579.8557986316018
892a30758d7ffff,Malden,27.843418316325916,50,42.433305685617086,-71.07630414415867,405177,98.64857945553882,True,DS2205,1520.366130475562,DS90316,1553.320919085377
892a30671c3ffff,Cambridge,27.822900321008834,25,42.3774207455977,-71.1284415764388,356703,8.238347075971294,True,DS89959,948.548939523959,DS1058,1751.746748019101
892a3393443ffff,Quincy,27.617076522019108,3,42.27756010018775,-71.03035520704337,174984,24.441715846587954,True,DS100309,741.5398932180301,DS2669,911.169666048731
892a3075d6fffff,Everett,27.596646465801317,9,42.41745129040402,-71.05809001531354,394249,22.645951661944146,True,DS89987,1371.9420361783825,DS2539,1456.3748558042669
892a307580fffff,Malden,27.579490036368902,28,42.42261566054761,-71.08018940555642,404890,15.71780206909946,True,DS90148,899.1514874537332,DS90258,899.1514874537332
892a3060a87ffff,Waltham,27.485305458146783,38,42.40897029168052,-71.23752402761451,227636,44.78081246048796,True,DS3385,1014.227602780346,DS3271,1241.088425871119
892a306742fffff,Cambridge,27.438900886468453,18,42.39562597045995,-71.1267312771991,281860,28.448324744714746,True,DS3560,457.59698885418834,DS24854,1196.6915814290676
892a306542fffff,Newton,27.43442355254768,3,42.358452254103554,-71.18762615211885,310254,17.95209895552438,True,DS89742,393.3475839268936,DS1537,890.7922392033064
892a3066b43ffff,Boston,27.351841888293503,144,42.29652389533723,-71.07705500545347,125005,51.054592975410074,True,DS90274,582.8560292111301,DS90311,970.6038940281265
892a306709bffff,Cambridge,27.29598976309855,66,42.39594749954343,-71.13455585698948,283498,27.398186806726528,True,DS2535,1058.8715844407936,DS3560,1179.046882925204
892a3066253ffff,Somerville,27.257733150936577,21,42.37545185710832,-71.10334103325691,369451,26.889384369114342,True,DS2251,195.27231239037343,DS1111,297.74023559046793
892a306eba7ffff,Needham,27.216597452620785,39,42.28828201082933,-71.2686924628197,110894,33.55000497219727,True,DS100070,3142.19295000803,DS3549,3165.591852689422
892a30759afffff,Everett,27.07651602049792,1,42.40198139696679,-71.05331918597774,389159,55.58922336314609,True,DS90161,793.5581357065332,DS2539,2145.046210111561
892a3074e0bffff,Revere,27.062523660004107,5,42.4255978525038,-71.02181717138225,8469,76.27039702811236,True,DS2924,826.4638287332526,DS90279,2150.921352808008
892a3076e17ffff,Lynn,26.9643026057404,5,42.46431685761873,-70.94960686961095,74640,10.875115570883088,True,DS3466,387.2051052680371,DS90390,586.2685853945148
892a3065507ffff,Boston,26.913057683769107,104,42.34783061634867,-71.1703558967593,330691,40.98060328043041,True,DS2816,1350.0789822162276,DS89742,2178.7062790763653
892a3064ddbffff,Boston,26.50086815067718,90,42.2860541180704,-71.08537993441813,120979,24.82773986474172,True,DS2289,722.313118013988,DS89725,1179.989499271404
892a339a48fffff,Boston,26.49496549410412,38,42.259637318792265,-71.15187456473491,225298,69.54972433297068,True,DS2770,2126.20106846926,DS89682,2578.944516499468
892a30641bbffff,Boston,26.41800206711809,1,42.31264691467747,-71.10098643379874,266979,31.43385587073132,True,DS2788,712.1175224514503,DS100083,938.0888284197694
892a3064d8bffff,Boston,26.348144277911477,183,42.28032558577583,-71.07705975382292,121353,118.40020225395361,True,DS2289,1048.914957342724,DS1003,1476.0766431135953
892a306567bffff,Waltham,26.28435999193562,76,42.36563074982105,-71.23084886538368,298810,66.68771301393654,True,DS90089,1641.6400265283319,DS2494,2070.0386779713344
892a3064137ffff,Boston,26.23730684595809,3,42.30530315955204,-71.10684942561939,262826,45.78210329863174,True,DS1966,1212.8108521236197,DS2788,1757.1553452580877
892a3075b23ffff,Somerville,26.191669250681425,6,42.39771387130663,-71.09262713588426,333568,13.468955845304281,True,DS90420,920.09804071619,DS3350,1251.3823540451829
892a3074893ffff,Revere,26.18577763868315,1,42.41498259691964,-70.9903296029635,37610,50.36717893194673,True,DS89919,1279.8837853059165,DS89834,2391.316520065599
892a306566bffff,Waltham,26.181423122998428,209,42.363541266123214,-71.23228559872305,291980,41.03570414162824,True,DS90089,1715.8237309271494,DS2494,2144.222382370152
892a30654d7ffff,Watertown,26.135123268498106,93,42.37611781562435,-71.18609282442327,314570,56.7712052254709,True,DS89981,1127.2801556246711,DS3374,1171.152553166804
892a306ed87ffff,Newton,26.0088958950724,32,42.31550377134499,-71.22482476394397,176073,33.54327335537354,True,DS3522,1589.8222449735792,DS90339,1598.0830179558789
892a339048bffff,Braintree,25.982611821388744,94,42.22440665428813,-71.0015365847266,30908,33.36171086440467,True,DS89903,838.172327236662,DS89991,2617.3865231295695
892a3067007ffff,Cambridge,25.98056536692652,17,42.38492429762687,-71.13833471429423,276049,80.61720831453532,True,DS1556,971.2750842458299,DS2481,1845.5845643151679
892a3065537ffff,Boston,25.90689727385755,80,42.34229353722465,-71.16664891295727,330514,27.39385074236816,True,DS2816,1383.7451423136333,DS3391,1935.7397115026936
892a306449bffff,Cambridge,25.873383728002167,26,42.3582569472546,-71.10583285716017,363645,25.864213977676332,True,DS90185,923.8612280992812,DS3060,1058.6507882217925
892a3066947ffff,Boston,25.819179817400645,3,42.29287553619187,-71.04431313222794,173698,32.24548773900954,True,DS2844,919.7885861870187,DS89736,1194.7648755029172
892a3064427ffff,Boston,25.81454037031736,9,42.33861433995242,-71.10802944004257,385700,39.91768398458006,True,DS2532,174.48058759285047,DS90256,290.48180157126006
892a3074acfffff,Everett,25.747276554833118,42,42.41260860700848,-71.03660269496334,11010,103.18712042022291,True,DS2539,1033.5128631563948,DS3586,2261.6713158236685
892a3065453ffff,Watertown,25.69041976808548,82,42.3748605071116,-71.19686510588983,314306,19.963486965326975,True,DS89981,964.4819605211233,DS2849,1365.9086671130574
892a3060b0bffff,Waltham,25.6656063775562,4,42.38668286455328,-71.2399147122351,221168,22.587255935033095,True,DS2821,1437.3870311967448,DS3578,1514.0087606783802
892a307612fffff,Lynn,25.6640994486982,59,42.47072090168688,-70.93906090150594,66911,6.642435164491066,True,DS2236,851.8966779233606,DS90390,1053.6104240336997
892a339a68fffff,Dedham,25.61800889678737,4,42.2597683234071,-71.18334841968701,194413,29.11499847944574,True,DS2667,2149.3841794172113,DS89988,2624.201579260775
892a3075bcbffff,Medford,25.58700301466992,22,42.41500504339724,-71.10058728224311,312508,42.0933041659689,True,DS1530,1181.6771509580974,DS90148,1607.2886463964028
892a306718bffff,Cambridge,25.558358453189776,12,42.37479171892981,-71.12182613161745,357114,31.62765900904219,True,DS89959,317.6251763548216,DS1058,1243.0301724485137
892a306e503ffff,Waltham,25.480222995184235,8,42.36942508945446,-71.249804867726,295668,14.093072378209628,True,DS2152,831.4524195634814,DS90428,989.9862187901078
892a3060927ffff,Watertown,25.477545561782144,130,42.37692585459841,-71.19835250909414,314365,12.517041352039021,True,DS89981,1278.6923105796961,DS2849,1349.4613400724747
892a30646cbffff,Boston,25.46716248719006,3,42.35789739183847,-71.14839035661282,325223,51.88054170459364,True,DS89690,283.257438843583,DS90057,683.2803787982358
892a3060d6fffff,Belmont,25.399300942404583,11,42.39756584692598,-71.19891410497745,264440,68.7255832281009,True,DS3194,1542.1406234874064,DS100291,2461.1611497958957
892a339266bffff,Quincy,25.364397713694096,107,42.25074240821812,-70.98695829194568,39751,39.833833315189665,True,DS2951,432.6421094510541,DS3084,1048.638371168451
892a3074513ffff,Lynn,25.347652525770027,106,42.46671863918536,-70.98222957170805,52503,22.606988608541396,True,DS2162,2014.151051510858,DS3535,2403.765282893806
892a3392ca3ffff,Weymouth,25.341712761960583,5,42.19743976696781,-70.91975195421075,98320,8.695574509654966,True,DS3524,1168.4058206820314,DS3014,2652.506085713857
892a3075837ffff,Malden,25.323242538512723,2,42.41845790335898,-71.0707074067383,401116,32.159151104945195,True,DS90048,530.5243698389202,DS2338,971.4237560182901
892a339353bffff,Quincy,25.29478609180449,13,42.24967275409164,-71.00550809183402,32535,21.553976473234155,True,DS90190,639.4180483526053,DS3084,1368.8524145395306
892a3064847ffff,Boston,25.288077357648444,40,42.27498526915994,-71.12197623076189,250964,21.18089659540085,True,DS1716,1240.0394819717242,DS2973,1372.3298536355685
892a306608fffff,Boston,25.27247068045633,3,42.37283075078048,-71.0575180755752,203754,13.002211842814981,True,DS90397,738.7187986067357,DS1529,973.3225921750912
892a306e59bffff,Waltham,25.163047496226827,6,42.37761391698799,-71.24313929247278,296519,12.175986127804043,True,DS2821,310.0888259805161,DS3578,386.71055546215155
892a307492fffff,Winthrop,25.123223490185545,51,42.377285279352144,-70.98605320353127,214728,2.0427358474189194,True,DS2729,283.949077489359,DS89660,1751.364590704234
892a3064da7ffff,Milton,25.074730559968334,59,42.2691940319364,-71.06915053778563,407982,11.798854580010246,True,DS1003,775.5704779313016,DS89826,2519.98883797699
892a3067033ffff,Cambridge,25.007187002753756,67,42.38268665289691,-71.1368879565432,276782,50.2032611177581,True,DS1556,1299.1460627453566,DS2481,1659.3573258393967
892a3392147ffff,Weymouth,24.976269223437843,50,42.21813969064559,-70.95286105836489,55791,71.63956490049723,True,DS3025,2182.671763707504,DS3014,2760.234140130883
892a306712bffff,Boston,24.806907627562424,23,42.36018469664433,-71.12974508160177,361936,53.1920271326247,True,DS3218,992.8775735803931,DS89830,1056.7815388826689
892a3074a0bffff,Everett,24.80190709281933,9,42.4070755072424,-71.03784220496635,12136,6.240787969178781,True,DS2539,1516.3749511384856,DS3586,1737.578569607056
892a30743b3ffff,Revere,24.79812296656668,4,42.44415796436178,-71.02009782544673,7930,36.3855918239682,True,DS2924,1981.4966778901623,DS89753,2606.493499887856
892a339a093ffff,Dedham,24.745917277094,1,42.24670284268672,-71.16416890529347,224131,21.54375793779845,True,DS2667,922.6275120882868,DS2770,1143.816271155895
892a3064093ffff,Brookline,24.740755535361775,11,42.33942007471286,-71.11615363570728,344733,31.284243640131503,True,DS2760,695.7016986599027,DS1978,780.1902234476019
892a339a413ffff,Boston,24.6068503101708,77,42.258638434909486,-71.1576874015561,225186,60.45003700710331,True,DS2770,1441.1217151201847,DS2667,2288.8018030570397
892a3066b63ffff,Boston,24.60055001847176,106,42.28824160651811,-71.07405978221534,124821,83.7253704684059,True,DS90311,288.7940587181465,DS90274,968.3054038535761
892a3074b33ffff,Boston,24.54290362886069,72,42.38249924393844,-71.01374023812178,20752,44.3142378991664,True,DS89660,1666.0691343964843,DS1965,2646.350712462744
892a3076e93ffff,Lynn,24.4554152230121,232,42.47131699902047,-70.94240344615058,67232,35.08831194368693,True,DS2236,753.412715480481,DS90390,935.0147326057121
892a30674b3ffff,Medford,24.41622552664165,119,42.40630693224544,-71.11138268406053,317492,64.81776781267949,True,DS3299,1572.0511022509777,DS3560,1649.6531382165997
892a3067457ffff,Somerville,24.35115641807177,9,42.40926755621711,-71.1305537873125,287388,12.863667860970091,True,DS100488,717.0321410503586,DS2535,1146.6234736932079
892a3064807ffff,Boston,24.26033974542216,182,42.27231670590576,-71.11031804050225,250630,75.09729783404826,True,DS1716,1374.4265634425328,DS89826,1948.8819965339944
892a3075c6fffff,Malden,24.12269874017345,37,42.436312960979535,-71.07356670307267,400069,50.09265075281541,True,DS90316,1582.5260591951983,DS2338,1632.7640345967804
892a3064d17ffff,Boston,24.1048954354783,152,42.27500786069477,-71.07746222127871,124576,65.68406578697358,True,DS1003,1102.3355984696802,DS2289,1462.9816927526897
892a30649d7ffff,Milton,24.070797649824996,54,42.26381888058735,-71.09417608230068,268912,22.942384001515798,True,DS89826,829.8970375410785,DS2289,2341.8480792562686
892a306298fffff,Medford,24.0580563801717,20,42.42714845472116,-71.1348048289654,289314,28.619398820672956,True,DS90146,886.9377442443599,DS90427,1642.970530509146
892a339308bffff,Quincy,24.000000000000004,22,42.26165151338467,-71.03261440396373,16037,15.384866244786904,True,DS1967,1208.8431840573924,DS2163,1390.2946292619856
892a3064ea3ffff,Boston,24.0,1,42.29172724443974,-71.1171348614273,261554,29.392349307217287,True,DS2973,950.7194909811376,DS90243,1804.962952457353
892a3062923ffff,Medford,24.0,4,42.41780867291076,-71.13791185594636,289203,110.64666940708929,True,DS90146,789.359647972119,DS1370,1654.4885850669332
892a3074e3bffff,Revere,23.799075137158965,138,42.41977717042986,-71.0163351507978,8223,106.94619519851926,True,DS95032,1516.5377794244566,DS16477,1583.1735923795586
892a3064c27ffff,Boston,23.744270931827973,84,42.283182846805886,-71.09360568471236,268383,107.269598234565,True,DS2289,657.496424776983,DS89826,1761.9927124113603
892a307583bffff,Malden,23.66788892157696,38,42.4203582607262,-71.07846784053642,404680,53.71402543006914,True,DS2205,1078.533521089095,DS90148,1182.1663914222145
892a302944bffff,Winthrop,23.607124088000177,192,42.37163854444391,-70.98697822821785,214861,40.76254213816255,True,DS2729,555.0674577410042,DS89660,2287.279763665011
892a3029933ffff,Quincy,23.542109569757564,98,42.270010284040325,-70.95376305871731,216378,29.763896266370878,True,DS3084,4893.560537445563,DS2951,5323.074853515291
892a339210bffff,Weymouth,23.286816402614345,82,42.218802389644296,-70.94872521450495,48365,68.96703680635521,True,DS3025,2328.6725373852046,DS3083,2594.338175048847
892a3067333ffff,Watertown,23.241647493997142,2,42.36314831485458,-71.1538831305473,321281,1.7683848096848718,True,DS90016,723.8594100794317,DS90057,859.1295610031367
892a3065493ffff,Watertown,23.124934289417013,5,42.37679761661411,-71.17676926343287,315031,39.641881339000584,True,DS3374,1025.276515204817,DS1570,1549.2305273928862
892a339316fffff,Quincy,23.123297351962496,1,42.22912641174808,-71.03065962342353,24846,34.51085730534088,True,DS100292,1103.363450167751,DS89991,1788.506029125299
892a30609c7ffff,Waltham,23.10398422667224,21,42.39300994750957,-71.20268863573754,264514,7.424443270788115,True,DS3194,1141.2916174915988,DS3374,2177.842529867562
892a307598bffff,Everett,23.080624022436087,3,42.41262318420093,-71.05687843725157,389807,87.57877994666576,True,DS90161,1058.4240443130584,DS2539,1260.4658926383468
892a307451bffff,Lynn,23.04171330552019,38,42.46651716327432,-70.9874876127703,46554,24.7347688847329,True,DS2162,2484.293263684317,DS3535,2876.7945190128944
892a307481bffff,Revere,23.017148899017,162,42.409446612291454,-71.00411446875023,28771,38.321341830718254,True,DS95032,924.9019678467923,DS1377,938.9684180221063
892a339a58fffff,Boston,23.0,2,42.24006646386672,-71.13850032876852,245086,11.884679605773231,True,DS2770,1837.910807796983,DS89797,2224.4998452982136
892a3076a8fffff,Lynn,23.0,1,42.44771334682663,-70.96308993059485,76172,85.37762488384115,True,DS2752,338.9354171556427,DS3535,2110.262133452346
892a3076117ffff,Lynn,23.0,11,42.48166497773493,-70.93234840331598,63007,22.709856976808066,True,DS2239,445.69909632466516,DS100557,453.5813483463578
892a30674afffff,Somerville,22.98848675964415,31,42.400919222921175,-71.11563360082054,322503,24.720086476491062,True,DS3560,831.2514949476861,DS3299,1168.0763808057955
892a3074c13ffff,Revere,22.98383533216448,5,42.42781444403767,-70.98256128303464,37447,105.8374598068604,True,DS89919,2989.9072674872846,DS95032,3878.667263370046
892a3064323ffff,Brookline,22.932775293783887,2,42.30462471237347,-71.13880864478168,238368,62.28870661677675,True,DS1981,2711.217534815597,DS1966,2881.200917334368
892a30676a3ffff,Arlington,22.90933300507781,115,42.40366838699417,-71.14416979375619,293511,43.730313170148584,True,DS2822,581.9304872758762,DS2535,905.0483857248397
892a30670a3ffff,Cambridge,22.907999124102638,52,42.38511542628406,-71.12961765998764,277341,58.062082376520614,True,DS24854,1344.2487729993713,DS89959,1698.0686607746336
892a30758cfffff,Malden,22.90567437216694,22,42.430951909672494,-71.08151275029913,405053,37.25904970805252,True,DS90148,1452.2500978291407,DS90258,1452.2500978291407
892a3066633ffff,Boston,22.900762078662574,1,42.38315532385064,-71.07382459243732,387460,47.44488594702906,True,DS2493,249.21627029491077,DS1529,1257.524435560928
892a3067497ffff,Medford,22.80170541771819,12,42.4120367769027,-71.11349340552282,316947,31.341203227205856,True,DS1530,1057.9888347136418,DS3560,2109.1426168546177
892a3061dafffff,Waltham,22.7498507046758,4,42.419086401861406,-71.25494787136562,134942,31.632327324572763,True,DS3385,2636.5492301647996,DS3271,3314.5001285354506
892a306e427ffff,Waltham,22.74974978260921,12,42.376584946823606,-71.26127682794069,152809,12.198005827130025,True,DS89647,747.1971338363119,DS100539,747.1971338363119
892a3075d17ffff,Malden,22.73787186252784,2,42.42583455794205,-71.042285012304,10343,15.140997686333348,True,DS89798,597.2924931781654,DS90279,1037.6801687585223
892a3075a2fffff,Medford,22.700955559164477,7,42.4140790572941,-71.111418982773,316777,63.15053013461933,True,DS1530,789.2369996979259,DS3299,2089.630161540235
892a3064047ffff,Brookline,22.66745945470297,11,42.33235006244944,-71.13452362569564,339129,95.49321488547888,True,DS3044,1148.6831209366594,DS100169,1165.9278839550564
892a30674b7ffff,Medford,22.64045475399586,96,42.40372110817066,-71.1097186176054,317586,74.9742695807408,True,DS3299,1272.9920587738147,DS3560,1509.3208049906075
892a3074847ffff,Revere,22.597046298360727,98,42.40734715255409,-71.0108633530114,28659,10.171388640194946,True,DS95032,684.6207411510222,DS1377,686.5206650972858
892a33922dbffff,Quincy,22.57668117435601,17,42.24869842974356,-70.99588183703449,40298,46.243230604548316,True,DS3084,719.7639734575754,DS2951,1065.2245352422462
892a3065053ffff,Newton,22.565233188923592,33,42.35544128231833,-71.21178716188903,307762,48.439976297549634,True,DS90349,956.3145540738793,DS90399,983.4978143940074
892a30666a7ffff,Boston,22.50091084415532,90,42.38189716295022,-71.06615747384153,387953,26.423245211276637,True,DS2493,749.6376861650724,DS1529,895.304270791108
892a3392cbbffff,Weymouth,22.489341198734344,5,42.19923705591903,-70.92077055270843,98469,51.15415911853679,True,DS3524,1732.5489975307755,DS3014,2435.1612642963473
892a306643bffff,Boston,22.466155270631347,6,42.38306448945862,-71.05005274402633,388837,34.45086092103728,True,DS90397,1258.1822964460341,DS1529,2088.6799605663136
892a3064827ffff,Boston,22.41272595942331,208,42.26431566716043,-71.1086152672152,250570,49.587579049614014,True,DS1716,1535.543020090493,DS89826,1824.7849591676095
892a3064d6bffff,Boston,22.347081017338983,97,42.26975697658606,-71.09577216164006,269113,64.67833204435217,True,DS89826,542.5562725793764,DS2289,1919.212159076231
892a3067463ffff,Cambridge,22.33900151072768,24,42.40033619010092,-71.13417133154114,286905,15.508436573499692,True,DS2535,333.2864037639069,DS2822,634.7711256852782
892a3066b27ffff,Boston,22.315622342794207,32,42.28328107749395,-71.06018630954196,168797,39.35278109822742,True,DS89962,1173.0117551051037,DS2936,1478.267182321798
892a30669a7ffff,Quincy,22.282706185498707,1,42.28877415542208,-71.02409096131363,174326,44.240306529610606,True,DS2932,407.8379828351826,DS100309,2223.9021250358346
892a3065653ffff,Waltham,22.275001966935857,43,42.37399689137285,-71.2265644549358,297718,40.41884272535221,True,DS90089,1065.1457293006667,DS2494,1149.1997759804838
892a33904d3ffff,Braintree,22.26556277961753,15,42.229939777848585,-71.00480115577304,30739,19.026829758809416,True,DS89903,401.50810015886265,DS90190,2228.4138960015757
892a3065933ffff,Boston,22.16430762986173,155,42.26974759264333,-71.16998315706837,193533,34.72832071620112,True,DS3163,1345.0761202841331,DS3207,2256.8001462356247
892a3075c77ffff,Malden,21.980857618354293,6,42.43889363095253,-71.0682247213359,399616,6.137689889605235,True,DS89987,1652.044518471056,DS90316,1676.731287408112
892a33931d3ffff,Quincy,21.98039097576705,4,42.24859061589412,-71.02138214372987,16862,16.783981945780422,True,DS2163,1021.5993918650646,DS90190,1592.8260603129372
892a3067477ffff,Somerville,21.86925565067812,20,42.40097177553091,-71.12901992107864,282818,39.64843370892929,True,DS100488,843.9244871118968,DS3560,983.4071253567209
892a306768fffff,Arlington,21.76990669787996,7,42.4095093934394,-71.14836908553931,294107,26.648892014645995,True,DS1370,152.710965099862,DS2822,993.6798772481598
892a3060913ffff,Waltham,21.743010333453963,12,42.39152942718584,-71.19974478449997,264545,7.253960072427185,True,DS3194,825.4871371973081,DS3374,1862.0380495732713
892a30648c7ffff,Boston,21.737296993950245,46,42.28021209043889,-71.11404085694687,261997,36.56469609623553,True,DS2973,765.5382226930134,DS90243,1747.4333814311067
892a339b487ffff,Needham,21.731220670161576,14,42.27640891123491,-71.22452056439907,181133,37.553053106952724,True,DS90094,980.1077640448624,DS1023,1195.8644524319402
892a3064843ffff,Boston,21.71697080522424,44,42.27763417251433,-71.12279179836504,251616,42.354956497774765,True,DS2973,1232.8904929972468,DS1243,1302.3676442929095
892a3064363ffff,Brookline,21.713875407920067,3,42.30586991552121,-71.15257062645479,231440,52.66673448167197,True,DS1981,1479.6080088186673,DS3207,3171.3572406751746
892a306680fffff,Boston,21.647415197178777,94,42.31011195024925,-71.05157045265621,179953,19.900075675638757,True,DS90187,581.6407793445572,DS90103,1411.5028042128579
892a30759cbffff,Malden,21.63728049113485,8,42.41519626226685,-71.06912286554932,401063,19.99027070132134,True,DS90048,876.4277079545371,DS2338,1382.4944289291298
892a3066807ffff,Boston,21.629271046356084,98,42.309673680134736,-71.04779628388337,179935,76.47321648712239,True,DS90187,1079.7795714712252,DS3338,1350.1830595023812
892a3066557ffff,Boston,21.55700132388769,7,42.37142576387344,-71.04125909528281,204283,21.640333385694078,True,DS90332,384.02343946003174,DS3252,443.23492681923045
892a30666c3ffff,Somerville,21.5569127415972,1,42.39553149552116,-71.08032790918742,382462,53.96658822582558,True,DS90357,383.33264081271784,DS3350,1006.6432756137964
892a3392117ffff,Weymouth,21.535684324023503,55,42.21842717841678,-70.94028921013269,99557,16.782255210078464,True,DS3083,1832.908245606915,DS3014,2657.828925459858
892a30749a3ffff,Winthrop,21.4667455952698,5,42.3859286751771,-70.97672745633824,36202,19.278942857811895,True,DS2729,1588.8553379681912,DS89660,2274.7111451410333
892a3074c6fffff,Revere,21.43389263522783,161,42.41752270871569,-70.9971159722571,37689,59.29194176690997,True,DS95032,1943.3224196365554,DS89919,1965.1780861235607
892a33935abffff,Quincy,21.36009215064252,29,42.25235519620952,-70.99908916229855,40213,37.68593015538153,True,DS3084,613.7429217589179,DS2951,1212.5517888858078
892a30629abffff,Medford,21.226772123425896,158,42.422948423219786,-71.13390048013868,288992,50.34957069962735,True,DS90146,387.2769602143575,DS1530,2036.8869374111418
892a3074a13ffff,Chelsea,21.224674654222163,20,42.41004238499725,-71.03063012673451,11410,43.942704276681866,True,DS3586,1489.9241220458173,DS2539,1748.4690793284792
892a302945bffff,Winthrop,21.149487035249876,152,42.37442793089906,-70.98434703026096,214807,61.920018493246324,True,DS2729,507.5784273432119,DS89660,2232.818654517337
892a3074ea7ffff,Revere,21.112944920718487,105,42.41991882422473,-71.00363711176115,37836,46.47886955921991,True,DS95032,1308.8880404965635,DS16477,1375.5238534516654
892a3029687ffff,Winthrop,21.107903587973347,240,42.371850553168194,-70.99125448630801,214552,37.002837930699094,True,DS2729,729.7704841013419,DS89660,2133.0811831771066
892a33904d7ffff,Braintree,21.020250379205496,45,42.22668775547736,-71.00265666111609,30867,22.34524797541577,True,DS89903,221.68460094278234,DS89991,2460.828580230283
892a30648c3ffff,Boston,21.014795371358456,26,42.28244878412499,-71.11596048272331,261880,46.81038503843366,True,DS2973,421.3636962260103,DS90243,1403.2588549641036
892a307436bffff,Malden,21.009155468480014,7,42.43840323802063,-71.04498239093225,9958,31.019267026816934,True,DS90279,864.3816756242644,DS89798,1238.15703665308
892a306520fffff,Newton,21.0,3,42.34756284401899,-71.23710969007516,289889,14.678041627647666,True,DS2125,884.9751399114822,DS17594,1060.4332289530416
892a3067117ffff,Cambridge,20.963013517557485,1,42.369424479199445,-71.12212042149358,361140,13.377836891531002,True,DS89959,524.5873874989107,DS90185,1401.6111092299973
892a30743a7ffff,Revere,20.91476368711316,1,42.43917649796421,-71.01996503352034,7950,57.88267461050514,True,DS2924,1474.4669692922903,DS89753,2099.463791289984
892a3064b9bffff,Boston,20.901159125147583,2,42.26379382495088,-71.12268418991502,251017,48.91092943916073,True,DS1716,662.8122407684033,DS3239,1622.8043548436235
892a3064113ffff,Boston,20.82815089290484,2,42.315960950734905,-71.10913516408326,257702,6.9002808508369675,True,DS2711,604.3609470150169,DS1966,853.47010754504
892a3064407ffff,Brookline,20.799221016612037,69,42.3474606329131,-71.10884406983632,384675,35.09718483955503,True,DS89999,1053.79375794314,DS2064,1124.6168770799472
892a302d243ffff,Weymouth,20.779933285144494,2,42.22154487082781,-70.92503980730889,107660,26.097376657380263,True,DS3083,1066.6061630147055,DS3160,3386.268309167057
892a3393103ffff,Quincy,20.763536460202985,22,42.23798195439281,-71.02045809656785,23929,46.73908089781741,True,DS100288,1314.8617355543915,DS90190,1925.6008712946325
892a306716fffff,Boston,20.7435632024799,7,42.36093370094328,-71.13759187846149,351825,39.681201179345514,True,DS3218,106.6507208546544,DS90057,772.6429569413752
892a3074ba3ffff,Boston,20.73433637959433,99,42.38543835077769,-71.00567708448087,27354,33.164848154249746,True,DS89660,646.1517146736738,DS89834,2204.600995114149
892a3065187ffff,Newton,20.674758416448583,12,42.333795378776536,-71.17761928963604,332754,52.53350771401384,True,DS90289,1681.663910082477,DS2146,1737.5030132607876
892a339216bffff,Weymouth,20.658453407857987,69,42.21313825479727,-70.9581103006523,55750,114.39738214864428,True,DS3025,1363.9003399805347,DS3014,2734.113480986415
892a3393563ffff,Quincy,20.657098730182724,6,42.25083700714348,-71.01362595077576,38174,53.60087350329649,True,DS2163,1481.029306798194,DS90190,1514.4965304764648
892a3392c4bffff,Weymouth,20.6030854061554,8,42.20193589333211,-70.94482567086443,98962,36.043970623922924,True,DS3014,453.4785784553091,DS3025,1429.1504118567318
892a3075b6bffff,Medford,20.594755660557897,76,42.40106456177545,-71.10844504317221,322230,32.634748002080094,True,DS3299,861.2221493720315,DS90420,1643.3080619170894
892a3060aa3ffff,Waltham,20.58406107720624,102,42.404208643756256,-71.23863289426136,227674,61.49114720681794,True,DS3271,605.7201381969502,DS3385,1607.323728017375
892a306694fffff,Boston,20.56019647828056,35,42.29365088656984,-71.04990232817447,173327,25.92740114644598,True,DS2844,889.2637309367176,DS89736,1097.1609053911943
892a3066817ffff,Boston,20.50979624225941,23,42.31190148641476,-71.04704694391789,180418,26.837564156157633,True,DS3338,961.5687045100724,DS90187,1025.9383794105113
892a30660b3ffff,Boston,20.38614362168019,1,42.36806066121804,-71.05145635376559,203492,40.0931215709112,True,DS3193,769.6672295153533,DS89764,1022.1508420349195
892a3076ecbffff,Lynn,20.375546925820917,23,42.47097392236696,-70.96118052740194,68152,4.922413049932715,True,DS2686,322.85711582607166,DS89936,1054.7198796152081
892a33936d3ffff,Boston,20.32826418716357,28,42.28547564461722,-71.0512532659905,172928,13.100138617795881,True,DS89736,676.461156269765,DS2936,708.6304445075119
892a3064b07ffff,Boston,20.29717853021666,10,42.25361013462621,-71.12632619049342,249406,20.96589508282533,True,DS3239,966.604118453701,DS1716,1883.1110069515007
892a30758c3ffff,Malden,20.28392928292136,48,42.43340925964368,-71.08050356877398,405105,66.59903943750234,True,DS2205,1710.9824088489004,DS90316,1821.7569257952264
892a30645abffff,Boston,20.26421503137632,3,42.3288340336494,-71.08983109356028,391963,21.10040802387723,True,DS90375,566.602577428664,DS100528,752.8792090776304
892a307493bffff,Winthrop,20.19850499034476,8,42.38350723839573,-70.98687305359044,36262,38.71727528825455,True,DS2729,1120.6939198371253,DS89660,1357.8435918730434
892a3060923ffff,Watertown,20.151976812484165,108,42.379399913615785,-71.20041342522474,265055,2.67219352609889,True,DS2849,1300.7828444444644,DS3194,1491.2969395461632
892a33926a3ffff,Quincy,20.125552003981884,70,42.25374000785511,-70.96364447256815,47579,8.741273868067125,True,DS3084,4091.750827344007,DS2951,4521.265143413733
892a3064e7bffff,Boston,20.100431277143944,115,42.29118207581801,-71.13784876142257,237573,127.86341322937936,True,DS3335,1079.5238210585262,DS1243,1109.644991738091
892a3064a0bffff,Boston,20.064220763225634,174,42.274960404585336,-71.14789991314197,225597,36.40860395214163,True,DS89682,1239.279244680485,DS3207,1649.8307544906609
892a306401bffff,Brookline,20.0170404048166,11,42.33427650579619,-71.12783382066027,343956,56.304452093760425,True,DS3044,817.2687883483648,DS2760,1129.2376681337082
892a3074ebbffff,Revere,19.98883333984711,19,42.42552069870938,-71.00817220293388,43850,6.819245323148572,True,DS2924,1798.314582610872,DS95032,2252.761804585398
892a3066a57ffff,Boston,19.939888101347726,59,42.31496308364706,-71.08853814704672,267697,32.443133787066074,True,DS89942,911.1156191267976,DS2788,956.9409894272238
892a3075b37ffff,Somerville,19.939478533654817,19,42.39779319361494,-71.08862208316874,334227,19.15784920501692,True,DS3350,991.5587924987104,DS90420,1043.918069350759
892a3064127ffff,Boston,19.9060588030087,7,42.30240852487109,-71.10644652367147,262883,41.90302223702458,True,DS1966,1924.9445042616683,DS2788,2273.1290322068053
892a3066bafffff,Boston,19.85300322104694,105,42.288745877499714,-71.05786583124275,173143,59.685943138304545,True,DS89962,1002.4151982659263,DS89736,1473.1284497498043
892a3066603ffff,Somerville,19.71032730208085,50,42.38766687937393,-71.08064198855915,382226,29.805564756217844,True,DS2493,837.9032422180729,DS3350,876.3521590308084
892a30659abffff,Boston,19.596069576577666,143,42.2721554224871,-71.16794366106339,193318,17.106189212883304,True,DS3163,1018.5853142910535,DS3207,1930.309340242544
892a3066b7bffff,Boston,19.593877466472748,25,42.29089277602527,-71.07677158863422,124991,42.06600480516742,True,DS90311,573.7135208944844,DS90274,932.3208514763274
892a307617bffff,Lynn,19.592031739844234,174,42.47937299407875,-70.94885304231462,67525,18.396094473901,True,DS89936,1060.0772617468729,DS100557,1468.6697617227962
892a30670afffff,Cambridge,19.549554430218727,40,42.38224039388309,-71.13223541239961,277482,49.66796770283248,True,DS24854,1567.670698103608,DS89959,1642.1322913103156
892a30656d7ffff,Waltham,19.548124210189684,5,42.37711979511157,-71.2176576101852,302591,42.25418904628669,True,DS2849,814.391936241529,DS2494,826.0856986810105
892a339342bffff,Quincy,19.53237382896229,65,42.26615455289413,-71.0223615964321,16356,72.54841175101876,True,DS1534,603.2973256176149,DS2669,956.0380144509957
892a30294dbffff,Winthrop,19.51644606574298,98,42.37989027379796,-70.97473442046083,36452,29.321442136362567,True,DS2729,1633.837172181312,DS89660,2446.8913408595486
892a3067293ffff,Belmont,19.50886205265845,17,42.39651986720536,-71.16164995114268,270633,5.873216003840358,True,DS90389,1133.532020701502,DS100291,1237.1753076002683
892a30294c7ffff,Winthrop,19.49942534969262,82,42.375069737165774,-70.97200919391139,215185,19.696704743427038,True,DS2729,1757.5484300310297,DS89660,3069.2426463935494
892a306752bffff,Cambridge,19.46749908711621,10,42.3796582997317,-71.1119973216127,327537,20.183224529319595,True,DS90194,715.0947582461396,DS1058,802.7983234357259
892a3065447ffff,Watertown,19.42355156407951,2,42.36787612029167,-71.1977736852231,313506,19.16950855688461,True,DS89981,857.8370961535046,DS3530,1259.0645381750785
892a339a47bffff,Dedham,19.39922484338588,1,42.25359985224288,-71.16953935980179,193864,73.87914306087893,True,DS2667,1082.5190705573266,DS89988,1505.0825927193732
892a3064dafffff,Milton,19.32070771320152,81,42.2689262749577,-71.0730953255239,167907,55.2047169956681,True,DS1003,896.483166957059,DS89826,2138.81535829395
892a3074e33ffff,Revere,19.310865509270386,177,42.4203327040487,-71.012233449638,8237,114.99477006465405,True,DS95032,1220.7234431271063,DS16477,1287.3592560822083
892a3390543ffff,Braintree,19.27423167868553,1,42.20255628328721,-71.00363830837318,26720,14.138180514208512,True,DS90182,148.33544762100973,DS2172,2434.7251928187934
892a3076c47ffff,Lynn,19.26997557744004,160,42.46365641431909,-70.93152895279863,76819,14.956376751569852,True,DS2236,1248.2403920040983,DS90390,1266.2491241344935
892a3076e4bffff,Lynn,19.25277411332468,45,42.46639927657723,-70.96908370441221,52700,28.56745384237427,True,DS3535,930.7558519241011,DS2162,1021.1866452497726
892a306628bffff,Cambridge,19.237591925323404,5,42.3734329993939,-71.09102701665775,374106,48.9655710781722,True,DS90039,738.5483653825247,DS90015,817.4465931342944
892a339206fffff,Braintree,19.173540098071516,71,42.228964656920354,-70.97058936602163,48615,8.266012122273056,True,DS2805,1558.010908653969,DS2800,2016.248161889766
892a306484bffff,Boston,19.093227662349182,55,42.277007372455934,-71.12809479271151,243949,18.781637701166787,True,DS1243,1426.5280621084628,DS2973,1437.4187964221549
892a3066677ffff,Somerville,19.084881133772164,28,42.38277776290156,-71.08406618945261,335718,9.526928228722706,True,DS2493,1086.5404271817795,DS90015,1146.6713438788481
892a3064917ffff,Milton,19.044891363463663,196,42.25625515778784,-71.0930136813339,268840,18.29312762601418,True,DS89826,1661.4616558762582,DS2289,3154.9197106182337
892a306404fffff,Brookline,19.03160558711642,1,42.33092367890844,-71.14223588358418,338568,46.2130820758954,True,DS3391,1327.2521949578393,DS100169,1720.435616034043
892a3076a33ffff,Revere,18.99649354059224,202,42.43934952590146,-70.96572150002201,37033,121.28108822583111,True,DS89919,4813.354925267389,DS95032,5702.1149211501515
892a306424bffff,Newton,18.961396155153768,9,42.33371025361857,-71.17430277544496,332664,36.111802100210205,True,DS2712,1541.2662220645468,DS90323,1865.3355182344935
892a3064b87ffff,Boston,18.8304576702322,64,42.25946553329495,-71.11699431854103,250421,40.42167475543592,True,DS1716,1216.6518455543276,DS3239,1386.8039674053791
892a3066ba7ffff,Boston,18.77755815256482,120,42.28901789282035,-71.05325493203927,173068,14.33290244866122,True,DS89736,1021.0519497352642,DS89962,1148.099366258285
892a3066babffff,Boston,18.763140461900917,249,42.29102092120559,-71.0594973564386,168764,21.54895682523096,True,DS89962,398.52314205203265,DS100187,1038.0701368387943
892a3074babffff,Boston,18.75624494124531,59,42.38510796285584,-71.0116726000784,27153,84.88376755861536,True,DS89660,1246.5302959302633,DS3580,2521.3284298643957
892a3060aafffff,Waltham,18.704258604052608,8,42.40207160813189,-71.23878890606463,220833,37.89341846091868,True,DS3271,758.6754468198994,DS3385,1907.4197628226188
892a3390407ffff,Braintree,18.691605564551946,97,42.21634713967834,-71.00460041943795,26357,44.44142160115653,True,DS89903,1527.6421610463033,DS90182,1671.820219056874
892a3067587ffff,Somerville,18.68022412769711,27,42.39066819474088,-71.09909229164352,330050,17.582557037986785,True,DS90420,646.5178393523814,DS3299,873.2126611439236
892a30745afffff,Lynn,18.65414256122841,31,42.45699690022154,-70.97539192910212,45632,58.446243111235184,True,DS2162,700.1095639050504,DS3535,1342.9868687114263
892a30659c3ffff,Boston,18.595499335974548,1,42.28219456845093,-71.17456430042903,189648,50.45526440860327,True,DS3163,1711.6562518635667,DS3207,2627.889464704563
892a306704bffff,Cambridge,18.573930244098023,2,42.38930394486608,-71.15748145005173,270974,40.66718323228043,True,DS1556,1461.107156115259,DS100291,1939.1656211724219
892a339a403ffff,Boston,18.563486294506998,82,42.25668265647556,-71.15892885097333,226077,41.76547195032929,True,DS2770,1214.8520317638677,DS2667,1973.343535156549
892a3066b6fffff,Boston,18.558984855839107,1,42.28434891730559,-71.07761271350068,124743,38.52775808816063,True,DS90311,989.6102538864187,DS2289,1266.0360889028184
892a3066b1bffff,Boston,18.52680730536635,96,42.29580409304803,-71.0682303612665,167299,54.52268107577329,True,DS90274,570.9434401037296,DS100187,841.7849042593483
892a3065dcbffff,Boston,18.523960670892397,1,42.3025816644258,-71.16412100100692,230483,38.14274657025805,True,DS1981,2521.255633041437,DS2712,2685.074517152025
892a3065937ffff,Boston,18.455111731630133,37,42.26685062382477,-71.16692371797167,229311,64.48602389042435,True,DS3163,1638.3120522039094,DS3207,2404.363668553646
892a30672b3ffff,Cambridge,18.411628716863405,2,42.38844481488701,-71.15748578118482,270973,33.93161850503778,True,DS1556,1547.2570332271882,DS100291,2036.0746467599695
892a306e947ffff,Needham,18.407887078232,1,42.2927297930133,-71.26210136807394,111138,13.898986835076586,True,DS2720,3158.3181614584637,DS100070,3184.3228348652633
892a3075b6fffff,Somerville,18.405637170398453,6,42.397749616630286,-71.10587030852373,318519,4.9960631870569765,True,DS3299,227.47549846703416,DS90420,1077.4164413505089
892a33920cfffff,Weymouth,18.306466536102704,33,42.24222553610906,-70.9628220714204,48020,15.384190600493161,True,DS3160,2527.635756715802,DS2805,2572.091451683363
892a3076a07ffff,Revere,18.2484049792179,43,42.44091140358445,-70.9662365769012,37045,54.90105112446067,True,DS89919,4812.199994574095,DS95032,5700.959990456858
892a339210fffff,Weymouth,18.1482590821121,48,42.2156117953845,-70.94680147426725,55828,69.20435735244938,True,DS3014,2470.312831133122,DS3025,2593.985878627951
892a3064a0fffff,Boston,18.143709234721523,128,42.27248289929046,-71.14618915337384,244531,21.32707823407321,True,DS89682,845.7303790484666,DS3207,1936.4738989838602
892a33935cbffff,Quincy,18.04737840086952,4,42.26353095300227,-71.01345820459628,38514,57.50264407275037,True,DS1534,534.5432141527423,DS2669,1679.4678276228328
892a3392ab3ffff,Weymouth,18.020639004572768,2,42.18206830575265,-70.96411035605772,57608,12.514858866238441,True,DS2116,2450.2476589397656,DS2172,2706.1266140724533
892a3074b87ffff,Boston,17.978083571543287,52,42.39024025759196,-71.00548329117977,28123,2.849601336224041,True,DS89660,1435.4202856539382,DS89834,1603.2568855894879
892a3064e3bffff,Boston,17.941309250480842,12,42.28881858732755,-71.126768859819,251750,22.306166951004784,True,DS90243,231.38837661347554,DS1243,620.3050576584034
892a306742bffff,Cambridge,17.910601304705956,21,42.39851395192829,-71.12915625821321,282806,22.358916201915417,True,DS3560,719.0005551481976,DS100488,823.9787487532304
892a30758b7ffff,Malden,17.90301760121353,19,42.422777322965736,-71.06314994772633,393787,26.880062182862325,True,DS89987,499.75064656223765,DS2338,626.437021054003
892a3076e03ffff,Lynn,17.830997792676786,13,42.46405905880369,-70.95464634066455,75347,10.655311813076267,True,DS3466,807.863222124181,DS3535,854.9441186304163
892a3060a97ffff,Waltham,17.823278970717414,53,42.41208074074439,-71.236129579648,227339,47.275215526059455,True,DS3385,445.2675199104335,DS3271,1214.3142548969438
892a3391293ffff,Milton,17.784793213313648,15,42.226550321256966,-71.11815561292208,273790,2.8623656540445848,True,DS89797,2511.050999191624,DS3239,3885.119298624173
892a3392623ffff,Quincy,17.773377659496727,60,42.2471911951479,-70.97312763150359,47041,113.2020364779254,True,DS2951,1533.4749557898983,DS2805,1801.5174936431654
892a3392c5bffff,Weymouth,17.76352896712315,87,42.20495031227668,-70.94181658326427,99071,43.801764935192864,True,DS3014,940.5415780259103,DS3025,1772.4190823904441
892a30656bbffff,Watertown,17.645744835930405,2,42.36797533265093,-71.21143989239545,303504,38.40831932180931,True,DS2849,1454.8879675048015,DS3530,1712.3195832805247
892a30666afffff,Boston,17.57775194346689,104,42.381996969823305,-71.06952673969909,387791,36.028463178077054,True,DS2493,440.32713095760323,DS1529,950.1739291025092
892a306548fffff,Watertown,17.553935195200637,13,42.37171785433087,-71.18242645399889,314786,14.964536288979565,True,DS1570,799.6093815536273,DS89981,1292.990120272328
892a3074bbbffff,Boston,17.50205342561659,69,42.38741347546473,-71.00756363210358,28193,7.412814689449288,True,DS89660,898.5217722094546,DS89834,2079.2372580369138
892a3076127ffff,Lynn,17.45487009363193,21,42.47023676314162,-70.9332522195413,66814,16.183586892946476,True,DS2236,1061.4764016611434,DS90390,1263.190147771483
892a3065dd7ffff,Brookline,17.446245394612724,8,42.3014326874214,-71.15757739052928,230272,22.74793919337799,True,DS1981,807.2753145217105,DS3207,2540.7789500643853
892a3064283ffff,Brookline,17.41050106343024,3,42.33704941262343,-71.14727093718966,337802,16.2702845320218,True,DS3391,224.22611594022973,DS90317,729.1412525630826
892a3060937ffff,Watertown,17.400196879966664,179,42.37971478745573,-71.19656410266712,265130,23.13305334905908,True,DS3194,1431.0195618996363,DS89981,1555.3223917132154
892a3075d07ffff,Malden,17.193756610175075,19,42.423638575943535,-71.04596289440455,10485,40.18974753032028,True,DS89798,1082.9720705257598,DS2539,1163.3435010554535
892a3064133ffff,Boston,17.18209247508731,3,42.306004183150286,-71.10751607531223,262803,18.544141613074718,True,DS1966,1098.1672235868307,DS2788,1646.3169937526077
892a306642bffff,Boston,17.17983122999356,6,42.380635547521045,-71.05066279908253,388785,27.545980858937327,True,DS90397,895.2909333065892,DS1529,1732.3242323306154
892a3065b3bffff,Needham,17.158672619014173,8,42.26904527951841,-71.2053669620844,182682,22.653741543465298,True,DS90094,1277.3419581263195,DS1023,3221.62472690605
892a3074b73ffff,Boston,17.15515150910704,13,42.38442040309342,-71.02402275472764,18668,43.74619738357454,True,DS3580,1930.5192771148102,DS89744,1934.0530971331834
892a33934c3ffff,Quincy,17.143880315577697,271,42.2832023189668,-71.02227218071383,174238,99.63128601903036,True,DS2932,728.9652393492544,DS100309,1573.4193276457945
892a3074b6bffff,Boston,17.09694509319596,80,42.38191469570495,-71.03164176747423,17919,59.64311157692073,True,DS1965,1201.6825499048016,DS3252,1286.1080411449539
892a30648b3ffff,Boston,17.087042799930796,97,42.27502924856767,-71.09994184455915,272266,70.91741017845361,True,DS89826,1390.6998408574823,DS2289,2420.6254936063665
892a3064653ffff,Boston,17.041664198498385,1,42.35437072212718,-71.15052450797835,325393,24.99642947048357,True,DS89690,231.46975689270437,DS2816,964.3207577224009
892a339356fffff,Quincy,17.01960902423295,2,42.247491617123046,-71.01818074203331,16821,58.69605686190777,True,DS90190,1326.5404446700534,DS2163,1703.8693259113436
892a306768bffff,Arlington,17.017379841304358,10,42.41215582489305,-71.14993865978093,294060,20.232063984640074,True,DS1370,459.02828018788426,DS89739,1213.690839223336
892a30671cfffff,Cambridge,16.962128734455444,16,42.37491227756824,-71.13078821721504,356209,17.833036381140385,True,DS89959,1013.7430360020826,DS2481,1599.7854836632334
892a30654afffff,Watertown,16.907443566275433,130,42.36327201477609,-71.17959057484927,309829,19.14194500578603,True,DS1570,781.7681286854033,DS1537,1415.5050687397938
892a30675d7ffff,Somerville,16.888856393038516,4,42.395440874101446,-71.1081971520182,321860,19.419983449429857,True,DS3299,800.8691480007852,DS3560,1472.9645423365378
892a307496bffff,Boston,16.80024945325477,103,42.38311805916383,-70.99931996663173,27633,23.16274732112002,True,DS89660,302.54395125048916,DS2729,1777.0484434304149
892a30743afffff,Revere,16.75606625262557,1,42.43980621085796,-71.02098427432198,7952,49.63391812490449,True,DS2924,1383.5024085088614,DS89753,2008.499230506555
892a30654c7ffff,Watertown,16.732266754014244,174,42.37447044011257,-71.18789488098086,314644,32.633700124535906,True,DS89981,676.2286197062576,DS1570,1204.9667413331774
892a3064b13ffff,Boston,16.71644486149195,1,42.25750465491396,-71.12744199249278,251518,47.524886342331385,True,DS3239,924.3901611512068,DS1716,1756.1476068663367
892a3392103ffff,Weymouth,16.710825005176222,50,42.21874458802311,-70.94504199771282,99517,49.5085020288061,True,DS3083,2137.2545448461765,DS3025,2619.569147562847
892a3064953ffff,Boston,16.689699455394408,41,42.26213756072296,-71.1057446550599,272568,26.50873133903407,True,DS89826,1516.7785717281797,DS1716,2429.050744623339
892a339b49bffff,Needham,16.685672077573948,15,42.28232944240783,-71.22986624930103,172466,12.297314998004243,True,DS1023,749.3362022115572,DS1375,815.0138518978445
892a3076167ffff,Lynn,16.684352454005616,205,42.47381458175576,-70.9446055623969,67282,22.60383545296973,True,DS2236,1154.900683064868,DS90390,1311.454108176457
892a3074853ffff,Revere,16.666297691742464,74,42.41202607068309,-71.01004762593352,28705,42.343511995402096,True,DS95032,226.1600004923986,DS16477,292.7958134475006
892a30648dbffff,Boston,16.625776486911363,10,42.28626168203142,-71.11547576333064,261869,16.62040315613148,True,DS2973,453.1972809966497,DS90243,1314.3283395562448
892a3060933ffff,Watertown,16.606525722036363,84,42.38186997290238,-71.19784678209687,265149,7.68348323978465,True,DS3194,1104.5896253340136,DS2849,1552.2301589261515
892a30672b3ffff,Belmont,16.531314859311834,2,42.38700647798245,-71.15870563962719,271002,19.590856577585907,True,DS1556,1869.5481730623658,DS90038,1980.655869557312
892a30748c7ffff,Revere,16.507001842316594,24,42.41148840609317,-71.00248826189953,28788,5.068686250285492,True,DS16477,874.883553467734,DS95032,901.5995905786666
892a3064537ffff,Boston,16.391670445002177,9,42.32339766269567,-71.0890632673192,267652,10.84276472873291,True,DS100083,1025.1479998607158,DS2788,1050.558801684253
892a3066283ffff,Somerville,16.365552109629448,5,42.374088801086906,-71.08768935762387,133442,2.291135572861233,True,DS90039,294.541819735885,DS90015,550.6025692082292
892a306748bffff,Medford,16.361014806717947,45,42.4125738700513,-71.12183561448919,288381,53.62200658434902,True,DS100488,1364.140636680468,DS1530,1485.3681572158994
892a3075b2fffff,Somerville,16.32404290733884,4,42.39656346601666,-71.09321562869269,333608,20.48524097654827,True,DS90420,720.543079158975,DS3350,1146.1307609996381
892a339226fffff,Braintree,16.297117013360268,81,42.22939341808958,-71.00133508949091,30861,94.5974748953823,True,DS89903,604.4847199142694,DS90190,2446.355356549675
892a3075cb7ffff,Malden,16.254491039856568,5,42.441640093099736,-71.04708384679427,9876,42.1616391032476,True,DS90279,1374.69289759787,DS89798,1829.4011981692618
892a3064867ffff,Boston,16.2203056952056,29,42.26737156449333,-71.11818248433491,251051,79.2036227523693,True,DS1716,409.5946726128669,DS3239,2020.9966363810477
892a3064b4bffff,Boston,16.188871593590854,9,42.258386787734,-71.14467276913983,244561,13.86285039261962,True,DS2770,1855.8842251537026,DS89682,2374.7165045253346
892a33930c3ffff,Milton,16.126404876982093,5,42.26283791531552,-71.03788046040272,15288,45.67390473012602,True,DS1967,755.5259988700163,DS100309,1506.6060962295219
892a306482fffff,Boston,16.050095806016,59,42.26401583826013,-71.11254437837415,250471,93.0679245373559,True,DS1716,1213.0187661087873,DS3239,2083.7684285952646
892a30650cbffff,Newton,15.96016070796588,17,42.35737372516092,-71.21117336758141,307759,38.760826353093506,True,DS90349,936.0696762603789,DS90399,963.252936580507
892a3075aa7ffff,Medford,15.840291534869568,6,42.42035802499044,-71.09546248461231,312682,91.43010248559399,True,DS90148,891.7545665362593,DS90258,891.7545665362593
892a3064897ffff,Boston,15.788195488731729,92,42.28012426982272,-71.09848898922213,262445,25.381806583582584,True,DS89826,1370.094207811419,DS2289,1552.0483459194
892a3074a6fffff,Everett,15.778844171110036,1,42.399913568276496,-71.04425075835896,12691,80.63828259662112,True,DS90161,1420.381146166557,DS3580,1501.6894001804021
892a3067523ffff,Cambridge,15.770930494033747,13,42.37911693214615,-71.10938574496332,327591,32.76272575627827,True,DS90194,539.0959824165764,DS1058,585.4158932728482
892a3067577ffff,Somerville,15.738720801716712,3,42.382965002114005,-71.11267137587589,327482,23.576586635319725,True,DS90194,709.6969081131124,DS24854,959.1822396697835
892a3074e0fffff,Revere,15.717005463961826,2,42.42388253390958,-71.01752778442376,8401,28.331969268011893,True,DS2924,1143.399822219725,DS95032,1879.6314843427867
892a306e5abffff,Waltham,15.705738355448869,4,42.36532633104672,-71.24296127551088,292591,48.617282404121624,True,DS2821,1546.0327096479282,DS90428,1595.2649938885568
892a3064c5bffff,Boston,15.69213386410349,15,42.29890446211372,-71.10958158238047,261152,62.47980678445699,True,DS1966,1826.8800149164845,DS2973,2429.7855747415583
892a30642a7ffff,Brookline,15.652101109524862,13,42.32639466705224,-71.14483333896378,338356,40.351177278044695,True,DS3391,1503.8535151263138,DS2712,1765.4033868893373
892a3074e63ffff,Revere,15.542733889121068,89,42.419756406479976,-71.02571492842954,8632,17.7975204135392,True,DS2924,1674.350274721917,DS95032,2030.3005320842567
892a339346bffff,Quincy,15.521412523907433,3,42.269701620081335,-71.03278438514829,178498,42.762996695858426,True,DS100309,487.80209586480515,DS2669,682.0597832612269
892a3060a17ffff,Waltham,15.510988004464917,172,42.40634778259841,-71.24517441967402,227804,89.26851719062574,True,DS3271,1209.2170781662371,DS3385,2149.5929611271295
892a3066b87ffff,Boston,15.505310328386573,37,42.29538352770212,-71.05460981329902,173286,56.36449616152281,True,DS100187,859.5912959630681,DS89962,1066.8840675588901
892a306607bffff,Cambridge,15.48873190385965,2,42.36605239846877,-71.07573737242848,138772,75.34070506393563,True,DS90281,882.2018811750819,DS90407,1414.5695628492474
892a3075a33ffff,Medford,15.458253786965608,5,42.42007337450993,-71.1055677735603,313351,16.329861009263624,True,DS1530,710.1198414993198,DS90148,1645.3584271928112
892a3075b4bffff,Medford,15.31351956081509,115,42.409115730080025,-71.11085613015487,316835,53.56362563726882,True,DS1530,1509.9188349600388,DS3299,1637.7189798852357
892a3074807ffff,Revere,15.30287317790008,59,42.40353045545643,-70.99864370653019,29518,47.841146737523644,True,DS89919,856.8737528329606,DS89834,1196.4225422378229
892a3064e8fffff,Boston,15.28511038613688,7,42.29560170322117,-71.11998282182823,255299,15.011950031479063,True,DS90243,1235.9223278246066,DS1243,1624.839008869534
892a306ecc7ffff,Newton,15.26286673168525,7,42.33773020042741,-71.25064512155042,283814,10.109364580261364,True,DS2125,1387.2233769766249,DS89808,2030.315566549278
892a3060abbffff,Waltham,15.25237356833391,79,42.40570589583932,-71.23964662609234,227696,16.270728479976768,True,DS3271,775.6254916183367,DS3385,1393.6708924529503
892a3064c6bffff,Boston,15.18222065504877,13,42.288001445922106,-71.1122464351566,261720,40.134526524735385,True,DS2973,863.2559252651172,DS90243,1724.386983824712
892a3064e63ffff,Boston,15.127029236945562,56,42.28932261267551,-71.13599205951841,243181,66.52354814833082,True,DS3335,645.560240287541,DS1243,679.3359940332477
892a3392c43ffff,Weymouth,15.1209440053814,91,42.20260785243946,-70.94044468404697,99101,26.913051812938974,True,DS3014,845.5904242484535,DS3025,1968.5408470265393
892a30763b3ffff,Lynn,15.1159382019793,146,42.48172989655127,-70.9555823621307,67699,48.29403275423983,True,DS89936,654.392938672154,DS2328,752.6583212970388
892a30748c3ffff,Revere,15.079436911831143,69,42.41543126846316,-71.00339180586494,37911,17.170467284225108,True,DS95032,1273.0680014374766,DS16477,1339.7038143925788
892a3065663ffff,Waltham,15.06827670033224,100,42.3639011173127,-71.22857343952197,291909,17.699315989484745,True,DS90089,1820.8912873015788,DS17594,1971.6430401111418
892a339205bffff,Quincy,15.031041311080358,2,42.24383032099232,-70.97259570281705,46873,50.994126269927456,True,DS2805,1502.4086485456703,DS2951,1832.507103220742
892a306554bffff,Newton,14.985899880583624,3,42.35367875143868,-71.18778694242407,308629,35.45145610555157,True,DS89742,543.5337717795434,DS1537,1471.2774153981811
892a3064dd3ffff,Boston,14.958940110875384,84,42.28614558647315,-71.08226458372164,121065,54.6854830669536,True,DS2289,920.9121254921307,DS90311,1068.4926121652259
892a3075dd3ffff,Malden,14.920330903971609,16,42.43636951683004,-71.04754941235758,9970,13.24579089725542,True,DS90279,953.388354899302,DS89798,1300.4718069380162
892a339340fffff,Quincy,14.911697146809145,42,42.27307466550682,-71.02285286259799,178625,69.78162431051659,True,DS2669,743.1008097158176,DS100309,947.3362831059603
892a3067083ffff,Cambridge,14.814204840581212,52,42.39333136589009,-71.13171925984055,283437,12.29324225720737,True,DS3560,968.3825220551114,DS24854,1288.1769970683777
892a3074a43ffff,Everett,14.798799582176372,15,42.40914684052999,-71.0430761952227,12477,11.548323930809833,True,DS2539,987.451351228837,DS90161,1474.6856213604349
892a3066607ffff,Somerville,14.76356025949944,38,42.3851608083326,-71.07883613995894,381890,46.172624036622686,True,DS2493,611.0160613312031,DS3350,1088.041617145745
892a306e94fffff,Needham,14.76314028913021,1,42.29311195757849,-71.26282406330368,111102,5.229009712235153,True,DS2720,3158.3411262557865,DS100070,3214.40286087642
892a306546bffff,Newton,14.652760652883972,112,42.3637438068394,-71.20085487912444,303779,58.54169916011682,True,DS3530,741.6905913223642,DS1537,980.5087805454114
892a307599bffff,Everett,14.637821912330049,10,42.4138894701842,-71.05483560261878,394346,17.874689899302304,True,DS2539,1032.7198662995334,DS90161,1263.0074538627725
892a3062ba7ffff,Arlington,14.615415215326726,7,42.42036081928506,-71.15803752390185,254555,57.092450321907194,True,DS89739,894.5608483862451,DS1370,1850.9716790829827
892a339212bffff,Weymouth,14.613601228664471,59,42.2103597791898,-70.94663730273747,55850,21.782947183901914,True,DS3014,1535.6871614160061,DS3025,2367.56466578054
892a3392ed7ffff,Weymouth,14.592890595355854,35,42.20811665357909,-70.9586838996602,55479,27.68078071378476,True,DS3025,337.27760643866225,DS3014,1707.4907474445429
892a306611bffff,Boston,14.56535652953634,1,42.353696661639965,-71.05300100631031,197374,27.635810013066717,True,DS89924,643.7942184073444,DS3555,714.4523846410203
892a3065423ffff,Watertown,14.519319236781245,3,42.36055876898754,-71.18553258953213,309361,6.769857605110685,True,DS89742,755.5136601116328,DS1570,764.8242214849889
892a3029693ffff,Winthrop,14.404519546543966,25,42.3765701236319,-70.99133467156976,214639,62.065234226433006,True,DS2729,634.4001371399606,DS89660,1680.422794542221
892a30649cfffff,Boston,14.398434903367605,162,42.26185705727684,-71.10236563852247,272525,12.245476006267403,True,DS89826,1467.0606761448914,DS1716,2379.3328490400513
892a30672cbffff,Belmont,14.341084339732184,7,42.3952690640733,-71.17765757262715,269869,52.05926077780845,True,DS100291,235.4969597059604,DS90389,501.80696096800773
892a339217bffff,Weymouth,14.29821894520482,15,42.21615521577127,-70.95635940090806,55737,32.3700098264161,True,DS3025,1372.1833333632005,DS3014,2742.3964743690813
892a3065057ffff,Newton,14.209322974716764,21,42.35360993132033,-71.20990905114792,305024,18.888130962970603,True,DS90349,506.9169867822326,DS90399,534.1002471023606
892a3393003ffff,Quincy,14.201220339197166,92,42.255459436171336,-71.0358211771367,15612,17.33603858855287,True,DS2163,989.5387357803448,DS1967,991.2772323837811
892a3075dd7ffff,Malden,14.183539311700452,5,42.43372945015473,-71.04533490031383,9985,7.88702958174905,True,DS90279,532.5812685668939,DS89798,880.6121981393055
892a3075d1bffff,Malden,14.171999274932949,6,42.42722687971355,-71.05045661806736,395750,14.393784897321682,True,DS89798,1227.8744733613153,DS89987,1555.1933740949016
892a3075847ffff,Malden,14.132713295168829,11,42.42513927399154,-71.08583406076428,311046,27.81270709191712,True,DS90148,635.8418746049264,DS90258,635.8418746049264
892a306442fffff,Boston,14.095738115559874,4,42.339215042749565,-71.10968535229816,385643,7.110567255946965,True,DS2532,312.42702404184496,DS90256,428.2060346757184
892a339a683ffff,Dedham,14.0872051086135,55,42.261635183258335,-71.18082781525412,194536,40.93304932907334,True,DS2667,2080.2926688266425,DS89988,2555.1100686702066
892a30656abffff,Watertown,14.082472695008285,3,42.36727528289956,-71.21149404039178,303519,27.965780473878183,True,DS2849,1456.6867459987773,DS3530,1616.5972000606473
892a339a053ffff,Dedham,14.06866878592454,2,42.24249739082308,-71.18403233748276,194782,11.795633999125934,True,DS2667,1275.6412054017944,DS89663,1295.1609078643028
892a3074ea3ffff,Revere,14.061922273734805,32,42.42248280504624,-71.00597835135015,43862,16.696088303641197,True,DS2924,2076.1718093800455,DS95032,2489.17919198354
892a306e133ffff,Newton,14.049714892015912,1,42.344663236819926,-71.25979883061724,92398,16.369912554337763,True,DS2125,1254.7926320068,DS17594,3132.1538112017106
892a30649c7ffff,Milton,14.0203995494882,25,42.2612866314398,-71.09587397348015,268951,40.791388843265004,True,DS89826,1300.7004397350113,DS2289,2797.5602759457324
892a3393477ffff,Quincy,14.0,3,42.26868202173993,-71.02584495878966,16369,40.29808037587134,True,DS2669,438.8355852106857,DS100309,755.7614767032412
892a306417bffff,Boston,14.0,29,42.309129118821055,-71.123669564655,255652,15.382843568009053,True,DS1966,1110.092131239361,DS2711,2004.613923780276
892a3065d33ffff,Boston,14.0,25,42.28893100413707,-71.15276834870936,236093,37.999931190341606,True,DS3207,800.7537795256826,DS1981,1299.999322592894
892a306723bffff,Belmont,13.922902237734114,139,42.38221750255807,-71.17215155024613,269467,39.75404601605483,True,DS3374,927.9078732400507,DS3194,2029.5042091901664
892a3064d03ffff,Boston,13.898711509989097,41,42.27542131491683,-71.08071272229208,121227,25.44241353600426,True,DS2289,1186.5473494885466,DS1003,1374.3827467493431
892a339a40bffff,Dedham,13.884333194149608,101,42.25606708996893,-71.16341285443714,229222,23.671693684745275,True,DS2667,1333.0224276381084,DS2770,1335.1105918551261
892a33925cfffff,Weymouth,13.843915707802651,28,42.24246275719394,-70.9344764434923,108641,32.10969269266191,True,DS3160,685.6939449283419,DS2605,1734.7553089852079
892a33922afffff,Braintree,13.834810902632109,61,42.23175478519169,-70.98129599837588,48840,29.46478456495953,True,DS2805,967.7666241845308,DS2800,1426.003877420328
892a3066e9bffff,Boston,13.805470792844428,2,42.33949772390031,-71.05824402852029,196365,20.435205377008728,True,DS90269,1118.3006915471265,DS100146,1124.6328205982027
892a3075e0fffff,Medford,13.713609673687191,25,42.44069196743077,-71.09552957679705,307616,12.82210894157728,True,DS90148,2736.546809917703,DS90258,2736.546809917703
892a3066bbbffff,Boston,13.674000691386228,87,42.29348794602258,-71.05629965327094,173219,17.689712345061174,True,DS89962,688.3213084181763,DS100187,997.6359073499384
892a3074583ffff,Lynn,13.650033548712544,46,42.46837292718425,-70.9756180536032,52561,72.97641290986888,True,DS2162,1528.913676408492,DS3535,1918.527907791441
892a3029b4fffff,Quincy,13.631984061082592,2,42.27441897045017,-71.00367873610898,178925,36.275907313835695,True,DS1534,1888.7472198410233,DS2932,2351.0587664058207
892a3062903ffff,Medford,13.569235963468948,8,42.42531436916746,-71.13963037277526,289343,77.21252612223417,True,DS90146,821.7375237472087,DS90427,2140.4209073988245
892a3065b57ffff,Needham,13.528296103622525,10,42.27813696675773,-71.21268230485012,177990,20.8426003584553,True,DS90094,441.10254147553655,DS1023,2218.403338852395
892a3075bb3ffff,Medford,13.485407449989884,33,42.40694431390512,-71.08141157026448,382817,50.64207264241466,True,DS2912,409.6956887475378,DS100163,1024.2600621750391
892a307485bffff,Revere,13.4451158079887,99,42.41204483739724,-71.01479870535645,20112,8.16991594496918,True,DS1377,288.1056438473974,DS95032,317.90438254450703
892a3074adbffff,Everett,13.438688618117892,2,42.41662847673385,-71.03827058288243,10980,2.824465993376131,True,DS2539,1352.7036449697912,DS3586,2446.809275020685
892a3392397ffff,Weymouth,13.382387257026991,73,42.22369133447975,-70.96148790748751,48500,34.774526633344585,True,DS3025,2371.859887543251,DS2805,3284.595942209841
892a3064023ffff,Brookline,13.368597758425636,6,42.32335291734838,-71.12627318251144,255781,30.43484373508954,True,DS3044,1475.8998656310325,DS2760,1770.6346905187245
892a339049bffff,Braintree,13.365352466630211,99,42.226457554674006,-70.9997279488345,30192,51.72452871458035,True,DS89903,539.3269411646814,DS90190,2772.8545829120635
892a3067443ffff,Arlington,13.346756776301566,17,42.40967093095491,-71.13690154825935,287165,63.43966265318426,True,DS2822,860.9237533012373,DS100488,993.213728544276
892a3067357ffff,Watertown,13.346625713771896,12,42.37111617295218,-71.16200087495992,318929,17.026009214040563,True,DS90038,507.1471109872732,DS2481,1433.8814575931463
892a306700bffff,Cambridge,13.329694101452098,1,42.38914647350981,-71.14443767803854,276231,25.417595081654746,True,DS1556,172.31501279692017,DS2481,1965.728072731076
892a307458fffff,Lynn,13.30936790466832,41,42.4658158537785,-70.9776097231644,46180,18.41630694360563,True,DS2162,1345.6814648954623,DS3535,1735.2956962784112
892a3064d87ffff,Boston,13.282633194601113,66,42.2782730575324,-71.07192239676709,167739,22.848952099949603,True,DS1003,955.4213761087819,DS90311,1598.4569616835113
892a33923c7ffff,Braintree,13.252154852331753,47,42.22445178724778,-70.97410169181904,48950,78.68179430375511,True,DS2805,1986.9965294978279,DS2800,2445.2337827336237
892a3074e53ffff,Malden,13.23279032667839,9,42.43089997921575,-71.02610872782184,8905,8.798792929917271,True,DS2924,194.08687355413528,DS89798,1272.941724001764
892a3028b4fffff,Weymouth,13.171695584433571,4,42.25600787466308,-70.9250437065723,119430,12.37252532052916,True,DS3160,2491.217821915979,DS2605,3354.653656680452
892a3392153ffff,Weymouth,13.164111424169016,135,42.22379483330431,-70.95342671874926,48386,97.06650114765749,True,DS3025,2580.5532555243317,DS3014,3693.4177339955977
892a33929c7ffff,Weymouth,13.154289536692342,91,42.16785794455599,-70.93070170296893,79712,52.94020467904104,True,DS3475,2671.248285253262,DS89637,4390.673203356511
892a3074943ffff,Boston,13.129909013988586,42,42.38987254691013,-70.99813433596134,27704,43.77839962154009,True,DS89834,1328.2892265632765,DS89660,1455.7161435661963
892a3064403ffff,Brookline,13.09026426597828,16,42.34929480966727,-71.11174340530097,384932,39.158065707150996,True,DS2064,818.7989903369217,DS89999,1248.4999552125219
892a3064817ffff,Boston,13.072247688651752,32,42.27418694673507,-71.10896382393561,250724,15.017451940689687,True,DS2973,1616.9461334535586,DS1716,1646.913146339941
892a3392157ffff,Weymouth,13.071943974603494,36,42.22185499304519,-70.95113336743788,48387,54.41593127720846,True,DS3025,2595.250307188852,DS3014,3708.114785660118
892a3062b73ffff,Arlington,13.04043819516496,4,42.42258379471822,-71.17909892743755,259846,10.643454633890121,True,DS2798,830.4231382967142,DS89739,1780.3030895524382
892a3067573ffff,Somerville,13.00909970552654,4,42.386677910786176,-71.11668757462652,323742,21.97008411262912,True,DS24854,440.74431906365646,DS90194,1009.556278344499
892a30743abffff,Malden,12.897209455109202,2,42.44100188341588,-71.02354284823943,9180,38.019340110579535,True,DS2924,1601.5464277538513,DS89753,2226.5432497515444
892a3067413ffff,Medford,12.870969234922924,29,42.41032507298123,-71.12357788309961,288128,44.70501870408012,True,DS100488,1179.6172202960406,DS1530,1722.6335637678858
892a3076203ffff,Lynn,12.86536678552304,19,42.50028330840655,-70.98231151013968,54675,49.60598962463348,True,DS2328,3245.3521155502017,DS100082,4147.481543191664
892a3074e13ffff,Revere,12.828991101375154,7,42.428123575972,-71.01381473310556,8153,7.420701741965024,True,DS2924,1401.0195176042316,DS95032,2381.020880032796
892a3064adbffff,Boston,12.810569340821612,56,42.285318956019374,-71.1488220814774,236634,34.428040688957715,True,DS3207,1009.7123124291849,DS89682,1482.581780419172
892a307632fffff,Lynn,12.751590767313512,38,42.47129233066724,-70.96820439888329,52813,31.63639870444421,True,DS2686,1127.0143580456102,DS3535,1475.5755798090113
892a3075dc7ffff,Malden,12.62532532335038,6,42.431739191153525,-71.04638889807161,10033,32.993233106874115,True,DS89798,660.86711216816,DS90279,848.2788734174027
892a3074a53ffff,Everett,12.584837487151038,31,42.41208798282001,-71.04137779020647,12499,35.13033253718263,True,DS2539,768.0134551946935,DS90161,1903.534710460832
892a3074927ffff,Winthrop,12.576503879283512,117,42.37738097683482,-70.98255747201586,214764,29.243715260105525,True,DS2729,507.37938981629,DS89660,2021.6053971199083
892a3076c0bffff,Lynn,12.52996546404615,77,42.4634181410796,-70.92816206127556,76831,86.68342724414518,True,DS2236,1608.345949810111,DS90270,1609.11397896866
892a3392057ffff,Weymouth,12.511924458049611,7,42.2406589062793,-70.96547996454206,46975,50.2488513098808,True,DS2805,2872.9676428257335,DS3160,2892.143240952533
892a3393017ffff,Quincy,12.500342541942628,57,42.25510244242994,-71.03207000719777,15781,42.771360441616935,True,DS2163,598.3834925471646,DS1967,1209.0679055743276
892a3065417ffff,Watertown,12.483731442707134,8,42.3694782883352,-71.18336664564659,315340,35.82301359257723,True,DS1570,546.3549801994036,DS89981,881.1707715819243
892a306749bffff,Medford,12.48066654551564,50,42.41504496998697,-71.1200435441178,288785,42.0256111793267,True,DS1530,1044.3421975948681,DS100488,1756.1402441426378
892a30653b3ffff,Newton,12.460074006459866,7,42.33050468211195,-71.20601750619916,284924,9.424529762843312,True,DS1736,130.6824509259603,DS2146,1050.4812750192805
892a3075e67ffff,Medford,12.422467577047628,9,42.436320247158505,-71.10106048197862,310708,51.246320778971665,True,DS90148,2362.3003924532163,DS90258,2362.3003924532163
892a30745bbffff,Lynn,12.386493170067045,37,42.46324580713924,-70.97616338148248,46167,36.03638900989664,True,DS2162,1052.3238440059074,DS3535,1441.938075388856
892a339218fffff,Weymouth,12.37389621470988,33,42.2220772002775,-70.93754097125789,107966,51.95195702736809,True,DS3083,1892.9542392541084,DS3014,2927.7309844884107
892a306ec77ffff,Newton,12.343328203649977,7,42.3265033156184,-71.25539557041452,92851,63.01338994741068,True,DS89808,731.1699066395387,DS2125,2974.3973713954497
892a3064423ffff,Brookline,12.31981720478688,7,42.34247394752287,-71.11072036960115,385312,37.10345436853171,True,DS2532,710.3250510051822,DS90256,812.1072331483713
892a306e5a7ffff,Waltham,12.212886810054563,206,42.36339353329423,-71.23654660621719,292016,51.114389817706765,True,DS90089,1857.8873770667715,DS2821,2245.41867284682
892a306654bffff,Boston,12.175901385053718,1,42.373368723008326,-71.04914386931398,204188,20.432087237014414,True,DS90397,1207.3027262876117,DS1529,1901.6477511303744
892a30646c3ffff,Boston,12.159234409600126,2,42.358408030323815,-71.14252368062739,355371,18.223928854243322,True,DS90057,606.5630898940128,DS3218,701.4179964696452
892a30640abffff,Brookline,12.076376959275644,5,42.32950645431608,-71.12036734129438,342972,55.70200740950067,True,DS2760,1004.8640374667823,DS3044,1032.0872051656277
892a307484fffff,Revere,12.049505273371302,66,42.40684710043365,-71.01466314225381,20096,33.63689968919042,True,DS95032,654.7396310542608,DS1377,656.6395550005245
892a306442fffff,Brookline,12.02907686762106,4,42.34010846216769,-71.11240339876178,385571,33.44502926936871,True,DS2532,554.8037479298096,DS90256,657.7916879428575
892a3074a9bffff,Revere,12.015020783123518,51,42.41496004688506,-71.02572372120605,8643,92.27094544714937,True,DS95032,1430.3794173178433,DS1377,1449.3798046557058
892a3067227ffff,Belmont,12.0,1,42.37785553276438,-71.16853935494424,271299,19.108678023172217,True,DS3374,1221.775473061268,DS90038,1369.9524175219776
892a3392e73ffff,Weymouth,12.0,2,42.197848698254944,-70.96645303578609,69117,97.83775616572748,True,DS3025,2491.6147401938156,DS2116,2755.3130933692955
892a339262bffff,Quincy,11.988895253669442,26,42.24758214938719,-70.97523654221781,47141,39.132224623987746,True,DS2951,1283.3826837174302,DS2805,1612.9145791040999
892a3029683ffff,Winthrop,11.957338457156755,234,42.37443485000037,-70.9935290296736,214579,89.09689633702246,True,DS2729,592.5107543965503,DS89660,1815.1478260760805
892a3076e3bffff,Lynn,11.926912668141004,29,42.45829754993066,-70.95450877169664,75016,35.0453192335473,True,DS3466,1221.6026271280607,DS3535,1305.9733405370348
892a3392137ffff,Weymouth,11.898284943301524,35,42.209963645558666,-70.93784539190705,99166,24.546870505833652,True,DS3083,1764.639652475408,DS3014,1826.3865959657173
892a339a5dbffff,Dedham,11.877281806940385,114,42.24810240039805,-71.14854019627707,224856,41.43643391041826,True,DS2770,675.4002483779016,DS2667,2205.5706144943388
892a3075a4fffff,Medford,11.86612175881399,14,42.42506973854758,-71.12376461405628,288908,44.962286456686655,True,DS1530,1307.0335856804115,DS90146,1337.2343122929285
892a3067697ffff,Arlington,11.850214432619822,20,42.411968415790426,-71.14156608235609,293030,3.8850592341186028,True,DS1370,870.2838044734649,DS2822,1227.8769052539865
892a3075d9bffff,Malden,11.82954423558824,9,42.43394182433742,-71.04052265461975,10095,8.56711763115871,True,DS90279,153.42285444419224,DS89798,537.4108978110855
892a3060aa7ffff,Waltham,11.810370132909426,6,42.40139619384357,-71.23711015001236,220847,32.92197643412706,True,DS3271,658.9694846242019,DS3385,1807.713800626921
892a3060cb7ffff,Arlington,11.776701087445506,3,42.42411498266764,-71.18619519654902,260024,23.751892320465615,True,DS2798,285.9738629499284,DS89739,2391.615513138787
892a339214bffff,Weymouth,11.706586246543491,53,42.22175151525991,-70.95973646836866,48461,54.95592309308948,True,DS3025,2005.5257526687412,DS3014,3375.7388936746224
892a3067037ffff,Cambridge,11.691899762530438,26,42.37988792892911,-71.13466935880344,276682,38.81206323497771,True,DS89959,1741.8711085764012,DS2481,1770.0155410238126
892a3075dabffff,Everett,11.664310815851312,1,42.42349697344931,-71.03971855588036,10233,47.05145449953481,True,DS89798,1107.3835036779153,DS2539,1297.4430836376764
892a302d24fffff,Weymouth,11.645869803122716,20,42.21852454726776,-70.92795965886509,99795,30.600566307434622,True,DS3083,905.9524960157693,DS3014,3180.1590834224517
892a3066643ffff,Somerville,11.619873860999974,5,42.3907791737097,-71.09038796407776,333940,12.165170805155354,True,DS90420,532.2289313590899,DS3350,626.9808276145051
892a3074c83ffff,Revere,11.58344790599888,1,42.43053780366153,-70.97785947899716,37195,68.63186314249637,True,DS89919,3152.866044485999,DS95032,4041.62604036876
892a3392bafffff,Weymouth,11.579901122971696,51,42.15752793381612,-70.9521386283218,78197,33.30760690796826,True,DS89637,1155.8619168439773,DS3475,1945.353782996488
892a306547bffff,Watertown,11.576448435920488,1,42.367156407303824,-71.20036677113644,303730,34.12466134545136,True,DS89981,1103.0646229938206,DS3530,1461.0717448112034
892a30646abffff,Brookline,11.497230028461743,9,42.3463582596629,-71.13418686550942,349260,20.155971018694306,True,DS90346,671.8116415031541,DS95044,717.4222905052355
892a339283bffff,Weymouth,11.493782814646822,93,42.17566185622099,-70.94548748211712,97578,28.238477410520968,True,DS3475,1081.0660723045817,DS89637,3191.7204136134173
892a306724fffff,Belmont,11.482028811095049,191,42.38776582357182,-71.18543171726576,265845,17.975723311503575,True,DS3194,623.3650578344186,DS3374,879.9002368044753
892a339215bffff,Weymouth,11.463615127972526,62,42.22385045814533,-70.95805231127918,48443,97.57315975818962,True,DS3025,2540.533879733814,DS2805,3541.53442877786
892a306432fffff,Brookline,11.458446964812058,3,42.30084116057135,-71.14352493560251,237678,7.382770289229783,True,DS1981,1751.720688433611,DS3207,2637.3466941446154
892a3064b37ffff,Boston,11.401566756225533,66,42.248257884907794,-71.12170563768082,249674,11.791862373160308,True,DS3239,993.6122256219065,DS89797,1156.2857597145712
892a30629a7ffff,Medford,11.19128324199182,2,42.42053672309835,-71.12744245026676,288630,58.31113418161175,True,DS90146,724.1041765306383,DS1530,1532.235021852965
892a3074597ffff,Lynn,11.177190841692669,39,42.46840307695058,-70.97092649031899,52757,51.133007934716524,True,DS2162,1285.4314015345108,DS3535,1325.0039479061902
892a30609b3ffff,Belmont,11.136606064996448,83,42.387307810920646,-71.18898868006589,265694,5.665707118653311,True,DS3194,279.10137191493516,DS3374,852.9605152223726
892a339208fffff,Weymouth,11.118441820674748,174,42.24024835590718,-70.95272158205589,48067,6.07725843527616,True,DS3160,1938.3312600326838,DS2605,2834.7517963536516
892a339212fffff,Weymouth,11.109168384550202,46,42.208328781548005,-70.94548684405487,99286,66.53334673310188,True,DS3014,1487.5695849523108,DS3025,2319.447089316845
892a3064397ffff,Brookline,11.106164778925994,1,42.318062032740464,-71.12939661174467,238627,12.984603400435068,True,DS2711,2011.0306624993812,DS1966,2100.969464938715
892a339211bffff,Weymouth,11.103084551683722,113,42.22131464080132,-70.94661473309867,108078,69.00160834226789,True,DS3083,2797.1118812263385,DS3025,3084.464490082772
892a30654a7ffff,Watertown,11.08661417668645,94,42.36384018401605,-71.1744412680268,309721,28.622017879255306,True,DS1570,1039.0311709281448,DS90016,1639.7940172036692
892a30650cfffff,Newton,11.078008074335012,30,42.355474667184886,-71.20854765619656,307880,18.216546828519228,True,DS90349,638.8367200943345,DS90399,666.0199804144627
892a339b4cfffff,Needham,11.074576743990283,44,42.27930530431258,-71.24040728348595,171821,15.645222368062802,True,DS100070,399.8030042214669,DS1023,491.98835982642584
892a306422fffff,Brookline,11.073017432023434,2,42.31926594821846,-71.15741387247667,230997,48.45477499702905,True,DS2712,1005.3684430814816,DS90323,1174.3917579249837
892a3076393ffff,Lynn,11.064413369099135,182,42.48998848836406,-70.95741372231562,61335,42.63821344879409,True,DS2328,537.8488996292667,DS89936,1787.539360376844
892a3392223ffff,Braintree,11.06235216549252,57,42.22910959308238,-70.98894317723462,30393,20.047140967584237,True,DS2805,1876.505282068944,DS89903,1896.131730078503
892a3060ab7ffff,Waltham,11.056778565817948,5,42.40328789145057,-71.2347682923605,227561,15.837288637501526,True,DS3271,55.44844628112675,DS3385,1170.0239105283915
892a30654d3ffff,Watertown,11.026511652665071,5,42.37966916460225,-71.18867557053618,265398,18.259976684946217,True,DS3374,1061.20745951208,DS3194,1071.7316443007282
892a3074327ffff,Malden,11.018826407770696,15,42.43337118834255,-71.02708978751726,8803,10.51149165621464,True,DS2924,315.93603684386875,DS90279,1096.6487199337046
892a306462fffff,Boston,11.01492635441809,4,42.34099708801924,-71.1423526495196,349846,19.834926698660563,True,DS89804,404.61117162452535,DS95044,434.2956371834033
892a339242fffff,Weymouth,11.0,1,42.24421512294999,-70.94269006533781,108604,30.50751161980796,True,DS3160,785.7523269188384,DS2605,1682.1728632398056
892a3074a07ffff,Chelsea,11.0,2,42.40323116006026,-71.03106732471312,11679,28.324558198206926,True,DS3586,973.1974589833925,DS2701,1281.7172924780355
892a30672a3ffff,Belmont,10.979657760015586,2,42.38601476125934,-71.16035680491188,271022,21.685488680680276,True,DS90038,1809.0170986768046,DS2481,1922.052367929147
892a33930afffff,Quincy,10.956941397156664,189,42.25087361283836,-71.02757066670452,16983,62.63745214575103,True,DS2163,871.9963430429239,DS1967,1858.6916867357306
892a307494fffff,Boston,10.939131951394629,65,42.38841720695771,-71.00031734503612,27675,4.227860150732371,True,DS89660,1138.527658609149,DS89834,1510.0644198226405
892a3074367ffff,Malden,10.927023552363528,8,42.43544546672181,-71.03871321096291,9778,72.20949758495134,True,DS90279,182.1595397329576,DS89798,630.1890390091695
892a3392177ffff,Weymouth,10.908712774079437,32,42.2134140353796,-70.9477936782823,55831,42.99032217280121,True,DS3014,1980.6725884140888,DS3025,2511.1641822654046
892a339b457ffff,Needham,10.898319357255216,86,42.27758457836464,-71.24275126370775,169785,43.1876647022838,True,DS100070,764.6186690586638,DS1023,856.8040246636226
892a30642d3ffff,Boston,10.894502864867958,43,42.34208285370702,-71.15924076235942,327004,25.62834651506573,True,DS2816,981.3109947830056,DS3391,1259.0868899639675
892a3392677ffff,Quincy,10.87631649892235,54,42.2506394051844,-70.97962222991676,47277,48.881514190296315,True,DS2951,940.8434380218049,DS2805,1499.667205456151
892a3391653ffff,Boston,10.862825792416652,115,42.24290281550193,-71.12268754288598,249619,53.32503968286285,True,DS89797,698.6710528119999,DS3239,1426.2122590542263
892a3065e17ffff,Newton,10.808897382814347,12,42.3128482666976,-71.20148622567703,183672,39.29712240018472,True,DS90339,1156.860403964619,DS3522,1424.4198826204251
892a30666cfffff,Somerville,10.803503789457944,1,42.39222209343841,-71.08325029600411,334620,31.294143560512428,True,DS90357,365.3459313228949,DS3350,386.4136265967536
892a3392823ffff,Weymouth,10.78038733036614,72,42.17320164664645,-70.943219971793,97559,27.009633867290727,True,DS3475,1622.577243666482,DS89637,3494.081147025135
892a3075ac7ffff,Medford,10.762815754595351,32,42.43009290977451,-71.10974966396851,305993,31.911562568978944,True,DS1530,1367.0873103692988,DS90148,2306.8716950613293
892a3074e5bffff,Malden,10.757254385420902,41,42.43106904868658,-71.02951331823944,8756,18.141931791964563,True,DS2924,485.5947203103416,DS89798,955.5717015813536
892a339b447ffff,Needham,10.742825563663867,67,42.27478735775173,-71.24537673719155,169795,45.134229497829885,True,DS100070,1417.4181680547722,DS1023,1509.603523659731
892a339a047ffff,Dedham,10.74076343487811,1,42.23715312111137,-71.18550911099335,194818,35.01358265598354,True,DS89663,915.7516300705496,DS2811,1413.0836590520848
892a3074923ffff,Winthrop,10.729216522757152,92,42.37903744616398,-70.98439915793291,36344,16.71504016205133,True,DS2729,590.8258841359282,DS89660,1702.9070780623867
892a3064573ffff,Boston,10.704109980195264,13,42.32894081840477,-71.10206794256298,390809,13.057754145499342,True,DS100078,922.0111214418729,DS90375,1011.8249307126069
892a3066aa3ffff,Boston,10.68201062062862,27,42.30901073469644,-71.07134791578432,167046,33.20371708969658,True,DS100084,514.3546912974077,DS90426,581.4638284730024
892a3065433ffff,Watertown,10.669929199543136,29,42.36346692109864,-71.18234968435014,309877,22.14226562731884,True,DS1570,497.4810936803955,DS1537,1102.3288707648455
892a3064443ffff,Brookline,10.666629017606406,4,42.35147173300568,-71.12230394427144,345589,21.090623906447647,True,DS2064,475.5213818391847,DS3200,491.41968730174284
892a3076e7bffff,Lynn,10.666496520104852,3,42.459669151759954,-70.96540911655806,75734,14.837240689912658,True,DS2162,439.8843708932721,DS3535,497.98008845282465
892a339a5cbffff,Dedham,10.661420587929404,41,42.24569578364704,-71.15034381752466,224771,17.606169748544833,True,DS2770,624.1030246044629,DS2667,2132.479046731845
892a307497bffff,Boston,10.642671866842116,9,42.38518301179552,-70.99856901890104,27615,60.99158191805413,True,DS89660,239.437366661276,DS2729,2064.994278538976
892a3075b97ffff,Medford,10.62660527027721,9,42.411288655514994,-71.0822892390791,382767,82.48610121744628,True,DS2912,821.0332398177608,DS100163,1570.754012022452
892a3065b63ffff,Needham,10.60021523305304,56,42.26967268350318,-71.21413898273569,178087,43.576431239160776,True,DS90094,857.62825363256,DS1023,2482.624293453176
892a3062b53ffff,Arlington,10.563003385786455,6,42.43038478975208,-71.18007751213737,254084,34.10129355906549,True,DS2798,1299.7152882239893,DS89739,2558.7043949589574
892a302944fffff,Winthrop,10.553556608105508,101,42.36987830481202,-70.9850523310923,214903,18.135963223506685,True,DS2729,762.1675795152388,DS89660,2584.8976424017187
892a30650c3ffff,Newton,10.550400093062622,6,42.3577996954031,-71.20544160949622,304105,58.61557152558748,True,DS90349,1118.953445475118,DS90399,1146.1367057952464
892a3075987ffff,Everett,10.495489565135175,57,42.41007047020621,-71.0524658041671,389525,36.3058239977423,True,DS90161,737.4010225449755,DS2539,889.8417311496892
892a306738bffff,Cambridge,10.410686749624707,1,42.37465516087357,-71.15111382569117,319985,16.699610296497806,True,DS2481,316.1276609947948,DS90038,714.4041346128872
892a302942fffff,Winthrop,10.398487196146458,205,42.35856506636304,-70.9715533309496,215384,31.818584575492565,True,DS2729,3441.1146218135964,DS89660,5031.887728031834
892a3064823ffff,Boston,10.388657715605245,117,42.266963970179226,-71.11013501372213,250660,34.49368676687983,True,DS1716,1400.3247985098674,DS89826,1969.5410714298994
892a30676afffff,Arlington,10.340482182987472,3,42.402119771067554,-71.1494597074686,275014,26.2502375680758,True,DS1370,1145.4178058101807,DS2822,1156.3326815696619
892a33922abffff,Braintree,10.330724487765444,13,42.23456490381605,-70.98246728844336,30469,31.334092313352134,True,DS2805,664.4108471014271,DS2800,1122.6481003372244
892a30758a7ffff,Malden,10.325893769396671,15,42.42022120639015,-71.06520957776812,393755,22.264894249066046,True,DS2338,722.6466509705206,DS90316,776.8788927981554
892a3076e5bffff,Lynn,10.325488261768731,36,42.46843810571196,-70.96657247771505,52721,34.12774744796337,True,DS2686,1055.2697074788753,DS3535,1080.3391197777826
892a30655afffff,Boston,10.324110195609022,45,42.34488640886228,-71.16411282884431,327194,71.9780255899017,True,DS2816,1055.087886379366,DS3391,2005.0322708802876
892a3064d07ffff,Boston,10.20901249218323,15,42.27336957162041,-71.07936009755394,121262,29.706567331720155,True,DS1003,1103.0976399661045,DS2289,1474.8975171166235
892a339a04fffff,Dedham,10.19056777919735,1,42.23650063511096,-71.18823105069936,182081,35.18718238440357,True,DS89663,1757.8860700174957,DS2667,2080.12179798501
892a3062b03ffff,Arlington,10.1893160863155,3,42.426211880209,-71.17027500031624,254349,13.242216369870205,True,DS89739,1688.080150659028,DS2798,1832.0046548229766
892a3075bcfffff,Medford,10.189024480695023,4,42.41297266916308,-71.0998256462441,312497,16.34823105175408,True,DS1530,1362.5965092468884,DS90148,1874.4321846338096
892a3029457ffff,Winthrop,10.186487856427414,108,42.37253331202879,-70.97795493811743,215050,37.381469704511744,True,DS2729,1097.661976563996,DS89660,2742.065017974476
892a3064ac3ffff,Boston,10.130729696009244,37,42.28261362935357,-71.14658692659079,236877,58.42730792476194,True,DS89682,1074.9924512921575,DS3207,1460.3773916542284
892a30609c3ffff,Waltham,10.102840631649428,12,42.39503723212367,-71.20567623418414,223366,32.6083171878995,True,DS3194,1547.7039251070273,DS3374,2584.2548374829903
892a306720fffff,Belmont,10.038892890314049,3,42.3850980855868,-71.17551920967291,269689,15.971288672080092,True,DS3374,950.5046871860267,DS100291,1447.4393223743712
892a3391497ffff,Milton,10.028553240903294,1,42.24429939999999,-71.06908285,408377,27.878813103332007,True,DS1967,3215.2287847153184,DS1003,3378.4643836212103
892a30759cbffff,Everett,10.0,2,42.414763602446016,-71.06983708577559,401060,27.636842062354113,True,DS90048,826.2720803125532,DS2205,1332.3921023555754
892a33923b3ffff,Weymouth,10.0,1,42.21892930486541,-70.96181830670069,48478,42.41878409659433,True,DS3025,1891.4906745213045,DS3014,3261.7038155271844
892a3062917ffff,Medford,9.916441877957356,104,42.4258444964959,-71.13548591511527,289326,38.00085483220776,True,DS90146,787.6953386611623,DS90427,1764.0289989206744
892a33934c7ffff,Quincy,9.89507447771448,205,42.28070722284664,-71.02081615103683,174746,137.94113546324087,True,DS2932,1244.7598610924656,DS100309,1584.4221856867207
892a3060833ffff,Waltham,9.886238231101096,5,42.401502943429485,-71.21511190704389,226259,44.79329742503018,True,DS3271,2235.9879609154536,DS3385,2247.928762104395
892a3065dc7ffff,Brookline,9.885675787450566,4,42.30045428529986,-71.15818336367329,230302,35.538668746337564,True,DS1981,853.9993861458437,DS3207,2587.503021688519
892a3067617ffff,Arlington,9.878567620652776,32,42.40640662959568,-71.15193524804393,294274,12.067848582864983,True,DS1370,1553.8470120705304,DS2822,1674.2227668995115
892a3029453ffff,Winthrop,9.875217258054112,186,42.374339676681466,-70.98005902904838,215068,30.21695555793803,True,DS2729,880.3080630887721,DS89660,2410.9524209582705
892a306084bffff,Waltham,9.86720373636662,10,42.40920082210737,-71.23529501632137,227414,23.941531944285178,True,DS3385,518.3564543467826,DS3271,897.3837960955348
892a3066477ffff,Boston,9.86458488799564,3,42.38312149148179,-71.05179202658282,388720,41.82286149538414,True,DS90397,1101.7046317384497,DS1529,1829.5447087799043
892a30646d7ffff,Boston,9.840765590399874,4,42.3582211173181,-71.1410839841463,350908,17.20455330633104,True,DS3218,548.2766197334577,DS90057,707.1614791832665
892a339352bffff,Quincy,9.840275932832949,22,42.24877220791722,-71.00636537915717,32016,28.51824584823509,True,DS90190,519.0157874358238,DS3084,1406.8872746043362
892a3075b83ffff,Medford,9.821153952173228,10,42.41130831764836,-71.08406118363598,311518,53.380131869322774,True,DS2912,873.0198705839508,DS100163,1623.112800017832
892a3062907ffff,Medford,9.765549170170576,68,42.423105198888685,-71.13668259502481,289263,58.146504182451395,True,DS90146,506.73128982994393,DS1530,2385.0499555284196
892a3392267ffff,Braintree,9.754101467321306,122,42.22949802847142,-70.99693279225104,30550,11.70291496646079,True,DS89903,960.6637636659441,DS90190,2672.941322295059
892a3074eafffff,Revere,9.748179278428433,210,42.42023654264165,-71.0078666087748,38050,6.931099292222941,True,DS95032,1152.4278108808946,DS16477,1219.0636238359966
892a339a4afffff,Dedham,9.736599389560483,114,42.25093803131148,-71.15101625017064,224894,44.27686734693974,True,DS2770,719.249363480415,DS2667,2153.0309150652774
892a3066463ffff,Boston,9.704943144112184,6,42.38308712635994,-71.05824080565081,388405,11.583651448491663,True,DS90397,1413.161262515431,DS1529,1645.8722806738556
892a3029443ffff,Winthrop,9.673175171297297,120,42.37234374940383,-70.98228930590933,214881,37.86901422745998,True,DS2729,694.2748452566155,DS89660,2486.9464700963636
892a306290fffff,Medford,9.654561641489217,3,42.423054078710905,-71.14147857607104,289362,50.081321284230356,True,DS90146,854.832553815497,DS1370,2214.9783645502353
892a3076aabffff,Revere,9.618276092700436,112,42.44089036854599,-70.96295558468908,37050,79.22232292904019,True,DS89919,5081.1928931015855,DS95032,5969.952888984348
892a3066283ffff,Cambridge,9.596782923966131,3,42.37337876205003,-71.08781650989381,133444,12.499100890400708,True,DS90039,327.95402703398355,DS90015,570.4281548239437
892a3067027ffff,Cambridge,9.56635703335299,20,42.37700179944323,-71.1370697173365,356025,12.385538618138328,True,DS2481,1060.9154440712725,DS89959,1691.8961256508778
892a30296b3ffff,Winthrop,9.544265868065589,92,42.3697780215017,-70.98870172288592,214866,37.13264580518583,True,DS2729,853.8801943283074,DS89660,2423.4252985859716
892a3074c8bffff,Revere,9.532898686152985,5,42.43076315291032,-70.9796979033678,37196,108.5771406427209,True,DS89919,3297.986825329249,DS95032,4186.74682121201
892a3392e97ffff,Weymouth,9.460297076066482,27,42.20602579744163,-70.94713442370409,56008,38.62609577014791,True,DS3025,1232.1199870677601,DS3014,1314.4758863408608
892a3062b4bffff,Arlington,9.438245469689278,5,42.42752292273728,-71.18622515722959,248142,25.667758338548083,True,DS2798,638.6349436305853,DS89739,2467.199307832349
892a3392553ffff,Weymouth,9.363825041856453,122,42.24265957559446,-70.93748097583037,108639,68.40950295871484,True,DS3160,482.4161367564371,DS2605,1531.4775008133033
892a3064407ffff,Boston,9.3638204209308,2,42.34711755766501,-71.10693028752826,384582,21.620867064104974,True,DS89999,862.5009178934686,DS2064,1280.387472829602
892a3064557ffff,Boston,9.345887728347384,6,42.33525450397248,-71.10335751136837,386139,38.767086265419394,True,DS100078,292.96421721435166,DS90364,359.7522005509011
892a3074a5bffff,Everett,9.336403989012302,4,42.41142798700886,-71.04474487891824,12550,98.56205015026458,True,DS2539,627.3784157325892,DS90161,1679.5118457341998
892a306732bffff,Watertown,9.33286318337182,1,42.36204496989922,-71.15891380359741,321458,16.972376793882784,True,DS90016,452.1026113100406,DS90038,1252.7344357855736
892a339a5bbffff,Boston,9.321754073394976,1,42.23620747821831,-71.13552285764644,245386,50.5921039697663,True,DS89797,2598.827222423349,DS3239,2767.9321114641984
892a3392143ffff,Weymouth,9.320991092864253,58,42.22195723987711,-70.9546921671025,48414,58.34309866364215,True,DS3025,2221.4643495915775,DS3014,3334.3288280628435
892a3076ccfffff,Lynn,9.27999567578138,184,42.46820931760424,-70.92718183281984,66739,83.34332501395545,True,DS2236,1868.1796322398322,DS100557,1904.2370322877432
892a3064157ffff,Boston,9.263445829408592,3,42.31553482530845,-71.11700462536724,256957,6.634596188228246,True,DS1966,624.0715503573102,DS2711,824.888647425099
892a3075d4bffff,Malden,9.254688715785983,12,42.42854364658898,-71.06317223154541,393893,10.18943889191096,True,DS89987,513.7070302333292,DS90316,606.5131087902039
892a3064a57ffff,Boston,9.24152481368962,205,42.27766768570904,-71.15006201577249,225635,57.21540031713544,True,DS3207,1231.446500368657,DS89682,1267.4827919081897
892a3392c53ffff,Weymouth,9.234702946028763,77,42.20548277615975,-70.93935763187174,99079,60.4813369962011,True,DS3014,1247.301484232984,DS3025,2079.1789885975177
892a306566fffff,Newton,9.210445430457098,181,42.36086580458264,-71.23021557386248,291816,52.525503690772425,True,DS17594,1953.4994401243941,DS90089,2203.1578615454605
892a30674a3ffff,Medford,9.208617337499325,42,42.40468394673265,-71.11315288274189,317447,44.41086412357189,True,DS3299,1338.9450663009509,DS3560,1407.7966790504668
892a3066a63ffff,Boston,9.198355389187292,2,42.306910730713184,-71.0893153477017,267870,9.321946364778523,True,DS3011,1463.0613279392621,DS2788,1751.3191673958595
892a306663bffff,Boston,9.178449365713629,1,42.38238102627852,-71.07771346931872,381626,39.211586048532624,True,DS2493,787.098405123305,DS90015,1613.7887152621277
892a3064287ffff,Brookline,9.172739892457123,14,42.334633843408064,-71.1467712607785,337887,18.925454651406046,True,DS3391,552.9364611705212,DS90317,1160.794351602805
892a3074e6bffff,Revere,9.15605059993914,48,42.41984614598044,-71.02903787196854,8674,18.48464626683791,True,DS2924,1890.3244877542977,DS2539,2149.3113038421006
892a3075c37ffff,Malden,9.142315212475422,9,42.435960812581705,-71.05683299898172,396187,62.38396995519477,True,DS89987,1769.6995634680386,DS90279,1832.8595020562834
892a3060cb3ffff,Arlington,9.131485822293303,6,42.42459901832396,-71.18934407284225,260438,45.46953428677549,True,DS2798,178.26145713009768,DS89739,2646.874199991417
892a3062b0fffff,Arlington,9.127376608897496,1,42.42277266858769,-71.17345979942156,259486,17.59443347057424,True,DS2798,1250.3038987356078,DS89739,1268.1580023828496
892a3075843ffff,Medford,9.118185896824867,4,42.427729668237234,-71.09051218877859,310832,39.53091485664037,True,DS90148,866.1216293606943,DS90258,866.1216293606943
892a3064e93ffff,Boston,9.11780841007386,47,42.30212663664531,-71.11612258450172,256334,50.57880352621376,True,DS1966,1396.8821166550988,DS90243,2114.820140723005
892a3074e8fffff,Revere,9.114309641255534,11,42.42807861354594,-71.00958720843444,44029,14.520432535969826,True,DS2924,1922.103428004206,DS95032,2388.2006692708746
892a30671cbffff,Cambridge,9.11354671996876,25,42.37725597840911,-71.13260820452007,356144,23.04140163731865,True,DS89959,1307.4068242025744,DS2481,1463.2537418059076
892a307589bffff,Malden,9.08989658505757,20,42.43365887434469,-71.0723748371461,400035,40.31711020751866,True,DS90316,1235.4884288309406,DS2338,1285.7264042325228
892a3062927ffff,Arlington,9.042423371999522,12,42.41357356515479,-71.13567686052448,287208,17.168501210561903,True,DS90146,1336.0062915617034,DS2822,1431.1715392050698
892a3074a37ffff,Chelsea,9.037240498205016,27,42.39826884573214,-71.02759586670712,19047,52.77385023986187,True,DS89744,999.6974709437367,DS2701,1049.0732528806373
892a3060b5bffff,Waltham,9.021961370066531,3,42.393887268797975,-71.24597644825994,220681,31.75218377051841,True,DS2279,2102.5266814152583,DS3271,2320.3284675811014
892a339040fffff,Braintree,9.013198271515414,128,42.21597072158931,-71.00865409674122,26340,61.1232701312079,True,DS89903,1798.399499861213,DS90182,1921.795617129274
892a306504fffff,Newton,8.999999999999998,4,42.34954523206314,-71.21793367580106,286563,28.305691187780898,True,DS17594,720.3192770134871,DS90349,890.6268742787153
892a3067247ffff,Belmont,8.96895157680556,193,42.387480195325125,-71.18113592527017,265915,23.23225234600677,True,DS3374,548.7456545924988,DS3194,1106.1105166756467
892a306ed83ffff,Newton,8.955602669270233,48,42.31792881904435,-71.22578068243159,176090,20.21339017128025,True,DS3522,1529.2031420395297,DS90339,1971.6872271146103
892a306e097ffff,Waltham,8.95297561981183,6,42.37342264821496,-71.26721757241559,154135,55.39859682096507,True,DS89647,1390.1912375638792,DS100539,1390.1912375638792
892a3074537ffff,Lynn,8.94713228379666,19,42.45507827974596,-70.97680799016814,45439,24.59497283870583,True,DS2162,922.1936149112105,DS3535,1565.0709197175868
892a306e42fffff,Waltham,8.939837266011784,10,42.37567806159086,-71.26459693853712,148804,18.887118130602566,True,DS89647,513.4449464361983,DS100539,513.4449464361983
892a339a407ffff,Dedham,8.934236945610083,123,42.25330447939627,-71.15719791623567,224403,18.497161199606012,True,DS2770,750.5558508594199,DS2667,1920.1916415968087
892a339345bffff,Quincy,8.899802109516738,3,42.27968852165915,-71.03345872529336,174952,17.749203300065627,True,DS100309,1124.492930074731,DS89736,1198.9475012546059
892a3029403ffff,Winthrop,8.89215624526001,5,42.36878105344272,-70.97071910810863,215009,63.08300332580195,True,DS2729,2135.824225981123,DS89660,3726.59733219936
892a339a54fffff,Dedham,8.843506308391376,179,42.237295778801744,-71.1576505296119,224458,89.01790991425601,True,DS2770,1753.4870782903213,DS89988,2104.3252284906166
892a30749c7ffff,Revere,8.819445675227444,109,42.39327655460696,-70.98622508441204,36074,49.58751735160399,True,DS89834,2009.9577978311434,DS90024,2065.3537775776213
892a306483bffff,Boston,8.790099941527554,89,42.26934570231571,-71.11254591730697,250622,49.489533632843724,True,DS1716,963.0427422876811,DS89826,2133.6986062269434
892a339239bffff,Braintree,8.731845587895931,156,42.22688103994084,-70.96834645414279,54946,36.90120352815997,True,DS2805,1969.2352052946687,DS2800,2427.472458530465
892a3075807ffff,Malden,8.699616322999148,16,42.42276886430852,-71.07727218267715,401884,35.8352985235065,True,DS2205,779.5247943717478,DS90048,982.3254055605391
892a30656cfffff,Waltham,8.695715598641122,62,42.37416719054264,-71.22421077209393,302417,14.374663987783675,True,DS2494,932.5684836340324,DS90089,1229.688664171981
892a3075d6fffff,Malden,8.684664484633114,22,42.41807623844664,-71.05902967437667,394282,24.37118189239188,True,DS89987,1202.7337182619312,DS2338,1360.4296619584522
892a3074363ffff,Malden,8.679497824894934,8,42.43829598655668,-71.040648321014,10109,29.341157714486076,True,DS90279,632.2666875708894,DS89753,1040.4525711276067
892a3065b73ffff,Needham,8.673644223416652,88,42.27199891126987,-71.21210834748264,178036,99.35998784702684,True,DS90094,562.5269294135808,DS1023,2508.415207109463
892a306480bffff,Boston,8.662778317700024,30,42.27554071378596,-71.11719498187416,250910,5.637373615275375,True,DS1716,1151.0216671414075,DS2973,1174.001745944728
892a306438bffff,Brookline,8.648397771282248,2,42.31713258699668,-71.13896993878615,238268,4.274063849760485,True,DS3391,2845.8113863646754,DS3044,2861.7600513411066
892a3075867ffff,Medford,8.631890893911699,2,42.416615696392284,-71.0855336782817,311420,44.74449506759278,True,DS90148,1078.875945048764,DS90258,1078.875945048764
892a30745cfffff,Lynn,8.612964876468334,100,42.468652695809794,-70.98866377989297,52107,34.8731027832708,True,DS2162,2478.0820129145027,DS3535,2870.58326824308
892a306ecd3ffff,Newton,8.55962604437737,20,42.34203068969614,-71.2509217692593,290430,23.51210812622215,True,DS2125,950.2559720317444,DS89808,2461.7303993575424
892a339222bffff,Braintree,8.550066754345686,72,42.22922284748396,-70.99294089868228,30543,27.439610513015644,True,DS89903,1500.262186778275,DS2805,2368.769644508856
892a3065dabffff,Boston,8.541677274678147,145,42.29081147644901,-71.15275839108328,236083,4.216932576469498,True,DS1981,983.3995127707927,DS3207,1108.667420491394
892a3029407ffff,Winthrop,8.539679418695627,7,42.366138571928026,-70.96942723751546,215284,40.33798521872165,True,DS2729,2537.5765082584085,DS89660,4128.349614476645
892a30294cfffff,Winthrop,8.53305387662311,84,42.37373705818454,-70.97656622441492,215064,30.601140692938266,True,DS2729,1234.1267163737512,DS89660,2687.5300469135254
892a3028b47ffff,Weymouth,8.502977192079124,9,42.25675109735203,-70.92199599568318,119415,44.214548830697794,True,DS3160,2825.0003128918092,DS2605,3688.436147656282
892a3064803ffff,Boston,8.480979871204259,17,42.27466476071425,-71.11137141313029,250772,44.05833506622481,True,DS2973,1498.7027496928583,DS1716,1959.0469763020799
892a339a41bffff,Boston,8.448436215994008,75,42.25894386689849,-71.16158581992732,226181,43.44698722569477,True,DS2770,1671.0259911102528,DS2667,1755.8120661194635
892a3076323ffff,Lynn,8.444738571034172,24,42.474082431683726,-70.96583565615526,67858,31.739796491589143,True,DS2686,912.5932734761351,DS89936,1000.222065325159
892a3392277ffff,Braintree,8.441353338039855,59,42.23189784681979,-70.99501203833557,30568,48.46007230358094,True,DS89903,1351.9220975618503,DS90190,2171.610431388735
892a3067593ffff,Medford,8.4379006029799,1,42.39637791852867,-71.10028611878323,330185,25.537922136911718,True,DS3299,482.16283465381855,DS90420,606.7578843154782
892a3062b13ffff,Arlington,8.40873132890759,3,42.42725915873061,-71.16975954758227,254351,26.156860491240767,True,DS89739,1753.4681249024975,DS2798,1787.6777690802724
892a339a547ffff,Dedham,8.394129058783422,152,42.23735557776468,-71.15311149084786,224638,48.72659220436442,True,DS2770,1544.4386855006453,DS89988,2594.0989866573464
892a339a537ffff,Dedham,8.38096787903323,3,42.2291932238087,-71.13648615572883,219088,62.77301408394412,True,DS89797,2250.7937988484664,DS3239,3636.6612118828757
892a3064197ffff,Boston,8.379513309892006,11,42.31720970120482,-71.0996909376231,266833,8.953064970030987,True,DS2788,530.1558461979147,DS100083,616.5324816420224
892a307636bffff,Lynn,8.350704197000944,10,42.47610297750954,-70.98394056877173,53068,55.56936089367489,True,DS2328,2957.810907957224,DS2162,3017.3666382141155
892a306482bffff,Boston,8.327736788310249,46,42.26776345917545,-71.11585433870452,250845,52.52535358358647,True,DS1716,599.5062540291613,DS3239,2199.811764164044
892a3075b43ffff,Medford,8.31903508087151,15,42.40799130752381,-71.10525824730058,317988,92.71748418049971,True,DS1530,1552.9155616934822,DS3299,1736.955600443649
892a339a457ffff,Dedham,8.308157436148628,1,42.258083311635765,-71.16771672052526,193796,37.01152362913605,True,DS2667,1596.8948922191123,DS89988,2019.4584143811592
892a306702fffff,Cambridge,8.288266241781955,28,42.37679830067098,-71.14140975575864,355844,35.353394432163746,True,DS2481,882.9378271458723,DS90038,1659.5155006013038
892a3065c8bffff,Brookline,8.285783197999194,4,42.31782002956196,-71.17021778711252,189097,108.02856704669989,True,DS90323,770.1465073792565,DS2712,1097.0073168444064
892a3067553ffff,Somerville,8.284174009109064,3,42.3941164393398,-71.11872645983516,322858,29.95282861243838,True,DS3560,477.46301891928755,DS24854,843.6365640423638
892a3076337ffff,Lynn,8.248509185048649,22,42.473578287101525,-70.96307740751296,67865,59.80556397928156,True,DS2686,952.4851153624224,DS89936,1055.6501900491635
892a30648bbffff,Boston,8.229061872705005,38,42.274854617610295,-71.10312794434059,272405,26.41132182259637,True,DS89826,1437.6699300036466,DS1716,2172.4737862002703
892a3392187ffff,Weymouth,8.224143685445403,16,42.22096179676226,-70.93461555346477,107828,46.999550795858966,True,DS3083,1519.189141812978,DS3014,2849.4967209547485
892a3065657ffff,Waltham,8.1833525554549,42,42.37254520356917,-71.22526113818282,302303,12.381501258280736,True,DS90089,1156.1392807026957,DS2494,1267.2320298491288
892a3064a77ffff,Boston,8.179307017706654,14,42.27045414972044,-71.14788843154244,225537,1.3337640126195336,True,DS89682,1051.1211570626665,DS3163,1876.2729667356539
892a3076ec3ffff,Lynn,8.164594314990401,3,42.470355499800085,-70.95707018282876,68081,11.556897214526593,True,DS2686,251.19713379639882,DS89936,990.844439021838
892a3392c17ffff,Weymouth,8.162036536834593,21,42.20009884044609,-70.92604644925594,98598,13.90126042559547,True,DS3524,1849.843593431548,DS3014,2048.589289706465
892a339226bffff,Braintree,8.134393317225516,54,42.23119448326844,-71.0032883357094,30737,20.61268329310385,True,DS89903,464.555038892679,DS90190,2071.2931913125294
892a3065467ffff,Newton,8.132157537450983,3,42.36117031382639,-71.19401678689376,310358,5.657863083013731,True,DS1537,221.9357511200585,DS3530,646.0420013340799
892a3390493ffff,Braintree,8.1133160146059,122,42.2269999804176,-70.99448289443828,30197,96.29078087471493,True,DS89903,1144.8534385753837,DS2805,2619.2948428817203
892a307615bffff,Lynn,8.101554933230133,143,42.48713576004435,-70.95068140005651,61490,31.924629126064897,True,DS2328,1180.754232083323,DS100557,1575.3720509366187
892a3065c5bffff,Newton,8.083225776889224,6,42.31834831328988,-71.18552067343062,188190,13.313121626960141,True,DS90323,1964.0992698283728,DS90289,2124.344260533055
892a3064a97ffff,Boston,8.029092515272112,10,42.2803118511808,-71.13059073109045,243507,71.36316194310592,True,DS1243,1042.8430014269768,DS3335,1056.3601555574203
892a339b40bffff,Needham,8.014096206642936,61,42.274777764184925,-71.24070817576892,169780,36.36787429757519,True,DS100070,1021.2608273328174,DS1023,1113.446182937776
892a3074a17ffff,Chelsea,7.992380832801947,9,42.406504247452425,-71.02837896644377,19212,5.927541959488665,True,DS3586,1091.1703315298814,DS2701,1525.651369274942
892a307585bffff,Medford,7.9047136792457025,7,42.42947899415693,-71.09170680975093,310829,58.85604010534405,True,DS90148,1144.766384272382,DS90258,1144.766384272382
892a3060a9bffff,Waltham,7.878150446454513,109,42.41454525313776,-71.24220904383057,227181,50.96712038762513,True,DS3385,1204.7332543336406,DS3271,1968.1362761241844
892a30664b7ffff,Chelsea,7.844790480981855,8,42.38616743012842,-71.03266608355223,17895,10.095554360852995,True,DS3580,910.9367894671096,DS89744,934.2846941262869
892a3060823ffff,Waltham,7.834255408050893,5,42.39878720675453,-71.21568958064401,226244,45.50437869887935,True,DS3271,2369.2509613940306,DS3385,2514.3723536110956
892a3064367ffff,Brookline,7.827677627267878,1,42.30420905719809,-71.15162645460869,231445,31.224209670625815,True,DS1981,1152.9063174212388,DS3207,2844.655549277747
892a302d24bffff,Weymouth,7.801821703582697,16,42.220240695058266,-70.93014953349156,107782,36.749202932636,True,DS3083,1140.303893727947,DS3014,3181.9160720654927
892a3074517ffff,Lynn,7.798726191004815,30,42.463027790062114,-70.98024504650236,46217,45.20280096869801,True,DS2162,1438.460956606528,DS3535,1828.075187989477
892a3064e2bffff,Boston,7.7552982610356995,2,42.28465066422332,-71.12967509006361,243735,19.957874392610552,True,DS3335,352.59595421127364,DS1243,355.4217504219308
892a306546fffff,Newton,7.722101842982216,96,42.36093845179915,-71.19988684068623,303939,10.251467518973394,True,DS1537,584.0788966881893,DS3530,859.7973464819223
892a3064877ffff,Boston,7.717226339340272,147,42.2695497448906,-71.11766297793613,250852,29.575322565184806,True,DS1716,807.1060965203578,DS2973,1979.1565754197331
892a30294d3ffff,Winthrop,7.662244310829828,42,42.37966416106259,-70.97301940814206,36451,42.703827328002156,True,DS2729,1820.0618251893566,DS89660,2633.115993867593
892a3074533ffff,Lynn,7.65184687769648,29,42.45856753629745,-70.980032930163,46382,11.364632923605928,True,DS2162,1087.0311967805321,DS3535,1702.2059456172683
892a33926b3ffff,Quincy,7.631822458701945,33,42.25560541523711,-70.96199045331922,47595,21.303786035968532,True,DS3084,4288.919567265778,DS2951,4718.433883335506
892a3064dc3ffff,Boston,7.611041129035232,127,42.28293637292462,-71.08329510510524,120990,39.700743595592655,True,DS2289,495.4133615391015,DS90311,1308.6929868920183
892a3067277ffff,Belmont,7.605763632432826,9,42.38194833909227,-71.17518339173319,266319,4.349183823994357,True,DS3374,605.3404915090695,DS3194,1706.9368274591855
892a33931c7ffff,Quincy,7.597725709608344,26,42.242057122992136,-71.02165176962204,17655,20.9763228641119,True,DS100288,1578.9987270790919,DS90190,1613.052587531695
892a3065097ffff,Newton,7.593688145235772,3,42.35572745963516,-71.1920038996692,308393,11.781034207575571,True,DS89742,270.20964187698695,DS1537,1023.2631767621323
892a339a697ffff,Dedham,7.592230457533632,78,42.26096043344533,-71.17727805585274,193994,24.068005280171725,True,DS2667,1845.2269654862741,DS89988,2320.044365329838
892a307484bffff,Revere,7.59188258937658,90,42.41025528643595,-71.01655167243703,20032,89.13133552615749,True,DS1377,610.9533685101603,DS95032,612.7100004211791
892a3066bb7ffff,Boston,7.589986739482004,160,42.29094770973698,-71.05121594615326,173595,27.615994601717087,True,DS89736,1056.3205568330259,DS2844,1258.2953567687766
892a306494bffff,Boston,7.56704118575802,23,42.25966699401689,-71.11436620389543,250486,46.240435983501385,True,DS1716,1456.3800637797926,DS3239,1755.667681832813
892a306640bffff,Chelsea,7.521276988415694,3,42.388481573226194,-71.05127147673637,388849,34.364345187852685,True,DS3580,1576.5301383908795,DS89744,1740.4646984634926
892a30659bbffff,Boston,7.507093758719276,53,42.27430272431808,-71.1667811715061,193307,37.64759851882328,True,DS3163,716.4052871134403,DS3207,1629.0290394452293
892a3074ecbffff,Revere,7.498062608943607,2,42.432571759966834,-71.02308429447821,9022,36.88073341573698,True,DS2924,173.01566747048616,DS90279,1493.005495268702
892a3075d6bffff,Malden,7.488317244116,28,42.4203022586707,-71.06121955487457,393719,6.139233061162807,True,DS89987,883.0824648200722,DS2338,1040.7784085165936
892a3064e17ffff,Boston,7.472508372798094,80,42.29301686485862,-71.12250229620356,255159,49.00044038971193,True,DS90243,804.1970453252071,DS1243,1193.1137263701348
892a3065b53ffff,Needham,7.471703896377477,9,42.27990321436811,-71.21276585406352,177994,103.97645938114445,True,DS90094,958.9878803819716,DS1023,2045.5184140657636
892a33921cfffff,Weymouth,7.456463119251063,62,42.22392670560394,-70.94879019355496,48385,111.38466874818084,True,DS3025,2832.4560122695366,DS3014,3945.3204907408026
892a30656c3ffff,Waltham,7.451875789810315,3,42.377679888366,-71.21980334876854,302574,30.513005796217296,True,DS2494,612.8526392889936,DS2849,1004.1426291334071
892a3074a33ffff,Chelsea,7.446296682937396,11,42.400558361630985,-71.02808759829492,19177,42.42776654279628,True,DS3586,835.7215431277834,DS2701,1050.5559611018361
892a3067023ffff,Cambridge,7.443087302169668,15,42.37975878540733,-71.13818765717131,276614,47.07006305813798,True,DS2481,1399.4437602583548,DS1556,1721.3240508879667
892a3075e77ffff,Medford,7.441656688160983,11,42.43915201210186,-71.0976760883529,307606,19.21097223888206,True,DS90148,2612.241588879586,DS90258,2612.241588879586
892a33916cbffff,Boston,7.430715585301669,93,42.245182102244605,-71.11977861325562,249875,8.38587789720789,True,DS89797,875.2402286315271,DS3239,1305.8675651423025
892a3393157ffff,Quincy,7.413812495242876,1,42.24136195306169,-71.02813519069795,17304,26.950545090352886,True,DS2163,1950.423153392111,DS90190,2355.845824492915
892a3065117ffff,Newton,7.369056180772938,7,42.33101619068018,-71.18409945462568,336545,38.653414411104734,True,DS90289,1006.256717802,DS2146,1070.4386302045566
892a339a0b7ffff,Dedham,7.363005679879265,122,42.23469108932288,-71.15983068706416,224474,49.68797525157792,True,DS2770,1966.9432015423924,DS89988,2063.2511663987757
892a3065b77ffff,Needham,7.361378685624903,44,42.26991546496602,-71.21015986700756,178112,68.20713180425679,True,DS90094,1034.7456682181892,DS1023,2803.3172007340063
892a302941bffff,Winthrop,7.352570731664579,53,42.37225954781587,-70.97475727581718,215216,38.55794217372388,True,DS2729,1356.2188213041698,DS89660,3000.6218627146504
892a33923c3ffff,Braintree,7.327041886713805,36,42.22687820194211,-70.97682256152457,48969,24.460677266656372,True,DS2805,1799.1177743438425,DS2800,2257.3550275796397
892a306696fffff,Boston,7.303120794487491,12,42.28574974459617,-71.04723799466719,172902,4.406769283558333,True,DS89736,325.8713828140268,DS2936,410.12728852819095
892a3064a53ffff,Boston,7.295228121730288,172,42.28029640694932,-71.15220121006534,236451,33.19801911310506,True,DS3207,740.0576783218772,DS3163,1351.6634886085658
892a3074e77ffff,Revere,7.291656933154108,34,42.4191299691073,-71.02160969724707,8595,50.12574212665085,True,DS95032,1601.2374016309743,DS16477,1667.8732145860763
892a3074e03ffff,Revere,7.282994536038173,1,42.424063849397314,-71.01725958340106,8401,54.80812977998393,True,DS2924,1169.8759827316971,DS95032,1906.107644854759
892a306e58fffff,Waltham,7.260825129365491,48,42.37200935562594,-71.24405790305563,295580,13.312353771932827,True,DS2821,559.8267609841505,DS3578,684.6886928834933
892a3066c9bffff,Boston,7.250570405554607,8,42.33789078855238,-71.0275955285149,190795,16.791850121423266,True,DS90196,1006.8519721419393,DS2133,1873.9595994738652
892a339b473ffff,Needham,7.248285187062271,64,42.272058615531925,-71.24333094117135,169791,79.89337892532643,True,DS100070,1324.824114486537,DS1023,1417.0094700914958
892a3076e8fffff,Lynn,7.244835014051856,6,42.46714673971619,-70.94773764871861,68787,16.811945713638323,True,DS90390,511.9792801212533,DS3466,580.989544163546
892a3075ab3ffff,Medford,7.239334872916686,12,42.424848572762606,-71.0977765175112,312884,22.77148071588738,True,DS90148,980.9400841063109,DS90258,980.9400841063109
892a339a4abffff,Dedham,7.224868114459528,117,42.25330411058621,-71.1530078868599,224934,35.099694386773315,True,DS2770,824.8962885932099,DS2667,2164.4396147826733
892a3062b63ffff,Arlington,7.20678212601301,3,42.420045510290414,-71.18229824271175,260128,57.99916263194614,True,DS2798,955.0555941532897,DS89739,2212.1397704764668
892a306704bffff,Belmont,7.201076566909114,1,42.39153328143938,-71.1577118659476,270921,20.86500175076979,True,DS1556,1692.7749587507503,DS100291,1786.9269029652278
892a30676d7ffff,Arlington,7.200407952927149,8,42.413908262176335,-71.15312552771383,294386,43.32659947172462,True,DS89739,840.15368105815,DS1370,861.317868650251
892a307639bffff,Lynn,7.195435911121892,133,42.49020085855562,-70.96155557470642,61284,26.800424155207388,True,DS2328,640.0720252422173,DS89936,1889.7624859897946
892a3075d37ffff,Everett,7.182194536555555,23,42.418152219270105,-71.04274047901194,10623,14.621694227946524,True,DS2539,486.574440452724,DS89798,1553.9375530763655
892a3075b67ffff,Medford,7.172906789265424,1,42.39771238358078,-71.09928975231425,333340,45.81659146170186,True,DS3299,716.2740381172096,DS90420,798.7217295526021
892a3066617ffff,Boston,7.160062621138916,1,42.3872047900456,-71.07644645587554,381832,48.75286312334949,True,DS2493,569.9008642068404,DS90357,1100.4159124119446
892a339a433ffff,Dedham,7.1548099230268845,72,42.25149556826412,-71.15531240402738,225114,42.3430070399432,True,DS2770,454.6077005542084,DS2667,1794.1510267436713
892a3065917ffff,Boston,7.144232163148756,13,42.27419673323194,-71.1686411858497,193328,22.390399794281876,True,DS3163,893.982931023306,DS3207,1810.216143864303
892a3060ad7ffff,Waltham,7.115105862044231,106,42.41459894076788,-71.24681021062793,228143,95.57796864341246,True,DS3385,1632.96331215761,DS3271,2396.3663339481536
892a3064aa7ffff,Boston,7.114231868569425,101,42.26973660770262,-71.12997811286424,244030,32.647667385465695,True,DS89682,1742.3923657153468,DS1716,1930.2307461370997
892a3392123ffff,Weymouth,7.080524410990958,27,42.20957422861628,-70.94285273593457,99293,42.640865559448294,True,DS3014,1355.7846135511886,DS3025,2187.6621179157223
892a3066293ffff,Somerville,7.075835301929139,1,42.375727227775926,-71.08420050332013,133653,25.153838228020994,True,DS90015,650.4915097417379,DS90039,969.3201114506787
892a3075e37ffff,Malden,7.0748743299298935,14,42.43695375138616,-71.08637591558413,310924,44.02676990094739,True,DS90148,2052.7084029583766,DS90258,2052.7084029583766
892a302942bffff,Winthrop,7.074128337159882,143,42.36067766839255,-70.97355298012761,215345,55.177895012449056,True,DS2729,3507.589768277582,DS89660,5098.362874495818
892a3074ecbffff,Malden,7.074098397779308,6,42.433386286064696,-71.02449343909477,8870,56.545642597258045,True,DS2924,187.78624008680166,DS90279,1383.0094658047215
892a307584bffff,Medford,7.063563437421564,6,42.42876295349887,-71.09216945126092,310811,28.540610355972174,True,DS90148,961.5907014045146,DS90258,961.5907014045146
892a3074a57ffff,Everett,7.0451096805575455,12,42.40957682339109,-71.03953635841737,12370,12.389778206513357,True,DS2539,1137.544382508851,DS90161,1910.569104171164
892a3392237ffff,Braintree,7.0337143637472925,81,42.229246483578144,-70.98367564862858,30427,7.233897532021663,True,DS2805,1376.6161001392186,DS2800,1834.8533533750156
892a3074edbffff,Revere,7.033633491918771,3,42.435052387760855,-71.0208221740363,9125,51.82751521757616,True,DS2924,635.0075500238796,DS89753,1356.057432177484
892a307607bffff,Lynn,7.013696338228191,72,42.49814374403532,-70.96384582519471,61681,38.92398756734878,True,DS2328,2237.7988946707956,DS89936,3487.489355418374
892a30759d3ffff,Malden,7.0126801228777405,23,42.41748909801462,-71.06326126975155,393703,39.037360970560606,True,DS90048,1178.690292068275,DS2338,1203.1122934321952
892a30659afffff,Boston,7.006418578936717,83,42.269300699207896,-71.16655320532017,229317,28.10630476810226,True,DS3163,1373.0551196647764,DS3207,2192.330665142037
892a339234fffff,Braintree,6.968294060739339,22,42.21844997492374,-70.98833554364178,29937,11.09016041835722,True,DS89903,2115.44278285419,DS90182,2961.6672481945543
892a3064c07ffff,Boston,6.968016167320497,32,42.2910782731522,-71.09336213171471,268182,44.276791707313926,True,DS89725,938.6827534603409,DS2289,2147.6691350526535
892a307498bffff,Revere,6.962438340786433,51,42.3929260983766,-70.98305189783953,36006,37.60274583670989,True,DS89834,2012.1604736052504,DS90024,2067.556453351728
892a3075d77ffff,Malden,6.961473973496089,13,42.4212919488064,-71.0529516646713,394683,2.211316352596144,True,DS2539,1133.4749502813731,DS89987,1379.9727260285017
892a3392113ffff,Weymouth,6.955213751589611,77,42.221519061396336,-70.94242491557168,107928,56.48682962420047,True,DS3083,2294.5222130814373,DS3025,2892.201759384832
892a306ed93ffff,Newton,6.941184797117399,93,42.32056708145768,-71.22451343660535,176117,62.435331934605124,True,DS3522,2058.392773974399,DS90339,2500.8768590494797
892a339a417ffff,Boston,6.933916540580906,24,42.25678091350298,-71.15641239350202,225183,66.07628184083427,True,DS2770,1094.4346782984896,DS2667,2235.770453689591
892a30745a3ffff,Lynn,6.927165426416466,20,42.46049862733746,-70.97318403981947,45579,16.844611496460256,True,DS2162,543.4459790666892,DS3535,1063.7554879219813
892a3393523ffff,Quincy,6.920760192265726,15,42.248708348008,-71.00505479008885,32534,47.938066800600936,True,DS90190,616.6399962453218,DS3084,1346.074362432247
892a339042bffff,Braintree,6.870792698516095,133,42.21069539578043,-71.00844387005876,26301,117.66585804518415,True,DS90182,1571.5158683699779,DS89903,2232.603451250078
892a3074b0bffff,Chelsea,6.860986512956179,2,42.388708588913104,-71.02329866863042,18728,12.212649695377294,True,DS89744,1186.3457947872903,DS3580,1345.0412535831479
892a3392083ffff,Weymouth,6.843454166798044,77,42.24280362423656,-70.95129234557777,48123,19.607485566883458,True,DS3160,1524.2076461204576,DS2605,2420.6281824414245
892a3074c1bffff,Revere,6.829823184193282,67,42.4274606026804,-70.98835488881438,37505,35.61763532186975,True,DS89919,2986.798795129075,DS95032,3563.232271709913
892a3075d3bffff,Everett,6.829275083048943,12,42.420832552707815,-71.0491674605339,395305,74.58053005207528,True,DS2539,998.107016657519,DS89798,1523.8971840487927
892a339255bffff,Weymouth,6.827029225116703,98,42.24267573796002,-70.9417377692047,108623,87.15305828783693,True,DS3160,839.320349657952,DS2605,1735.7408859789193
892a33931dbffff,Quincy,6.823570056159182,107,42.24809183402884,-71.02601833263675,16937,48.033694638620744,True,DS2163,1053.020090975406,DS1967,2168.1219410186136
892a3390433ffff,Braintree,6.803009305101485,86,42.213187387787016,-71.00269650016025,26448,36.85931651756549,True,DS90182,1392.9983125517144,DS89903,2044.3791006131032
892a3062953ffff,Medford,6.786766679667856,1,42.43139535112837,-71.1472048173368,295170,26.50837099788152,True,DS90146,1852.541335367945,DS90427,2593.4304628745267
892a3390497ffff,Braintree,6.765173234863824,60,42.22454254814552,-70.99262582925904,30249,10.866150752721726,True,DS89903,1216.6049652846646,DS2805,2449.78538958317
892a3065ecbffff,Newton,6.7618367310556575,27,42.32028614794201,-71.211202311245,177010,69.21030683564453,True,DS3522,375.4217404341791,DS90339,1543.6823220155989
892a339338bffff,Quincy,6.726831223661066,1,42.243259,-71.047821,408467,81.88159597647336,True,DS1967,2968.7754784106382,DS2163,3355.757658854924
892a3065907ffff,Boston,6.724980727873152,38,42.27199069895432,-71.17088767859481,193521,65.75829410308177,True,DS3163,1158.8187506777065,DS3207,2075.0519635187034
892a3074ac7ffff,Everett,6.724120253053593,4,42.41247821048477,-71.0341531742684,11463,33.71927770046029,True,DS2539,1282.0267667289668,DS3586,1902.5568959682735
892a3060dc7ffff,Belmont,6.707609333987224,1,42.41149560233262,-71.18569364567516,263955,13.222946119259557,True,DS90389,1922.3128045562457,DS100291,2186.2207579819697
892a30652abffff,Newton,6.704284351215295,2,42.34738857287176,-71.2283317585942,290058,28.244929324064884,True,DS17594,478.72089181785867,DS2125,1848.9559907978457
892a3075b07ffff,Medford,6.675713878468208,1,42.40516884823509,-71.0910690898247,311900,33.57266697104848,True,DS2912,864.9403034562998,DS100163,1775.7579164530794
892a3065583ffff,Boston,6.6736279450595175,22,42.35456404505491,-71.16397777954046,324554,44.25836014544678,True,DS2816,1335.5348001730906,DS89690,1680.2288416895726
892a339043bffff,Braintree,6.654838081272697,140,42.213275267271385,-71.00639481595417,26321,28.582583099235347,True,DS90182,1488.7665292951206,DS89903,1831.6961339084662
892a3065557ffff,Newton,6.645882675041635,89,42.35325380427402,-71.17878183875267,308826,33.383711848467385,True,DS89742,1065.6689655701055,DS1570,1876.3771950686444
892a3066127ffff,Boston,6.643761990715274,5,42.33809718453075,-71.04533834786051,192473,2.361788808138645,True,DS2133,326.0603315689611,DS100087,386.5888466442464
892a3392263ffff,Braintree,6.63721016203046,76,42.23171814613728,-70.99878279174497,30555,38.50389416463579,True,DS89903,818.8623152023462,DS90190,2173.3636335068395
892a3067417ffff,Medford,6.629187990540762,1,42.40748324263658,-71.12227061698783,288067,45.84656964159543,True,DS100488,979.7726600968172,DS3560,1626.4872322904876
892a3074e43ffff,Malden,6.599063755763668,4,42.42908944039001,-71.02894426389585,8754,86.4763833632572,True,DS2924,776.176947784116,DS89798,1350.9455965462146
892a3392c4fffff,Weymouth,6.567155831588963,12,42.200919196739655,-70.94211496724621,98903,27.699791700354996,True,DS3014,587.6893414556829,DS3025,1710.6397642337688
892a339a43bffff,Dedham,6.555819877188054,115,42.2508609682266,-71.15906992432598,224391,25.915299940547023,True,DS2770,659.1535586521633,DS2667,1531.562569803463
892a339a5b3ffff,Boston,6.552428416374209,23,42.23666010349939,-71.13019708636328,249155,19.42516976828256,True,DS89797,1195.6796325139665,DS3239,2091.0079561545513
892a339a497ffff,Boston,6.548418212937541,11,42.26181075971439,-71.14726728159481,244552,74.46611050895045,True,DS89682,2333.1790934273645,DS2770,2765.721244585489
892a3075b17ffff,Medford,6.547809532893344,1,42.40546519396578,-71.09053256339597,311902,51.07309005062398,True,DS2912,935.4307898281237,DS100163,1846.248402824903
892a3064177ffff,Boston,6.529478666744642,38,42.30611031321282,-71.11698174382286,256309,25.852917605570518,True,DS1966,784.9914408681587,DS2711,1682.9965665415473
892a3064a73ffff,Boston,6.516162688461143,48,42.27270050228707,-71.14914086198604,225576,45.799929648436226,True,DS89682,1200.773204953579,DS3163,1657.4182793751975
892a306519bffff,Newton,6.505689427026638,2,42.34027756513554,-71.1831500441929,332118,21.275550282553773,True,DS2146,1681.9934181387732,DS90289,1703.4256516144985
892a306508bffff,Newton,6.503967708444181,21,42.35658042794133,-71.19924637685608,308296,43.21634950830355,True,DS89742,1089.751996609812,DS1537,1130.654812362812
892a33934cfffff,Quincy,6.503007258751557,113,42.28045705597216,-71.02333005953493,174779,13.816877734382542,True,DS2932,936.7739147013788,DS100309,1208.5947012395573
892a30655abffff,Boston,6.484218398884485,136,42.34772937551611,-71.16688298251111,330719,19.025763983644556,True,DS2816,1407.0965602027427,DS89690,2284.0839324447456
892a3392313ffff,Braintree,6.468957298724016,12,42.2225368394896,-70.97285891655862,54891,48.13431813733411,True,DS2805,2219.0811525049558,DS3025,2291.9310580212227
892a3075a07ffff,Medford,6.459730496898562,22,42.423317100246045,-71.1070297202821,316295,13.49119744884868,True,DS1530,881.9500728224549,DS90148,1816.0198042723425
892a306ecc3ffff,Newton,6.455134039861051,14,42.33962429719878,-71.25108773588326,290426,42.31225584962271,True,DS2125,1216.9820291903059,DS89808,2163.17279740804
892a3064dd7ffff,Boston,6.453328657314483,75,42.2825150350144,-71.07970405836514,121311,29.375354338956274,True,DS2289,821.766050102713,DS90311,1355.4444428632314
892a3392b23ffff,Weymouth,6.447677934028567,3,42.15489833567102,-70.96021986174905,77540,19.315836971757175,True,DS89637,1046.4620637720495,DS3475,2483.977527762847
892a306484fffff,Boston,6.444474138236259,73,42.27502174773964,-71.12668010624775,243966,40.51588577817115,True,DS1716,1414.3747472086864,DS89682,1552.4866066935779
892a33929cbffff,Weymouth,6.420082142200637,103,42.17026163740656,-70.93685530384579,97527,56.37221789090458,True,DS3475,1877.099450252684,DS89637,3659.40030530569
892a3074b23ffff,Boston,6.395221347680916,28,42.38093360611707,-71.01536740620693,20762,49.42374560421437,True,DS89660,1986.0205668113517,DS1965,2675.750955417405
892a3065a13ffff,Needham,6.376072527632179,4,42.29592437872217,-71.21829096283207,177801,18.44127934431143,True,DS2720,2518.7374303468964,DS90339,2588.4571674945555
892a3064ab7ffff,Boston,6.33019368376582,58,42.27262883005687,-71.12807341012606,243983,7.383560785709181,True,DS89682,1364.114917759201,DS1716,1551.9532981809539
892a30676a7ffff,Arlington,6.326385628657637,45,42.40227180884521,-71.14390826895735,275572,63.76122082629783,True,DS2822,457.7836477449104,DS2535,775.9571331080803
892a33904b3ffff,Braintree,6.300976550043045,104,42.21882660497946,-70.99294810174328,29967,82.09308162119592,True,DS89903,1773.5688798798376,DS90182,2619.7933452202014
892a306551bffff,Newton,6.290832326239213,108,42.35249231998329,-71.17571798942294,308885,8.802448669478492,True,DS89742,1348.1191426359637,DS2816,1780.9728200722966
892a306569bffff,Waltham,6.2744153835904095,2,42.37549400982776,-71.21163243049804,302880,25.234771726569186,True,DS2849,324.57286915312363,DS2494,1278.7960089927988
892a339262fffff,Quincy,6.217708486477445,18,42.24673390167046,-70.97382547544265,47151,72.69820720045819,True,DS2951,1558.5463720207233,DS2805,1596.386744795828
892a307598fffff,Everett,6.206720081316385,108,42.408851107329845,-71.05659416862585,389757,45.87115876724536,True,DS90161,582.0890505939196,DS2539,1401.6446557031811
892a3029927ffff,Quincy,6.185393141211887,1,42.26459699536888,-70.95363975861439,47711,23.95799608740118,True,DS3084,4942.480078688719,DS2951,5371.994394758447
892a3067253ffff,Belmont,6.176536723005399,8,42.39275904722528,-71.18144832375324,264146,29.08143021311674,True,DS100291,1020.711435553266,DS3194,1127.6595737274322
892a3065503ffff,Boston,6.170278096338801,69,42.34948602263303,-71.17259157504978,331217,22.991934969666133,True,DS2816,1575.9164381756507,DS89742,1814.8807484185234
892a30745abffff,Lynn,6.1448958178818,49,42.46066569196518,-70.97794489129298,46130,25.983349434367586,True,DS2162,1112.1768356218415,DS3535,1648.4287513081804
892a30663a3ffff,Boston,6.122526460022705,9,42.34842471999712,-71.06803612166001,145949,19.45804270357001,True,DS90372,377.96207408804935,DS89805,525.9580381826379
892a3075c33ffff,Malden,6.113463242214313,1,42.43990475,-71.05634104999999,399142,50.32643640881425,True,DS90279,1935.1125510118047,DS89798,2224.0533463825977
892a3076133ffff,Lynn,6.105845079495169,196,42.47678969488853,-70.93288772699704,63135,38.005861114585294,True,DS100557,658.0251382389895,DS2239,775.1767087720528
892a3064a17ffff,Boston,6.102020418312983,4,42.27629365729386,-71.13971423159468,244465,19.200633155683274,True,DS89682,103.9099124057118,DS3335,1559.7859625350402
892a3065a5bffff,Needham,6.080030697129019,2,42.29885290101513,-71.2329960674947,171387,10.596764681812534,True,DS2720,828.5237094888265,DS1375,2137.6184525210847
892a339222fffff,Braintree,6.056896685577802,104,42.22662825358923,-70.99128187185056,30244,26.35938269206023,True,DS89903,1418.9833127382992,DS2805,2072.5412824191426
892a3075b2bffff,Somerville,6.055908458095803,18,42.39850813643308,-71.09773067010472,333445,18.556797821659067,True,DS90420,788.649867577322,DS3299,833.6516637205644
892a3062b6fffff,Arlington,6.053335156253963,6,42.41721755568404,-71.18101591569668,259273,66.72513666963478,True,DS2798,1178.6462460957862,DS89739,2205.6058810028767
892a3392ed3ffff,Weymouth,6.048042588213562,84,42.21039894270063,-70.96044762321763,55577,66.19107205288049,True,DS3025,649.2575328155069,DS3014,2019.4706738213883
892a339a4b7ffff,Boston,6.02072216508747,5,42.254225226412174,-71.14539481238714,244605,38.86903584840711,True,DS2770,1706.8538635204764,DS3239,2767.442897755325
892a3064e07ffff,Boston,6.0205134641242015,90,42.290748362597554,-71.12461172728547,255116,72.63878747318256,True,DS90243,447.0265696007852,DS1243,829.0003626658194
892a306ec47ffff,Newton,6.003533812724871,12,42.33165080465916,-71.25962100955128,92679,28.582167821353874,True,DS89808,907.3369132111569,DS2125,2490.7180162463405
892a30649d7ffff,Boston,5.998692073975624,16,42.26488550309492,-71.09708280216964,269050,24.06789101192867,True,DS89826,789.348068669807,DS2289,2334.4418308807185
892a3066017ffff,Boston,5.984314881308606,1,42.3681885114039,-71.06093174404256,156963,15.749109947171561,True,DS89764,416.0330834033405,DS90294,446.15187767894315
892a3075863ffff,Malden,5.962700769634425,7,42.420083415044125,-71.08612684402563,311451,24.616555984814685,True,DS90148,678.8237709432742,DS90258,678.8237709432742
892a339a4a7ffff,Dedham,5.962585573828179,64,42.25015708970659,-71.14698206377682,244811,51.476992657215895,True,DS2770,922.835234117538,DS2667,2453.0056002339747
892a3392957ffff,Weymouth,5.949499535579054,39,42.16516577924752,-70.93724403459683,79677,49.8057789779436,True,DS3475,2134.523995308361,DS89637,3652.077638901329
892a3029a43ffff,Quincy,5.929871807679891,94,42.296728939210354,-71.01562027952403,174514,33.02744402891513,True,DS2932,1534.5991217845396,DS100309,3350.6632639851923
892a3392293ffff,Quincy,5.91964548864488,6,42.244412452749465,-70.97890073304875,46758,25.775301651968917,True,DS2805,1045.2086464023873,DS2800,1392.828272895736
892a3076147ffff,Lynn,5.916193506531602,87,42.48143238812016,-70.94692018492968,67499,5.680018692985794,True,DS100557,1222.7344929613612,DS2239,1247.5616699169207
892a3062bd7ffff,Arlington,5.881460083308222,38,42.43381277633101,-71.16904981105434,253936,47.03126867347137,True,DS2798,2273.2288224017802,DS89739,2547.4081244369836
892a30655a3ffff,Boston,5.866080713673433,112,42.347489125909455,-71.16156905574324,330843,23.382778902764052,True,DS2816,572.9862005673573,DS89690,1570.2467983010108
892a33928afffff,Weymouth,5.864626575206309,13,42.17667132705834,-70.93731641909999,97566,59.14845682112121,True,DS3475,1876.0442949439037,DS89637,3986.69863625274
892a3066d27ffff,Quincy,5.863306980322236,2,42.300911044924455,-71.01332801339018,179088,36.14306819047588,True,DS2932,1929.233669707927,DS100309,3745.2978119085797
892a33921cbffff,Weymouth,5.859361644459603,70,42.22662459450121,-70.95125289827197,48333,55.48306560744659,True,DS3025,3082.272520838193,DS3160,3221.865168335407
892a339b477ffff,Needham,5.856979964711075,37,42.2692501370894,-71.23994015326643,166806,17.55303928017103,True,DS100070,1321.1855882253853,DS1023,1415.4952279171596
892a306562fffff,Newton,5.842630972266409,29,42.35842239805847,-71.219799689091,304649,17.284596648514178,True,DS17594,1348.9527161929157,DS90349,1678.8096149059675
892a339a463ffff,Dedham,5.841817986912879,119,42.250577856311416,-71.16840139978117,196138,29.794676089992265,True,DS2667,630.1272049435396,DS89988,1095.741417143076
892a30655dbffff,Watertown,5.83815977617459,29,42.36134166414748,-71.17793377666504,309539,25.703015720088846,True,DS1570,1007.0857209307951,DS1537,1610.93223109132
892a3074e73ffff,Revere,5.819238357803217,4,42.423774248043706,-71.02338623269421,8579,45.88821434180064,True,DS2924,1241.3885934939165,DS95032,2218.9702230542093
892a3064a5bffff,Boston,5.759583168422585,57,42.28019369973961,-71.15572179291907,236368,71.47831386748335,True,DS3207,741.0083038824852,DS3163,966.3284583515627
892a3064267ffff,Brookline,5.740668556225555,1,42.32348025527711,-71.16292370427476,230818,39.345985467993465,True,DS2712,299.53090704445526,DS90323,468.5542218879571
892a339a4a3ffff,Dedham,5.734634398301775,77,42.25345680107788,-71.14867673525794,224888,29.642846359342958,True,DS2770,1052.248248341691,DS2667,2391.791574531154
892a3067607ffff,Arlington,5.720534496995533,20,42.40407327627296,-71.15308807727781,294285,29.514971536885387,True,DS1370,1190.9307361710569,DS2822,1309.466847760674
892a339a4bbffff,Dedham,5.697848152153204,86,42.256047952532825,-71.15061921140834,225345,26.648132359759035,True,DS2770,1176.735644618395,DS2667,2516.2789708078585
892a3392833ffff,Weymouth,5.694572833578586,55,42.17554016118734,-70.94166751367356,97573,74.97145966167389,True,DS3475,1520.2107977783457,DS89637,3630.865139087182
892a3393517ffff,Quincy,5.694569421573961,5,42.25549820032204,-71.00167606162893,39098,33.29018684868693,True,DS3084,898.2476145846092,DS2951,1397.3621507716912
892a3064167ffff,Boston,5.6872455905202095,122,42.304890391636654,-71.1179805362614,256289,46.76517100172316,True,DS1966,1147.2654324050125,DS2711,2045.2705580784013
892a339a5c3ffff,Dedham,5.670056508339564,36,42.24561716200234,-71.14676059799122,244825,19.89937558937827,True,DS2770,915.1808329813751,DS2667,2445.3511990978127
892a306721bffff,Belmont,5.6587863324391865,3,42.39005442012812,-71.1739100967269,269633,5.656856935606926,True,DS100291,851.496333494506,DS90389,1091.8963030732868
892a30652d3ffff,Newton,5.646817200307817,91,42.36079841872309,-71.23397341582012,291702,73.65270319372662,True,DS17594,1959.4384655075326,DS2125,2423.8730575342233
892a339a5c7ffff,Dedham,5.632368812994736,26,42.24333868126076,-71.14496597265648,244847,60.903796444654034,True,DS2770,1362.9072476563645,DS2667,2855.2642895488616
892a3065e13ffff,Newton,5.630414595353694,7,42.314373997452726,-71.20161717458525,183659,26.77974678382121,True,DS90339,972.157767671068,DS3522,1232.9039707007448
892a3060a37ffff,Waltham,5.60090883207852,4,42.399299662053146,-71.2416903918664,220603,18.477227708392377,True,DS3271,1055.9485637267849,DS3385,2204.692879729505
892a339a083ffff,Dedham,5.560877688901783,2,42.24315430567493,-71.16783626429418,198984,10.8297958321164,True,DS89988,770.620093045126,DS2667,788.7233760470978
892a3029acbffff,Quincy,5.541310891785557,2,42.300527263346765,-71.01091855373765,179083,20.928987845877053,True,DS2932,2139.099079293606,DS100309,3955.1632214942583
892a30745c7ffff,Lynn,5.538952531055789,26,42.467958526578144,-70.98259444026066,52414,9.009523469206442,True,DS2162,2248.5582722463873,DS3535,2638.172503629337
892a339b697ffff,Needham,5.536964288114536,34,42.279908395818666,-71.25286882760157,169981,38.947639165463364,True,DS100070,1722.776885911801,DS1023,1798.440157133494
892a30646b3ffff,Brookline,5.516057936684804,16,42.34909314450224,-71.12768235211604,348638,54.39347110378783,True,DS90346,669.2729917976452,DS3200,790.023883769772
892a3064acbffff,Boston,5.513919226836285,187,42.282977797086495,-71.15000298058263,236547,3.2803293795480366,True,DS3207,830.8559677654972,DS89682,1370.0083364148086
892a3065acbffff,Needham,5.513445171244356,6,42.30046973155971,-71.22694257513594,176344,92.54263858025803,True,DS2720,1367.8233153328201,DS90339,2260.567656795242
892a3067243ffff,Belmont,5.512931627325118,56,42.38981976729751,-71.18371841136906,265881,2.5911641420677745,True,DS3374,907.4718771168966,DS3194,915.0129074721531
892a3074aa7ffff,Chelsea,5.512333596656857,1,42.4000168791758,-71.02007387834406,19791,11.8062519647101,True,DS2701,443.0335682410405,DS3586,571.4100944220124
892a339309bffff,Quincy,5.5042966538725056,25,42.26489793732555,-71.0275524854391,16293,40.8045410785694,True,DS2669,1126.491798092729,DS100309,1233.198426127492
892a339b4b3ffff,Needham,5.48567973226156,46,42.275554899035335,-71.22306587176367,181129,56.393455421066086,True,DS90094,938.5231161822574,DS1023,1515.5491378181453
892a339a437ffff,Dedham,5.479991608914846,25,42.24819895224135,-71.15224566181925,224924,9.953479499631019,True,DS2770,274.1721976318341,DS2667,1804.342563748271
892a3074c6bffff,Revere,5.445966445469424,169,42.41986365887012,-70.99884051170355,37754,54.30098694051233,True,DS95032,1743.4018389023995,DS16477,1810.037651857502
892a3392247ffff,Quincy,5.428828563327047,158,42.23720852059788,-70.99937782480272,40628,16.736974686698677,True,DS89903,1284.425925130352,DS90190,1469.7145660891451
892a33930d7ffff,Quincy,5.42864724451061,1,42.26420064984724,-71.03287142549948,16106,35.17990288814079,True,DS2669,1184.8350393266344,DS100309,1285.254752988453
892a33904b7ffff,Braintree,5.411405858760952,135,42.21613969917441,-70.99063333660084,29946,57.85650958272472,True,DS89903,2032.243917237041,DS90182,2561.6177038166325
892a30673c7ffff,Watertown,5.38769790562136,10,42.37449659795328,-71.1582786219074,319593,8.711796374304157,True,DS90038,405.41282086789334,DS2481,961.8152104958896
892a30650d7ffff,Newton,5.380140624040987,121,42.35833762158303,-71.20065117403838,304047,21.445377668960028,True,DS1537,1083.2780248420552,DS89742,1203.4426800639258
892a3390423ffff,Braintree,5.343243239763114,97,42.21035038900304,-71.00443675171456,26570,25.40492846795628,True,DS90182,1084.112022905795,DS89903,2194.559892496612
892a3392617ffff,Quincy,5.330784799111747,5,42.256954907729,-70.97062008778599,47514,30.187566412651435,True,DS3084,3293.6044673407046,DS2951,3723.1187834104326
892a339a5cfffff,Dedham,5.32522755961317,14,42.24331347145492,-71.14853033341062,224828,57.666225833643445,True,DS2770,924.8604908797497,DS2667,2417.217532772247
892a3075d93ffff,Malden,5.316846631225506,1,42.43378692256251,-71.03699388797003,9754,39.03230731492788,True,DS90279,244.62430227198118,DS89798,687.0552874359885
892a30745c3ffff,Lynn,5.304914118680694,103,42.471584062841806,-70.98725961851791,52127,83.73484624833263,True,DS2162,2893.8647631594654,DS2686,3163.2633456208086
892a339282bffff,Weymouth,5.284902669517693,43,42.17375851134746,-70.9472899566145,56881,80.40783144563208,True,DS3475,952.0828933845794,DS89637,3055.506880606732
892a306744bffff,Arlington,5.278876601650894,6,42.41013610682729,-71.14078795886205,293151,12.041955161648328,True,DS1370,908.9360455582928,DS2822,976.9780696079526
892a3393513ffff,Quincy,5.266236325467906,3,42.26042808227085,-71.00276244004942,38904,31.515882204971472,True,DS3084,1254.5330724427392,DS1534,1619.1797456018994
892a3390483ffff,Braintree,5.260669011628909,51,42.2246028292974,-70.99765249255326,30187,11.414525061896285,True,DS89903,802.6467190363957,DS89991,2750.53097400302
892a3065623ffff,Newton,5.250565485961772,9,42.3603131158703,-71.21788006968706,304661,34.17352280120811,True,DS90349,1622.9054522284443,DS90399,1650.0887125485724
892a3064633ffff,Brookline,5.244743680528422,8,42.34433846401675,-71.13640217829527,349613,31.34407432054462,True,DS95044,425.73838735360806,DS100137,631.3946193660545
892a3060aabffff,Waltham,5.234564744179956,53,42.40450616118403,-71.24177591199096,227819,33.876315027420205,True,DS3271,853.1617869379374,DS3385,1664.3112544675032
892a3392243ffff,Quincy,5.201557369650247,88,42.23966207547942,-71.00090589605549,31732,58.35079625655139,True,DS90190,1273.415974475136,DS89903,1563.9521598840665
892a306529bffff,Newton,5.191174300336237,35,42.358996605559376,-71.22790117472515,291762,6.921736280652811,True,DS17594,1416.2134158171853,DS90349,2396.75580891109
892a306422bffff,Brookline,5.186189904883243,2,42.32424754166584,-71.1597389934386,230934,48.80752792237404,True,DS2712,579.3752793283561,DS90323,749.1242718529476
892a30745dbffff,Lynn,5.179618675414784,82,42.47364612024021,-70.98866486925512,52139,39.7113118807475,True,DS2162,2788.039208673132,DS2686,2897.3228559239997
892a339250bffff,Weymouth,5.173278177982242,106,42.23725386816546,-70.9332299335994,108732,117.86157831409713,True,DS3160,1713.2380124963177,DS2605,2615.995354197171
892a3076a23ffff,Revere,5.171111650213875,67,42.43724087746039,-70.96798801464655,37035,82.25355092153968,True,DS89919,4580.388952469655,DS95032,5469.148948352417
892a3065b6bffff,Needham,5.169443651065128,23,42.26989593631203,-71.21766251586993,178232,34.50719954839965,True,DS90094,1274.3480933594012,DS1023,2161.9763785458026
892a3067397ffff,Cambridge,5.1670808230283045,5,42.375654658712136,-71.14314756322582,355748,23.703927739491288,True,DS2481,576.9443211034471,DS90038,1353.5219945588785
892a3075c67ffff,Malden,5.164494862980819,6,42.437000986687146,-71.0709361568198,399959,3.4132992024526874,True,DS89987,1575.3557305852605,DS90316,1593.4298898490408
892a3074a83ffff,Revere,5.1609970551419,104,42.4123045883545,-71.02348242103633,8622,28.58366824469003,True,DS1377,1245.5070244992294,DS95032,1264.439429794036
892a339a467ffff,Dedham,5.15165979539962,80,42.24841644609423,-71.16639567683117,196189,28.781042697306734,True,DS2667,612.4291210567835,DS89988,1071.0709551332911
892a30745cbffff,Lynn,5.135204650266574,100,42.47158960445593,-70.99066550317455,53241,19.49742409482292,True,DS2162,3363.7849298484634,DS3536,3487.9307968016383
892a339208bffff,Weymouth,5.099926697548161,169,42.24266166209841,-70.95484513684829,48087,8.304364385338982,True,DS3160,1799.9022040263574,DS2605,2696.3227403473256
892a339b417ffff,Needham,5.098229194188043,1,42.27491555698364,-71.23101426060505,181250,124.77136386831636,True,DS1023,1028.4429612407766,DS100070,1090.0038009486332
892a33930a3ffff,Quincy,5.092194995506593,41,42.25267204292621,-71.02609997320792,15824,65.5255230503961,True,DS2163,300.9676229331904,DS1967,1740.4618828358985
892a307416bffff,Revere,5.089277679937059,20,42.43991318317087,-71.01383443202192,7885,17.51864893409596,True,DS2924,1683.7291534220706,DS89753,2314.004553227723
892a339010bffff,Braintree,5.071766140035007,116,42.18097250189113,-71.01157835174965,70099,59.831970159741374,True,DS89770,2631.9702368981348,DS90182,2717.1941584171536
892a33921c7ffff,Weymouth,5.069910643874625,109,42.22382538076156,-70.94466460330032,108088,96.86206882419253,True,DS3083,2869.7797338683195,DS3025,3265.343433191337
892a306e5a3ffff,Waltham,5.05699346859619,84,42.3653868539044,-71.2388383323213,298651,15.99603568870777,True,DS90089,1500.6750506192582,DS2821,1801.8971091602748
892a302968fffff,Winthrop,5.041327940175432,79,42.37250903791211,-70.9950336151418,214530,12.533275340500312,True,DS2729,864.094828663242,DS89660,2057.1978074189706
892a3067193ffff,Cambridge,5.03426844404468,2,42.37688503036912,-71.11490536673404,368795,7.34997150462176,True,DS89959,649.5669795870183,DS1058,691.7510996569858
892a339b42bffff,Needham,5.030968313562164,9,42.26775854014798,-71.23788629653895,166766,22.78993585458654,True,DS100070,1430.0565210323443,DS1023,1524.3661607241186
892a339237bffff,Braintree,5.013322163146396,130,42.21601881909292,-70.98681913532612,29942,67.12117818381404,True,DS89903,2419.6357781344736,DS90182,2949.0095647140656
892a339b423ffff,Needham,5.002271227492271,8,42.267602594728615,-71.2348421130204,166469,63.782723503685304,True,DS1023,1647.9929640797016,DS100070,1703.1464704287698
892a339a417ffff,Dedham,4.991851621489429,91,42.255573749980776,-71.15524787117036,225150,12.148289166672535,True,DS2770,885.2525191757493,DS2667,2221.2218988565164
892a30654cfffff,Watertown,4.9798866103537165,211,42.37429174998016,-71.19208057720812,314663,48.93329705452107,True,DS89981,670.4734821734214,DS1570,1324.3472748304227
892a339285bffff,Weymouth,4.979360995427231,1,42.18546256021981,-70.96044966123577,56297,33.12985896685223,True,DS3475,2070.88118678014,DS2116,2463.3941367325924
892a307436fffff,Malden,4.977441027774724,7,42.43620151288373,-71.0426694631595,9934,9.910753772664917,True,DS90279,570.3299762526751,DS89798,954.3180196195684
892a339a693ffff,Dedham,4.95781355206552,133,42.26409589670772,-71.1788526931703,194545,22.774925457122833,True,DS2667,2247.9292522472037,DS3163,2279.8110329809797
892a3067207ffff,Belmont,4.952569829147187,88,42.38509620650802,-71.16893506347797,269563,92.39089644681086,True,DS3374,1309.7559093418804,DS100291,2008.8198418597046
892a3062b6bffff,Arlington,4.934367155334702,3,42.419939108659406,-71.1827917903313,260146,67.06406072533302,True,DS2798,963.0402707031877,DS89739,2244.054403971434
892a339a40fffff,Dedham,4.92947129923952,87,42.25381037228608,-71.16150879678109,226135,20.851771419229586,True,DS2770,1053.205887890989,DS2667,1585.173542775323
892a339a57bffff,Dedham,4.924310255672333,110,42.23468193358704,-71.15560453744206,224586,9.072970295700417,True,DS2770,2003.509305644564,DS89988,2438.3518728881145
892a3067337ffff,Boston,4.901706517771053,1,42.35994959648318,-71.1489147895527,320968,40.61612378528612,True,DS90057,743.9736649634474,DS89690,999.550320976762
892a307602bffff,Lynn,4.893757762817748,59,42.49262320941426,-70.95499155082064,61537,26.784186591756548,True,DS2328,1067.2319801185654,DS89936,2316.922440866143
892a3066c87ffff,Boston,4.892162538620229,6,42.33378401648359,-71.02455824163916,190282,41.09296326926953,True,DS90196,1232.0890006905945,DS2133,2070.5551556903674
892a3390477ffff,Braintree,4.8637012931991634,81,42.21327249866281,-71.01017802512634,26276,51.86392678110023,True,DS90182,1584.9872615070822,DS89991,2069.6039938387516
892a30654dbffff,Watertown,4.860078246946949,58,42.3796531182863,-71.19241894060168,265290,39.39042046602361,True,DS3194,1220.4779262054142,DS3374,1332.04273183962
892a3075857ffff,Malden,4.850805051289385,3,42.427457291039225,-71.08364888547266,311025,56.748803604684774,True,DS90148,1025.0128451881787,DS90258,1025.0128451881787
892a306736bffff,Watertown,4.846109242832735,83,42.36297293415065,-71.1713533143307,324289,4.26971746926608,True,DS1570,1279.5006084164586,DS90016,1347.9263366046039
892a3075943ffff,Medford,4.837976503294247,1,42.410545402842935,-71.07387231620552,383486,28.824045346605438,True,DS100163,742.7913081725325,DS2912,1585.84209088521
892a3076c1bffff,Lynn,4.829831975391361,46,42.46635351946007,-70.92610295909552,66711,33.59731110281222,True,DS2236,1839.0292448805167,DS90390,1857.0379770109118
892a3064db3ffff,Boston,4.82981303748938,76,42.27493637479527,-71.06918097446076,167973,29.022108661933224,True,DS1003,193.87599802685725,DS90311,1956.7654494849564
892a3390167ffff,Braintree,4.815177060878737,48,42.173368354816255,-71.01483923730503,70210,15.465736413693822,True,DS89770,1948.6291250418183,DS3042,2862.145168678933
892a3392827ffff,Weymouth,4.808678147189331,55,42.170717398640726,-70.94063002387001,97523,32.715029666580534,True,DS3475,1522.608767032149,DS89637,3304.9096220851548
892a3065373ffff,Newton,4.806176594293869,16,42.32824888722684,-71.22722066006261,284117,46.077363339797536,True,DS1736,1751.010579690121,DS3522,2038.5807584738986
892a306e513ffff,Waltham,4.803235100452562,130,42.37127372210059,-71.24778897986872,295612,42.71344046354149,True,DS2152,777.5773639130794,DS2821,847.1463984900869
892a3074e17ffff,Revere,4.758700128607611,9,42.425631448551634,-71.01104493459951,44022,20.197578570502895,True,DS2924,1563.9852507453559,DS95032,2023.4694342587488
892a3065c97ffff,Brookline,4.746439024171413,1,42.31826691310792,-71.15823299489635,231004,48.68154725448668,True,DS2712,1225.4043219056277,DS90323,1394.4276367491298
892a306423bffff,Brookline,4.736697997508385,1,42.32454273418589,-71.15817590665225,230987,30.25449912912136,True,DS2712,672.1836108484869,DS90323,841.9326033730783
892a3074803ffff,Revere,4.696712469167774,10,42.40671875332448,-71.00069240946974,28904,25.703135521691,True,DS89919,737.1267249590053,DS90024,1197.8182800592726
892a306685bffff,Boston,4.679617013784008,3,42.31731165958141,-71.06133543065913,162418,37.91633535348572,True,DS90103,673.3496009549712,DS90187,879.3994600455958
892a30652dbffff,Waltham,4.6731377458955965,70,42.36121330288608,-71.2379721512405,291667,26.862006631637435,True,DS2125,1940.1411101531905,DS90089,1977.3152916652446
892a3029423ffff,Winthrop,4.65837601454026,82,42.36073345791621,-70.97065308863701,215315,20.050767584441033,True,DS2729,3119.2776121877514,DS89660,4710.050718405989
892a30758dbffff,Malden,4.640762778377467,31,42.43660693264458,-71.0822660173815,405064,21.379268045374403,True,DS90148,1937.4205216198457,DS90258,1937.4205216198457
892a306ebb7ffff,Needham,4.624914917541648,6,42.28979674617288,-71.26821190821812,111024,43.352759510899936,True,DS3549,2956.390902826723,DS100070,2996.5835612739097
892a3060d8bffff,Arlington,4.580971891636152,13,42.41158996426995,-71.18180582134904,263969,5.43569396096493,True,DS90389,1715.7473759543625,DS2798,1877.3050689558563
892a339013bffff,Braintree,4.576156691947799,78,42.17566398576238,-71.00745765710317,70329,139.3675509622155,True,DS89770,1860.4247227166875,DS3042,2773.940766353801
892a3060803ffff,Waltham,4.575430000876112,78,42.40656334436588,-71.21760868064682,226580,66.6392081183894,True,DS3385,1993.5656630410558,DS3271,2411.8152843194207
892a3065a9bffff,Needham,4.571817071619589,6,42.30194622259344,-71.21386113355139,177572,17.84463879563855,True,DS90339,1874.358395820441,DS2720,2667.7125192084923
892a3060d4fffff,Belmont,4.558196838097886,1,42.405699916273264,-71.19957789505743,263783,43.662941864685415,True,DS3194,2426.496789957357,DS100291,2462.8474048194166
892a3060d37ffff,Belmont,4.558114709067673,4,42.39791953213376,-71.18049381181635,269904,28.54505080266451,True,DS100291,571.5174659171453,DS90389,831.040979389906
892a3065dc3ffff,Brookline,4.557680688667597,4,42.30101833264916,-71.15893859520108,230282,36.688142402703974,True,DS1981,841.3307362980831,DS3207,2574.275777463742
892a3065a53ffff,Needham,4.557542610949403,4,42.29889301614144,-71.22713298515153,175564,117.78332858774557,True,DS2720,1349.3412292735015,DS90339,2536.381514977771
892a306485bffff,Boston,4.54696984179734,15,42.28009907934442,-71.12407135316626,251905,41.19662018677391,True,DS2973,1001.7939328620727,DS1243,1046.8290337558235
892a3392807ffff,Weymouth,4.544475932656766,33,42.17772644543889,-70.94394962961822,97594,71.28934588665852,True,DS3475,1795.3061738643344,DS3014,3791.7325532981104
892a339105bffff,Milton,4.526441828149663,9,42.22354471781412,-71.1133548317394,273758,20.14183064107301,True,DS89797,2959.5944771790246,DS3239,4333.6627766115735
892a339a4bbffff,Boston,4.516516527808727,2,42.257519747338925,-71.15012402705787,225330,16.56598649769917,True,DS2770,2341.594361886824,DS89682,2794.3378099170322
892a339223bffff,Braintree,4.514015762282821,26,42.23201083956841,-70.9917362711092,30536,79.29584766818948,True,DS89903,1729.7417252451273,DS2805,2337.9635168723494
892a3064d7bffff,Boston,4.508642019463316,28,42.27198304166884,-71.09444726936968,272151,7.991243063432799,True,DS89826,339.4308779970246,DS2289,1679.154500595245
892a339012fffff,Braintree,4.505278127698949,81,42.1704415259041,-71.00720957698466,70306,32.2239506350076,True,DS89770,1163.7519910388855,DS3042,2077.268034675999
892a306694bffff,Boston,4.496898167263733,22,42.29552940636206,-71.05170438881981,173363,35.5367816041204,True,DS100187,1049.3227630294282,DS2844,1124.7963240330898
892a3074507ffff,Lynn,4.487872636356782,32,42.46106476652892,-70.98188362483766,46272,38.51023040670831,True,DS2162,1334.194440311667,DS3535,1870.4463559980056
892a307628fffff,Lynn,4.486289479779216,1,42.50227619362131,-70.97777654920507,60942,70.6742864149694,True,DS2328,2783.059645946921,DS100082,3858.7972810659057
892a33923a3ffff,Weymouth,4.486084872371379,39,42.2152841562255,-70.96415486630568,55145,41.959869519660124,True,DS3025,1335.44485583966,DS3014,2705.6579968455408
892a3065d27ffff,Boston,4.476814010084746,107,42.28307911982359,-71.15428924609675,236353,35.92083263726706,True,DS3207,424.69673116914186,DS3163,1264.1961542918405
892a339010fffff,Braintree,4.473544552938294,93,42.17838222782229,-71.009616901877,70154,38.529760920708085,True,DS89770,2254.641213720794,DS90182,3062.9525469251266
892a3392347ffff,Braintree,4.4708384341901,53,42.21819196100658,-70.98431665845995,29920,23.010201536739352,True,DS89903,2559.9181454024333,DS90182,2971.304970469474
892a306715bffff,Cambridge,4.46997435364046,12,42.37482158419187,-71.1384837774508,355879,4.329125076862018,True,DS2481,935.2052733008916,DS89959,1635.7101717410142
892a307612bffff,Lynn,4.4524868605933605,80,42.47392424811527,-70.94060548694459,67333,23.72326006363424,True,DS100557,1102.2552962975412,DS2239,1219.4068668306045
892a3064dbbffff,Boston,4.436254097157957,149,42.27512718664397,-71.07270717281116,167779,43.01583214576118,True,DS1003,504.15974537583173,DS2289,1578.6843084748475
892a3076073ffff,Lynn,4.435753673138403,58,42.4975467730634,-70.96025523224014,61594,10.920919322138184,True,DS2328,1549.3888196656885,DS89936,2799.079280413266
892a306286fffff,Arlington,4.4348718297108025,20,42.43518334066427,-71.16610756770578,254426,27.96898812066567,True,DS2798,2547.220905820477,DS89739,2936.23424313673
892a3076077ffff,Lynn,4.428350494614641,56,42.4953002142164,-70.95760098578647,61604,128.1820481154208,True,DS2328,1322.970542957464,DS89936,2572.6610037050414
892a339a403ffff,Dedham,4.425179711949302,81,42.25570004143592,-71.16042028876464,226133,81.1447092945994,True,DS2770,1407.647041360058,DS2667,1733.8992097600321
892a3076adbffff,Lynn,4.421488160435353,13,42.45559626807127,-70.97513442995918,45330,23.11969533733979,True,DS2162,783.1887539701105,DS3535,1425.659369140128
892a3075c63ffff,Malden,4.400331860958485,12,42.43852131039433,-71.07247968369761,400055,34.523922563411666,True,DS90316,1774.5413034130597,DS2338,1824.7792788146419
892a30674a7ffff,Somerville,4.394580611201596,7,42.400288050894574,-71.11356756427672,322465,1.1728313450347674,True,DS3299,934.7113044610543,DS3560,1018.0613918851857
892a3392343ffff,Braintree,4.393431554819583,19,42.22082836803942,-70.98620551915721,30291,62.49736917770667,True,DS89903,2594.971357316379,DS2805,2863.4025060326203
892a339a453ffff,Dedham,4.386033073488953,4,42.2610639684131,-71.16776043977944,193782,31.843364485919178,True,DS2667,1998.3672802362455,DS89988,2420.930802398292
892a3392903ffff,Weymouth,4.383737981795491,57,42.16216589073531,-70.93071113063831,79786,33.107076627135235,True,DS3475,2769.383565675429,DS89637,3595.64096797479
892a30643c7ffff,Brookline,4.381055514453233,2,42.31747410572548,-71.1419845780853,238178,32.134413367749964,True,DS3391,2853.7570584018363,DS3044,3021.7560923008614
892a3074ad3ffff,Revere,4.366219755904828,29,42.41688510113364,-71.03113626288894,11312,46.49227109336271,True,DS2539,1589.1393856441568,DS95032,2003.5499719415518
892a3074e87ffff,Revere,4.363659326204163,2,42.42717657987129,-71.00664504637692,43983,3.4106955085554786,True,DS2924,1980.531501804506,DS95032,2446.628743071174
892a306ec37ffff,Newton,4.357742977451712,73,42.32314221637674,-71.24413949033274,170680,42.73428113006057,True,DS89808,1797.5442300958655,DS3522,3339.2565639866148
892a339a0b3ffff,Dedham,4.355688188533473,85,42.236818041615656,-71.16133208726121,224035,9.477203259370276,True,DS2770,1796.5509618942583,DS89988,1813.283181189458
892a3074ac7ffff,Chelsea,4.338212820103048,8,42.41163614188387,-71.0328165149171,11451,54.015054162135314,True,DS2539,1445.1026829519683,DS3586,1778.7065685839411
892a3064ccbffff,Boston,4.329016152988159,3,42.30220918892656,-71.10544255716232,262881,40.31756030360158,True,DS1966,1651.1316362447003,DS2788,1999.316164189837
892a3064637ffff,Brookline,4.312546847257603,7,42.34292938110615,-71.13539243927954,349325,4.125670855352139,True,DS95044,506.81614901979634,DS100137,712.4723810322428
892a3067297ffff,Belmont,4.287950813763462,1,42.39255493056024,-71.15793469305866,270924,28.176123141052532,True,DS1556,1596.096934272699,DS100291,1923.9836061669869
892a306400fffff,Brookline,4.282626938633449,9,42.3289254717093,-71.12930278129788,342597,39.45516912086373,True,DS3044,957.2582080643817,DS2760,1251.9930329520737
892a33923dbffff,Braintree,4.2711845857829625,58,42.22965734916945,-70.98006082558337,48880,16.05714853399884,True,DS2805,1375.4833082769553,DS2800,1833.7205615127523
892a3393547ffff,Quincy,4.237346043141134,5,42.25522407916549,-71.0133826746633,38245,56.01122100926896,True,DS2163,1435.0129635573696,DS90190,1756.6545984507811
892a3390107ffff,Braintree,4.234962485186291,32,42.17778629886553,-71.00545449915374,70061,24.638119797566347,True,DS89770,2293.814566013912,DS2116,2557.172023173009
892a3065c8fffff,Brookline,4.208336985556065,2,42.31509375211308,-71.16720204787939,189278,80.78212761006039,True,DS90323,1318.3519514296258,DS2712,1338.1885500760366
892a306ec33ffff,Newton,4.196493549550647,62,42.32598512224802,-71.24628210253212,280495,9.066142399052799,True,DS89808,1610.9652577294778,DS2125,3309.742147434365
892a339235bffff,Braintree,4.187395675387803,13,42.22436599107365,-70.98917360636842,30359,5.258784175173482,True,DS89903,1511.5379438777718,DS2805,2435.8172674284647
892a3075dcbffff,Malden,4.183282053979818,10,42.43362206042352,-71.05455968709485,396175,35.695140730220665,True,DS90279,1692.9283900260205,DS89798,1922.5164508975797
892a339a557ffff,Dedham,4.17674800539886,81,42.239424205892696,-71.15157415577268,224743,28.946608287853604,True,DS2770,1303.5580561256495,DS89988,2503.424467854122
892a339a68bffff,Dedham,4.153867265577968,2,42.26092581903421,-71.1841572287747,194408,38.437481578534324,True,DS2667,2333.0735136393537,DS89988,2807.8909134829173
892a302d27bffff,Weymouth,4.1521121206248734,4,42.21687067527465,-70.92614322003907,99841,30.671455470296365,True,DS3083,599.7722069675386,DS3014,3189.2690535869942
892a33923a7ffff,Weymouth,4.1401464795247005,74,42.21372804707905,-70.96243999116118,55594,42.57343594485275,True,DS3025,1032.9097093843448,DS3014,2403.1228503902253
892a3390123ffff,Braintree,4.132690435119914,79,42.17281287656504,-71.0053235178714,70318,35.858618703530375,True,DS89770,1525.8858033769566,DS3042,2439.4018470140704
892a3390467ffff,Braintree,4.120981474394813,97,42.21054535405335,-71.01291321797959,26200,74.78932162379087,True,DS90182,1330.5326764591987,DS89991,1913.977384426997
892a307437bffff,Malden,4.119806286855038,2,42.44090709696698,-71.0410875803952,9841,26.406775697141136,True,DS90279,1023.7082509999406,DS89753,1226.7871737305443
892a3075d07ffff,Everett,4.107368027485425,5,42.42274350079729,-71.04711917114345,10490,28.396952978484467,True,DS89798,1193.0096093699397,DS2539,1193.3053211221675
892a3392e27ffff,Weymouth,4.097496022352258,2,42.189796988010286,-70.95532456997623,56449,25.412535939352157,True,DS3014,1864.8560983454258,DS3025,2062.6076861396205
892a3390173ffff,Braintree,4.095658350045321,135,42.17838811281075,-71.0139334567145,70116,40.702804981211486,True,DS89770,2159.87661312242,DS90182,2964.080768796243
892a306293bffff,Medford,4.088687837596654,1,42.42132967989094,-71.14155234600537,289367,71.96319318097736,True,DS90146,776.7794934995992,DS1370,1933.84293163044
892a3392bd3ffff,Weymouth,4.082296717268252,1,42.1740229194228,-70.95975085062044,57458,26.97394656142076,True,DS3475,676.4317604581028,DS89637,2825.385713339695
892a3060a93ffff,Waltham,4.057245212960792,46,42.41391921078103,-71.23843477710658,227184,61.619867256752855,True,DS3385,994.9057333736673,DS3271,1762.4303223204522
892a3065b7bffff,Needham,4.043103077387798,17,42.27116680502636,-71.21633996070997,178229,88.03249515438422,True,DS90094,1335.8279065394727,DS1023,2341.7463231729976
892a3066407ffff,Chelsea,4.028864713902395,11,42.386107909517925,-71.04508644107939,13806,86.04261490569095,True,DS3580,1062.5348208818925,DS89744,1226.4693809545058
892a33931c3ffff,Quincy,4.023148320364164,36,42.24503804698547,-71.02405365328843,16886,15.332959537213528,True,DS2163,1245.3861999882338,DS90190,2002.845488961049
892a30673d7ffff,Cambridge,4.00603388290848,1,42.37832539533891,-71.15490236263712,271542,12.881314167946309,True,DS2481,937.1863365402771,DS90038,943.8850534182418
892a306518bffff,Newton,4.005598507059068,4,42.336470525089176,-71.18499393279707,332876,15.616403287311288,True,DS2146,1212.3233483243196,DS90289,1233.5107296213673
892a306ed67ffff,Needham,4.003609914109057,5,42.30541763624628,-71.24220327569435,170915,14.889311244020034,True,DS2720,1978.097677087224,DS90339,3259.9117521131398
892a33922a3ffff,Braintree,4.000759281710344,5,42.23422815144785,-70.98100394081771,48819,21.47751325089877,True,DS2805,898.4026362934029,DS2800,1356.6398895291998
892a339a503ffff,Dedham,4.0,1,42.236643832407495,-71.1428970252064,244904,56.75585839580694,True,DS89797,2704.2442612610835,DS3239,2941.8858904448784
892a3076207ffff,Lynn,3.994038951817666,7,42.49946183787039,-70.98229288541727,54676,10.056372547912353,True,DS2328,3240.6631609094384,DS100082,4142.7925885509
892a30652a7ffff,Newton,3.9808489254359967,1,42.34498585464435,-71.22376276591453,285706,28.58691146204352,True,DS17594,654.66034083478,DS90399,1702.572776961766
892a339b687ffff,Needham,3.961644231467849,11,42.27686451644108,-71.25468339308708,111306,30.93248082281535,True,DS100070,1974.0529591301831,DS1023,2049.716230351876
892a339214fffff,Weymouth,3.9534307322572535,31,42.21859204026132,-70.95765940960315,48454,66.02393757363569,True,DS3025,1774.1882750284813,DS3014,3144.401416034362
892a30655d3ffff,Watertown,3.93516275114922,95,42.36159608542599,-71.17212804136699,324334,63.45570854650582,True,DS1570,1366.6622364974673,DS90016,1584.791655083919
892a339346fffff,Quincy,3.9276867367504686,1,42.26704701455861,-71.03137317791705,16242,21.32448851039553,True,DS2669,829.473675054531,DS100309,930.7751235733108
892a306464bffff,Boston,3.923233403303759,29,42.35158924276031,-71.15764400149584,324845,42.94673677227484,True,DS2816,504.3241056546243,DS89690,1123.006753111069
892a3391453ffff,Milton,3.9095740857079657,9,42.24305588567648,-71.09110572965412,272967,60.27789437380364,True,DS89826,3300.3905757241732,DS3239,4303.051177868712
892a3392387ffff,Weymouth,3.904049419622556,21,42.2219240175264,-70.96346524011372,48483,22.628025295276256,True,DS3025,1913.7364778728559,DS2805,2943.2901306615154
892a33904a7ffff,Braintree,3.8956728506148575,71,42.213418161669466,-70.99301194760362,30034,92.47152942829548,True,DS90182,1982.4066495896259,DS89903,2355.857831205537
892a3065553ffff,Newton,3.889823338731616,49,42.355181207357504,-71.18081618742634,309146,40.48546713356673,True,DS89742,901.5954086749867,DS1570,1601.8281539086502
892a3392d47ffff,Weymouth,3.885640895781882,23,42.18043454078224,-70.92283213231629,88391,78.14900527847497,True,DS3475,3011.805780106191,DS3524,3751.675309338102
892a3062bb7ffff,Arlington,3.8780994071970585,18,42.42206791950896,-71.15590690301711,254547,60.17319028313668,True,DS89739,1155.159400922119,DS1370,2111.5702316188567
892a33930cfffff,Milton,3.873595123017906,13,42.2619895141132,-71.04202173134017,15101,14.581533302927344,True,DS1967,378.85987247779406,DS2163,1851.5628203913764
892a3067327ffff,Boston,3.8582519703652514,2,42.357419509933,-71.15205862360034,325200,21.846443707794663,True,DS89690,368.45886252580283,DS90057,1080.7015209053989
892a306098bffff,Belmont,3.830498345147261,2,42.39264347794155,-71.19666087841216,264584,7.783349385405645,True,DS3194,783.914239633742,DS3374,1820.4651520097048
892a3065437ffff,Watertown,3.829522430612601,50,42.36185085568293,-71.18065744166431,309413,53.07533083451679,True,DS1570,775.5911814327826,DS1537,1379.4376915933078
892a30653bbffff,Newton,3.8188825809798734,3,42.33062744750372,-71.21136534591915,285052,12.862478788262425,True,DS1736,423.27517462660245,DS2146,1528.9079934386
892a3064483ffff,Cambridge,3.807539987763936,10,42.355428038994994,-71.10281444914102,363213,18.088159136560694,True,DS90185,1383.0494279232091,DS3060,1513.416942084679
892a339a42bffff,Dedham,3.793429108280457,36,42.24826608812393,-71.16227575080377,224203,10.74771377474412,True,DS2770,775.532633181045,DS2667,978.909274344803
892a3067557ffff,Cambridge,3.79338800351134,4,42.389940934818775,-71.11807586204823,323587,18.5066400836007,True,DS24854,154.64643362563618,DS3560,882.5548553691287
892a3064ac7ffff,Boston,3.7893314668260016,58,42.279894227514966,-71.14436317941167,237139,34.948834238871314,True,DS89682,863.9447149122693,DS3207,1505.7542899695989
892a30676abffff,Arlington,3.7868238845556297,10,42.40406943184328,-71.15065845853994,294206,45.6832094471073,True,DS1370,967.2112820686159,DS2822,1073.320696326787
892a306292bffff,Arlington,3.7599268724772217,18,42.41772922294254,-71.14404215988503,292697,48.910477049805486,True,DS90146,1358.694795408276,DS1370,1363.1452079495143
892a3074b7bffff,Chelsea,3.7506966512777593,4,42.3857732756512,-71.02828426303374,17867,8.760153701118199,True,DS3580,1236.9672909126652,DS89744,1259.0634931779882
892a3067273ffff,Belmont,3.732344745890555,68,42.38504914995431,-71.18033208571963,269718,32.95819007817915,True,DS3374,382.78517130023357,DS3194,1269.618596789818
892a3392087ffff,Weymouth,3.7293928274986,57,42.24014107200593,-70.94953275547422,48159,51.458929741720546,True,DS3160,1753.7855081632129,DS2605,2650.206044484179
892a3074937ffff,Winthrop,3.72780221438287,60,42.37960415794377,-70.98095714483146,36408,24.827846161988486,True,DS2729,1124.8850652862761,DS89660,1880.372207941973
892a3392163ffff,Weymouth,3.718480723698308,9,42.21323937656692,-70.95235701818724,55763,20.39402655808054,True,DS3014,2244.1978974494746,DS3025,2538.5031985735945
892a3390057ffff,Braintree,3.7138134275564,6,42.202760663381184,-71.02877675151527,25560,42.88461678553003,True,DS89991,2631.298381656202,DS90182,2699.917806094478
892a30674c3ffff,Medford,3.7078057606619854,14,42.41414704526972,-71.12549543438882,288402,19.00285568970398,True,DS90146,1293.2129295213394,DS100488,1344.8488506628405
892a30640dbffff,Brookline,3.70698765762644,12,42.342559250969686,-71.13159906168467,349319,37.65044692055062,True,DS95044,837.7254703805743,DS100169,946.4442239780794
892a3390053ffff,Braintree,3.7009444996361793,6,42.2050924683244,-71.0304866025918,25526,37.205581174763445,True,DS89991,2961.041684708817,DS90182,3029.6611091470927
892a3029a47ffff,Quincy,3.699445502892705,74,42.293489515573626,-71.01394502710573,174527,43.06107529725815,True,DS2932,2096.244130601427,DS100309,3912.30827280208
892a3390133ffff,Braintree,3.693582319794875,71,42.17592179974902,-71.00310011137655,70336,42.274603711911936,True,DS89770,2256.04608261865,DS2116,2419.806202429938
892a339b44fffff,Needham,3.689827337523899,46,42.27506431908597,-71.24849994069028,169811,58.17811853454641,True,DS100070,1362.5136136351196,DS1023,1454.6989692400782
892a339b48bffff,Needham,3.68810749712922,8,42.28044169853728,-71.2299333550325,172463,16.251267904920358,True,DS1023,515.6430214757505,DS100070,603.0578470076738
892a3062b3bffff,Arlington,3.6791534228993417,3,42.42001859784788,-71.17180476061785,259400,13.218108982011682,True,DS89739,1085.427742705636,DS2798,1597.8444991398599
892a3392907ffff,Weymouth,3.67656426128614,57,42.15960352664674,-70.9283967404808,79374,8.02212187231593,True,DS3475,3085.4808567336318,DS89637,3513.2279100583983
892a30672abffff,Belmont,3.666765693892229,59,42.385130356322506,-71.16688161797808,271155,45.20064197819124,True,DS3374,1619.4589242117038,DS100291,1860.745332666919
892a339218bffff,Weymouth,3.6562017555746,70,42.223984375348245,-70.94053262565296,108093,62.99107431975045,True,DS3083,2242.0226008497466,DS3014,3181.7865349496974
892a3074557ffff,Lynn,3.65520002400192,29,42.46654300245965,-70.99060104506897,53327,42.639633590298764,True,DS2162,2772.8952907739404,DS3535,3165.3965461025177
892a3392837ffff,Weymouth,3.653565532776057,26,42.17314656762361,-70.9401669870691,97561,17.138026722927346,True,DS3475,1623.855080960301,DS89637,3723.281212654965
892a339291bffff,Weymouth,3.644885042768934,32,42.16517013229591,-70.93239549477865,79700,78.64547352291224,True,DS3475,2700.2855551969647,DS89637,4261.180573764312
892a3392547ffff,Weymouth,3.640847249835671,54,42.237146406096365,-70.9368456715049,108482,20.350167605322607,True,DS3160,1426.605048195045,DS2605,2329.362389895898
892a33921c3ffff,Weymouth,3.636768591495139,85,42.22681399308334,-70.94625453275661,108203,46.682896943484536,True,DS3083,2843.7446424223026,DS3160,3005.2994225694
892a3074c63ffff,Revere,3.62899485433558,122,42.41963111357622,-70.99501164715299,37740,21.65890383154502,True,DS89919,1805.093882639231,DS95032,1938.086039247945
892a30758d3ffff,Malden,3.6258848340927385,20,42.43620117510675,-71.07797899626198,405217,24.853219549969452,True,DS2205,1804.840972853678,DS90316,1837.7957614634931
892a339a44bffff,Dedham,3.620995890871258,83,42.25872113477229,-71.17592227103118,193974,92.1562161652319,True,DS2667,2033.6007675096828,DS89988,2508.4181673532466
892a3062b37ffff,Arlington,3.613856314838142,5,42.4170205891436,-71.16526934386009,258165,41.370166223428065,True,DS89739,464.58216296984256,DS1370,1946.6055718329874
892a3065083ffff,Newton,3.6080411276684297,1,42.35513528421725,-71.19565077035688,308265,17.717415418762464,True,DS89742,593.646889568979,DS1537,943.0891191657148
892a3392913ffff,Weymouth,3.6074332187817535,24,42.16497280638762,-70.92944625983884,79762,80.76853206415858,True,DS3475,2823.529143207045,DS89637,3928.7877627830703
892a30655a7ffff,Boston,3.562678324809078,49,42.34543327057482,-71.15954802595913,330774,34.55905606864466,True,DS2816,632.6682795748595,DS90317,1602.8569772777971
892a3065e07ffff,Newton,3.560688021831957,1,42.30981363471185,-71.2005424773122,183693,25.818035342889797,True,DS90339,1584.0551846885926,DS3522,2166.253271541929
892a3074b97ffff,Boston,3.5514132740977424,26,42.392228162465,-71.00426644071544,27953,32.30115383364263,True,DS89834,1199.2617819842521,DS90024,1440.4993539065665
892a3064d97ffff,Boston,3.5465045412744454,13,42.279849783120845,-71.07048249601165,167736,18.55812824125607,True,DS1003,862.3783694840835,DS90311,1280.3934966905367
892a3076063ffff,Lynn,3.5239993186114527,61,42.49630606210272,-70.96162667255707,61673,31.69399395087835,True,DS2328,1620.6890004616969,DS89936,2870.3794612092747
892a339213bffff,Weymouth,3.522556630983695,9,42.21353662362517,-70.94653267502851,99477,54.65840041275851,True,DS3014,2187.487794741649,DS3025,2717.979388592965
892a306e903ffff,Needham,3.5194200557380104,1,42.2929486898435,-71.25032360722436,170250,38.77288573155542,True,DS2720,1504.385607934157,DS100070,2225.009978077949
892a3392c47ffff,Weymouth,3.5168360526586024,30,42.20038369455518,-70.93823866087853,98912,17.341307122062965,True,DS3014,1389.500149378284,DS3025,2512.4505721563705
892a339012bffff,Braintree,3.5166636112271603,76,42.1732389943902,-71.00946987159476,70165,88.54829314330637,True,DS89770,1423.2753957121333,DS3042,2336.791439349247
892a3067663ffff,Belmont,3.504598577764669,4,42.40063117724225,-71.16330455677122,270599,26.2569635419535,True,DS90389,1087.8523852696896,DS100291,1289.582154383391
892a3065da7ffff,Boston,3.499959104844628,4,42.287067098939616,-71.14544713764964,236966,31.467761705082303,True,DS3335,1288.7010856118015,DS3207,1298.6528778273776
892a3062913ffff,Medford,3.494345260712789,41,42.42701182142061,-71.13770222691969,289333,99.21864381877262,True,DS90146,1273.8474724340883,DS90427,2044.1393496100357
892a30629bbffff,Medford,3.493577797599866,24,42.42515960776969,-71.13344398626728,288982,52.16763435511762,True,DS90146,797.8547665629096,DS90427,1917.2433443371497
892a30629b7ffff,Medford,3.491219336553632,11,42.42307252850844,-71.12389826603,288844,38.38603402599894,True,DS90146,1109.1868171253257,DS1530,1171.1937506567235
892a30650a7ffff,Newton,3.4895723028391386,1,42.34346751707797,-71.19160751746236,331858,24.990640332583013,True,DS2146,1613.4904546846262,DS90289,1803.4902325987755
892a306509bffff,Newton,3.4831594847451752,66,42.3581302920669,-71.19826817811398,308323,9.786082415891201,True,DS1537,722.2379825065992,DS89742,1063.4863569250392
892a306ed97ffff,Newton,3.474585670835856,23,42.318220175149015,-71.22240993389634,176143,54.90046355050957,True,DS3522,1226.58107118244,DS90339,2191.6511182082963
892a3029a7bffff,Quincy,3.464288597782537,57,42.29157193504435,-71.01440209843396,174496,100.3014102351627,True,DS2932,2539.7843413110068,DS100309,4355.84848351166
892a3390463ffff,Braintree,3.4472397248346347,60,42.213201793244,-71.01526087132169,26221,41.71778359762914,True,DS89991,1420.2850147370175,DS90182,2136.6086739826133
892a3074a1bffff,Chelsea,3.444731692872841,1,42.40958930833486,-71.03272716061642,11466,38.41413164787262,True,DS2539,1528.3508513574952,DS3586,1549.5491501079807
892a30651cfffff,Newton,3.4435988413320326,15,42.33648443671636,-71.19267385612166,333001,31.709867219077164,True,DS2146,664.7687791204434,DS90289,854.7685570345928
892a306747bffff,Arlington,3.4382398764514184,3,42.403044037838335,-71.13838959896928,293285,17.402740134615424,True,DS2535,186.7879322442473,DS2822,194.370266369517
892a306402fffff,Brookline,3.427486353263898,1,42.32220888568888,-71.12754773473023,255769,13.008401881516084,True,DS3044,1640.0614719798946,DS2711,1805.6061877005711
892a3066297ffff,Somerville,3.4114301643429674,1,42.37465483659114,-71.08299669068793,137306,30.20356945816374,True,DS90281,625.231089667985,DS90039,629.3081262462165
892a3062bc3ffff,Arlington,3.406572815058338,34,42.43399346406255,-71.17343157958447,253959,32.0570762411191,True,DS2798,2123.6194880948774,DS89739,2599.003496212207
892a306ec07ffff,Newton,3.4019961911416203,62,42.32844069661585,-71.24768158507126,280477,16.671374646260286,True,DS89808,1413.1784477454162,DS2125,2971.323093895504
892a3390487ffff,Braintree,3.3938952235811484,73,42.22126691125491,-70.99446631999565,30268,10.775106819387268,True,DS89903,1349.904496398296,DS90182,2899.8258625414924
892a3064a43ffff,Boston,3.3913379126703957,59,42.27819570707816,-71.15353794554213,225722,65.74352408034542,True,DS3207,1063.7238040866407,DS3163,1185.8465473723477
892a306402bffff,Brookline,3.3901767845810684,1,42.32265504306408,-71.12724381122364,255771,19.070532325842972,True,DS3044,1641.2142500757016,DS2711,1828.2755887930423
892a3075a13ffff,Medford,3.3833495382322427,27,42.42824772554369,-71.1072049013706,306018,120.6809995641921,True,DS1530,1586.8197925950922,DS90148,2170.3588280279723
892a3074837ffff,Revere,3.383252611291804,1,42.39907705000001,-70.99393975,29780,27.358953642195118,True,DS89834,706.9281488285459,DS90024,762.3241285750236
892a3390177ffff,Braintree,3.379389280873062,85,42.175718431888754,-71.01144944692273,70161,80.0076149671867,True,DS89770,1779.1593199022655,DS3042,2692.6753635393793
892a3075923ffff,Everett,3.3743651454336123,4,42.39903196335631,-71.06267660346799,393342,16.306217770342396,True,DS3211,1136.8623903038647,DS90161,1201.4770441200294
892a3393097ffff,Quincy,3.371001868181525,171,42.2615632833302,-71.02280667014298,16325,86.16004830885213,True,DS1534,1049.4418199543557,DS2163,1587.7972922315105
892a3392c03ffff,Weymouth,3.363742636616988,23,42.19966208816786,-70.930743415501,98588,21.624540636906627,True,DS3014,1557.819335585336,DS3524,2323.496977932634
892a339a50bffff,Dedham,3.352942431253794,70,42.237236726309845,-71.15004934646025,224711,81.51079555312859,True,DS2770,1652.933104447353,DS89988,2852.7995161758254
892a3075bc3ffff,Medford,3.33496130764764,26,42.41451518325964,-71.09705533100932,312636,21.81180223300571,True,DS1530,1479.492800781147,DS90148,1527.7174345476567
892a306592bffff,Dedham,3.325897747561455,95,42.26659149892862,-71.17786871345463,194031,30.85319780438859,True,DS3163,1958.739304965864,DS2667,2527.726910856422
892a339a613ffff,Dedham,3.3255537185745703,1,42.25850491973992,-71.1882414516001,194486,25.051189902621367,True,DS2667,2601.379171464539,DS89988,3076.1965713081026
892a3028b7bffff,Weymouth,3.3253272234873,1,42.255208847808056,-70.92376248808696,119444,24.697927631741273,True,DS3160,2720.3391923769323,DS2605,3583.775027141405
892a3066657ffff,Somerville,3.3199102909555704,6,42.38952478589261,-71.08703474379557,334963,19.818179005137996,True,DS3350,350.1051654289963,DS90420,829.1413603498785
892a3064873ffff,Boston,3.3173447001315486,22,42.27174553620676,-71.1179803475298,250927,41.78030773012623,True,DS1716,755.0972771376964,DS2973,1922.1711791231496
892a306436bffff,Brookline,3.307392099217896,4,42.30741555689482,-71.15643325071527,231031,21.325713396361202,True,DS1981,1677.6836736959688,DS2712,2298.139076239768
892a3075c27ffff,Malden,3.286496855982618,9,42.43370444306071,-71.05826933335305,399297,18.08580579323751,True,DS89987,1446.0899949879458,DS90316,1538.8960735448202
892a307616fffff,Lynn,3.2792018988399243,196,42.47408789189864,-70.94884747674185,67567,53.23748632522024,True,DS89936,1131.0351373998005,DS2236,1285.106416384522
892a30759a3ffff,Everett,3.2780251989655884,2,42.40514589605603,-71.05222382745255,389354,20.46963670942163,True,DS90161,407.7681072361779,DS2539,1648.4624626153143
892a339234bffff,Braintree,3.277976802457387,52,42.2208585106756,-70.99142791013576,30270,78.84243867048146,True,DS89903,1771.945530967122,DS90182,2993.8684934901166
892a306501bffff,Newton,3.272805154078396,2,42.35284083942129,-71.20785187769286,305072,7.890462745311371,True,DS90349,306.9991035857034,DS90399,334.18236390583144
892a3065147ffff,Newton,3.271642189608722,5,42.33066030878145,-71.19712604968514,336267,40.107030463146145,True,DS90289,380.9370192652606,DS2146,400.9950877454638
892a3076a3bffff,Revere,3.271014783516204,31,42.43864128169816,-70.96805159584375,37136,48.75403844964913,True,DS89919,4471.359694579507,DS95032,5360.119690462269
892a306729bffff,Belmont,3.2619166408073075,4,42.39641080186049,-71.16352272778231,270491,80.57193546398581,True,DS100291,1397.766548912586,DS90389,1549.4006769412706
892a3060d23ffff,Belmont,3.261345070943769,1,42.39848707903519,-71.18525236613743,264072,50.97602006018741,True,DS100291,1052.5115784069665,DS90389,1223.0952065585175
892a33921d7ffff,Weymouth,3.257657151509423,65,42.22655396473034,-70.94237311213345,108147,73.51923089660804,True,DS3083,2477.6445633222825,DS3160,3175.0032639140686
892a339b443ffff,Needham,3.2568473030985574,83,42.277278790785296,-71.24665084955787,169808,73.68111082179628,True,DS100070,1149.6334635650076,DS1023,1225.2967347867007
892a3392953ffff,Weymouth,3.256838784158002,42,42.16744805177958,-70.93890598028436,79656,66.44188221592088,True,DS3475,1765.4520925313147,DS89637,3283.005736124283
892a339046fffff,Braintree,3.2551143468541075,78,42.21056496761378,-71.01707995683805,25963,78.05305121034462,True,DS89991,1297.675369541615,DS90182,1685.1425470775062
892a339a097ffff,Dedham,3.2540827229060008,1,42.24347256318125,-71.16126456137789,224276,37.01103816385317,True,DS2770,1230.4804433624565,DS89988,1433.765810113719
892a3392127ffff,Weymouth,3.251098709787971,13,42.20758021472006,-70.94000116211937,99239,140.61266668486138,True,DS3014,1791.7369820443246,DS3083,2171.648939661768
892a3076ad3ffff,Lynn,3.243182765056396,10,42.45669436875552,-70.969628404505,45706,55.09893233973411,True,DS2162,484.3759263995744,DS3535,1119.5576137179094
892a306545bffff,Watertown,3.2418089369625376,31,42.37489586950578,-71.20059244612956,303040,28.937990613020343,True,DS2849,1012.2582921094914,DS89981,1198.9914682705667
892a3067123ffff,Boston,3.24047404731289,2,42.35978830142356,-71.12462450235012,362081,4.809642756009473,True,DS90185,1069.0471743131934,DS89830,1173.3152926839625
892a3075d13ffff,Malden,3.236586612279729,9,42.427829028320936,-71.04373054676807,10393,24.2635463773118,True,DS89798,539.5691796195998,DS90279,1002.7554084659811
892a3060a07ffff,Waltham,3.2323772777417425,24,42.40498860006291,-71.24644562125157,227855,11.086351210413323,True,DS3271,1183.1000324410275,DS3385,2089.7350441611716
892a3391643ffff,Boston,3.214136080446341,59,42.24084683656169,-71.12472697440533,249253,45.86551038961246,True,DS89797,473.164049940934,DS3239,1747.6563525715978
892a306e54bffff,Waltham,3.2136836808987064,12,42.372310155076505,-71.26488221540423,154109,96.42975188601766,True,DS89647,1185.381162586683,DS100539,1185.381162586683
892a307638fffff,Lynn,3.2006697264040347,67,42.483802418126,-70.96128540330729,61251,68.78372805484683,True,DS2328,362.64783496876663,DS89936,1295.3866946728615
892a302d20bffff,Weymouth,3.20050066833396,99,42.218811613434085,-70.91823720815287,100361,51.498233771426904,True,DS3083,710.0165854689069,DS2300,3883.1267465519927
892a3393697ffff,Quincy,3.197668081425787,1,42.28010239353248,-71.03884927254967,169530,17.244403326501587,True,DS89736,1137.512993029283,DS100309,1535.2870710081913
892a306505bffff,Newton,3.19644025719802,113,42.355143422813306,-71.21686520180944,304770,55.36339665995503,True,DS90349,1320.8893718915194,DS17594,1326.31670457928
892a3064a13ffff,Boston,3.1959810583975656,26,42.2777471538138,-71.14239022836338,237146,43.49884654886909,True,DS89682,526.4018644107422,DS3207,1689.3506264611915
892a30652d3ffff,Waltham,3.187299613561417,63,42.36171824453484,-71.23519742791392,291692,45.43708863284332,True,DS17594,1993.032360693227,DS90089,2118.382364201756
892a3066e23ffff,Boston,3.186747922002698,1,42.32479209300144,-71.06361374452013,162160,31.866913465257532,True,DS90020,203.23677755540152,DS3430,377.55884175790703
892a339257bffff,Weymouth,3.1784221390886898,95,42.23493657645896,-70.93921323795811,108407,83.6004535971115,True,DS3160,1950.5418169091226,DS2605,2853.299158609976
892a307450fffff,Lynn,3.178072994742822,23,42.46121102838412,-70.98626481023446,46470,47.124134455846345,True,DS2162,1873.3758558402867,DS3535,2409.627771526625
892a3060b53ffff,Waltham,3.172083950171702,4,42.392041686892505,-71.2435531837301,220696,69.56098372704585,True,DS3271,1894.3935088916949,DS2821,2474.965784604795
892a3065467ffff,Watertown,3.171459934121075,2,42.36157332497479,-71.19431768943838,310377,20.81050287461999,True,DS1537,210.69184577516583,DS3530,634.7980959891875
892a339a563ffff,Dedham,3.1598572438638364,135,42.231857245213,-71.15367298084684,224675,33.14123451394755,True,DS2770,2174.9695455830824,DS89988,2840.1497342703797
892a3065363ffff,Newton,3.150216907094336,41,42.32556712721506,-71.2282893659299,284509,46.587819689984734,True,DS3522,1877.6049471469526,DS1736,2262.9579461095227
892a302d2cfffff,Weymouth,3.1472254786774627,97,42.22381479763218,-70.9177384701448,107629,14.466882569998415,True,DS3083,1240.6940780291438,DS2300,3299.7388360748946
892a30609afffff,Watertown,3.141101110793058,95,42.38264110892667,-71.19485412401778,265196,33.805725085261315,True,DS3194,1016.2272054620187,DS3374,1493.9567760680857
892a33929cfffff,Weymouth,3.1343379689500317,27,42.167969976278606,-70.93481954082587,79704,42.46400060115128,True,DS3475,2331.3369292656444,DS89637,4113.63778431865
892a339219bffff,Weymouth,3.1325982742298835,87,42.22663875494002,-70.93767927555726,108162,56.22951327517102,True,DS3083,2171.0803799251803,DS3160,3281.382944852613
892a339a573ffff,Dedham,3.128839074639296,113,42.2343236935523,-71.15104747421141,224682,67.51947267910225,True,DS2770,2138.575204192986,DS89988,3149.7882263779775
892a302d273ffff,Weymouth,3.121596160147682,65,42.21643790790908,-70.92010189631952,100299,38.7030270375814,True,DS3083,307.29170190359747,DS3014,3493.847441356033
892a339254bffff,Weymouth,3.1215398151844385,52,42.240356586174656,-70.94325490783152,108500,27.35804075978727,True,DS3160,1176.6852180045637,DS2605,2079.442559705417
892a3067267ffff,Watertown,3.108968985961306,1,42.379731611082185,-71.17814652594241,266201,17.07652137104212,True,DS3374,565.2012090612415,DS3194,1666.7975450113572
892a3065d2fffff,Boston,3.100996174059917,114,42.28304639391771,-71.15922884735367,229913,6.3911255979574,True,DS3207,403.7003232322017,DS3163,1172.425777366013
892a3064a83ffff,Boston,3.099913318134478,3,42.28110918451649,-71.1329587887774,243543,46.80461197179182,True,DS3335,861.4589466017989,DS1243,867.6933049201757
892a3075e3bffff,Medford,3.0952171477712174,23,42.43926007424388,-71.09372173837389,307613,19.391518019803883,True,DS90148,2509.0390085771455,DS90258,2509.0390085771455
892a339a567ffff,Dedham,3.0757183497898146,105,42.22930397684471,-71.15121165372827,219239,31.128112412985594,True,DS2770,2548.5660062192173,DS89988,3014.1339442985827
892a3067383ffff,Watertown,3.0600383507426074,1,42.373735358409135,-71.15011640631947,319997,34.37222162108383,True,DS2481,476.71991524227036,DS90038,833.1726385691027
892a306512fffff,Newton,3.059526692730997,1,42.319050210134286,-71.1890631682674,187019,62.53724992040329,True,DS90289,1771.895848737051,DS2146,1905.3398464717282
892a3065ad7ffff,Needham,3.059269597118247,11,42.30225974135536,-71.2178462668214,176520,59.18115842261565,True,DS90339,1973.222088078497,DS2720,2376.1892489688034
892a339a687ffff,Dedham,3.0440141013347426,58,42.25908296625607,-71.17819595661392,194569,23.0707350361825,True,DS2667,1597.897318284683,DS89988,2072.714718128247
892a339a19bffff,Dedham,3.041217803286289,71,42.22658851768205,-71.15324083573049,219252,32.20447836325728,True,DS2770,2866.719643973456,DS89988,3327.9430798349595
892a306edd3ffff,Newton,3.0350604154522585,49,42.32350417955161,-71.2357969372987,171234,27.98046308096591,True,DS3522,2554.4630808006236,DS89808,2624.5656804683163
892a33926b7ffff,Quincy,3.007474057266687,9,42.2535603460956,-70.96079333037068,47608,14.632758492052512,True,DS3084,4356.617945137297,DS2951,4786.132261207025
892a339b47bffff,Needham,3.0073712026784998,33,42.27266370789414,-71.24636123118947,169818,81.13812006505847,True,DS100070,1603.0751412994914,DS1023,1695.2604969044503
892a3390163ffff,Braintree,3.0000814692074864,61,42.17544394768724,-71.01580991060472,70194,63.12843178067258,True,DS89770,2051.536088573998,DS3042,2965.0521322111126
892a3392b13ffff,Weymouth,2.995195977699742,3,42.16451471033315,-70.96015548643076,77691,26.614668308303674,True,DS3475,954.2599149448248,DS89637,1658.8497189148281
892a306e917ffff,Needham,2.9896128032460565,4,42.29376977635789,-71.2471377466178,170167,21.668139223139093,True,DS2720,1160.3151796475508,DS100070,2063.6305690145587
892a3064077ffff,Brookline,2.989556714070679,2,42.32665574299523,-71.13303613736339,342480,22.681025052467575,True,DS3044,1414.7082878891329,DS2760,1709.4431127768246
892a3074eb3ffff,Revere,2.9847153634184216,3,42.42514206374934,-71.00462577924755,43970,73.01773596585875,True,DS2924,2329.377203559474,DS95032,2779.423752362065
892a339322fffff,Milton,2.9714467590967057,1,42.244544950000005,-71.06875195,408377,52.08391085427918,True,DS1967,3239.4338824662655,DS1003,3402.6694813721574
892a3060857ffff,Waltham,2.968753465443848,14,42.40917557080679,-71.22466866154436,226522,35.049204492411796,True,DS3385,1123.0096551764693,DS3271,1775.3873690545868
892a33925cbffff,Weymouth,2.9657171911175944,8,42.24538630051549,-70.93525549804305,119002,9.297249928064813,True,DS3160,53.71943764560592,DS2605,1167.162655290439
892a3392013ffff,Weymouth,2.9624427389598558,114,42.240789373418416,-70.9571276923337,47949,3.6860132942488155,True,DS3160,2086.8624468448734,DS2605,2983.2829831658405
892a3392383ffff,Weymouth,2.957183576827096,18,42.22328746667123,-70.96543895774056,54957,26.90216948696847,True,DS3025,2272.0774800047907,DS2805,2872.840234162742
892a3391457ffff,Milton,2.948952584262779,23,42.24029919229047,-71.08906757182532,273069,17.4883616931722,True,DS89826,3849.4531605622906,DS1003,4785.06123223192
892a3064bafffff,Boston,2.9422636119718795,86,42.25051193349743,-71.12008735242038,249737,17.593218208787672,True,DS3239,929.2876970756746,DS89797,1386.9818345553233
892a3065037ffff,Newton,2.9357144127514383,1,42.34227091376366,-71.19553672309283,331928,23.44067272935622,True,DS2146,1564.4664656185137,DS90289,1754.466243532663
892a339290fffff,Weymouth,2.9317749597682763,34,42.1601149829574,-70.93195579522578,79376,56.51906554660247,True,DS3475,2776.0153259785875,DS89637,3203.762379303354
892a3065173ffff,Newton,2.9305833554596656,3,42.3279523047834,-71.19468392885118,336421,18.41041300346528,True,DS90289,342.9057324791685,DS2146,462.20164521328013
892a3065b0fffff,Needham,2.927348994249229,93,42.2722341014382,-71.20743809333673,182711,50.10604730102096,True,DS90094,882.3191197211763,DS1023,2826.601888500907
892a339286bffff,Weymouth,2.9177032827317486,1,42.175426658917466,-70.96018785369489,57452,56.21355325808584,True,DS3475,1215.4925837735727,DS2116,2864.2099907380984
892a3075b87ffff,Medford,2.9135472222529133,11,42.409567868430656,-71.08343855325704,311693,26.869694071634534,True,DS2912,637.1797976210268,DS100163,1387.2727270549076
892a3065ed7ffff,Newton,2.900908369468122,6,42.31953357908364,-71.20186906343172,183595,20.31188355642786,True,DS3522,846.2997529780511,DS90339,1114.4654600088154
892a3074437ffff,Lynn,2.875504491088711,47,42.47336854688713,-70.99285410210734,53251,37.43368493923688,True,DS2162,3286.941972341909,DS2686,3396.2256195927766
892a339236bffff,Braintree,2.872664861443175,90,42.21341008356523,-70.98869262693574,29888,33.53964486026001,True,DS90182,2219.022730998741,DS89903,2453.982984653392
892a306e5afffff,Waltham,2.8630530389854667,39,42.364321614363774,-71.2402329568243,292116,35.956004787122595,True,DS90089,1834.2272511711167,DS2821,1978.7789337958304
892a307616bffff,Lynn,2.85436264178138,205,42.47669289665046,-70.95132123811743,67605,15.341940385760786,True,DS89936,683.6834221265761,DS2686,1180.206734846292
892a3074c77ffff,Revere,2.8479441661667404,4,42.41948375759248,-70.99153818446563,37524,33.968411437393954,True,DS89919,1689.962416665425,DS95032,2234.2663471413302
892a3065663ffff,Newton,2.8477526841485,51,42.36270676030586,-71.2280485033299,291899,60.29813571647485,True,DS90089,1984.7468132631243,DS17594,2014.6529338665102
892a3065d37ffff,Boston,2.8307167475645887,75,42.285095464782266,-71.15149171905587,236573,19.116481374325968,True,DS3207,663.3442832724041,DS3163,1580.0384840348709
892a30759b3ffff,Everett,2.81617277683885,3,42.40591653827617,-71.05223859001737,389595,2.4162475372695247,True,DS90161,401.9044774783257,DS2539,1658.3856368819581
892a306724bffff,Belmont,2.8069705288953517,12,42.38950197323546,-71.18666857287155,264148,17.80611344073371,True,DS3194,895.9909282769277,DS3374,1099.8191222536368
892a3060a83ffff,Waltham,2.7999906732591326,38,42.412735005664096,-71.23988781904507,227726,61.27509462651484,True,DS3385,811.9078734283812,DS3271,1577.3775997551913
892a3062967ffff,Arlington,2.7731261440876924,22,42.41655237563139,-71.14662830142237,292772,47.2877966553516,True,DS1370,1288.157065938026,DS89739,1356.598660259572
892a3060e6fffff,Waltham,2.764593359118426,37,42.41641023016016,-71.24511730457886,228145,39.47816114304429,True,DS3385,1558.6537184808274,DS3271,2322.056740271371
892a3393653ffff,Boston,2.751416321098935,33,42.28101634056126,-71.05852634491308,168835,25.746394440153903,True,DS1003,1267.7520665201616,DS2936,1441.7675549942019
892a3064b4fffff,Boston,2.749690600420843,2,42.25619133201344,-71.14372391110528,244618,20.46571678670668,True,DS2770,1598.2617428655783,DS3239,2658.850777100427
892a339a6b3ffff,Dedham,2.743102732698963,40,42.256729118292405,-71.17665439236455,193988,32.47647239050532,True,DS2667,1354.9792008614709,DS89988,1829.796600705035
892a307602fffff,Lynn,2.737963686063272,29,42.49009108298894,-70.95216433490785,61508,73.73644519788166,True,DS2328,1747.6223081156268,DS100557,2096.0597201060546
892a306518fffff,Newton,2.7120732541263743,1,42.33286957432286,-71.18045231994975,332794,18.73590436723137,True,DS90289,1416.244668890948,DS2146,1472.0837720692587
892a3074ab3ffff,Revere,2.705028815510905,97,42.40736578624523,-71.01915788077304,20020,121.28817783956256,True,DS2701,813.5289823225603,DS3586,1249.2602775127427
892a339b453ffff,Needham,2.6836361400043542,71,42.27954268911342,-71.24486299732152,170102,24.80137794224908,True,DS100070,748.9658167421599,DS1023,824.6290879638531
892a3065257ffff,Newton,2.676761847958059,64,42.35237153111384,-71.24060705090889,291194,6.46461743230257,True,DS2125,992.5955395517024,DS17594,1659.1162823139753
892a3074373ffff,Malden,2.675062554091725,1,42.44143104999999,-71.03721799999998,9796,40.07898843627471,True,DS89753,693.4345361231424,DS90279,1507.4474084376125
892a3075e63ffff,Medford,2.670137384236328,12,42.43808675753041,-71.10147125997868,306126,42.919078963770964,True,DS90148,2660.5338218978245,DS90258,2660.5338218978245
892a3060ad3ffff,Waltham,2.6626349636521343,37,42.41668741984707,-71.24830291348694,228139,42.04168965919358,True,DS3385,1812.668617019944,DS3271,2576.0716388104875
892a339a473ffff,Dedham,2.6621514003015867,36,42.25288654321165,-71.16701892372615,196144,25.07097764800726,True,DS2667,918.9256514415499,DS89988,1286.4527085835211
892a339b407ffff,Needham,2.6561650176097102,1,42.27360606002805,-71.23465234273928,166493,9.091718828403899,True,DS1023,935.0178475146937,DS100070,990.1713538637619
892a30629b3ffff,Medford,2.64265890463238,3,42.42497384560929,-71.12500823025232,288919,44.16864240803372,True,DS90146,1280.3001747180265,DS1530,1362.380435158008
892a3060ca3ffff,Arlington,2.640683039106241,87,42.42272427515553,-71.19202107315787,260379,17.56459969558242,True,DS2798,518.9856130981682,DS89739,2987.5983559594874
892a3074e07ffff,Revere,2.6166378351354656,43,42.42203250688899,-71.01344498220564,8225,25.11858370828075,True,DS2924,1564.5064212264438,DS95032,1603.3486836997934
892a3392427ffff,Weymouth,2.6162056566231966,13,42.24414961813388,-70.93906224127781,119134,39.347694823646705,True,DS3160,531.6745628753337,DS2605,1434.431904576187
892a33905b3ffff,Braintree,2.61408911294807,16,42.19977433756491,-70.97697332886162,69166,50.44535937201205,True,DS2172,2486.7774777281297,DS2116,2494.7059369419903
892a3074a8fffff,Revere,2.6113693578891906,61,42.409573627133256,-71.02543414597204,19239,29.464916172202923,True,DS1377,2145.757945604303,DS2701,2160.1965258973773
892a339b4a7ffff,Needham,2.5853743323572544,3,42.26986659981583,-71.22185435246654,181154,17.75956131652877,True,DS90094,1618.0234487657708,DS1023,1666.659818292201
892a3064a03ffff,Boston,2.579530334375631,18,42.274225760025416,-71.14529710014645,244526,28.441660307336324,True,DS89682,768.0766870485288,DS3207,1730.6050475460781
892a30651c3ffff,Newton,2.569501942946016,12,42.33894199643024,-71.1913998798788,332039,50.74975835060265,True,DS2146,1148.0060277129903,DS90289,1257.6022869113942
892a30749cfffff,Revere,2.5603211097154404,27,42.39432774322369,-70.98985208212723,27799,33.09469052061264,True,DS89834,1471.6660882211952,DS90024,1527.062067967673
892a3067307ffff,Watertown,2.556517577810999,8,42.366622200707056,-71.15607403447851,320498,8.994354915886236,True,DS90016,465.43858265895676,DS90038,710.0728747732726
892a3390473ffff,Braintree,2.5548798174997063,75,42.21625025088706,-71.01257440632574,26249,33.32024473722672,True,DS89991,1540.8834100341726,DS89903,1701.1610568223844
892a306540bffff,Watertown,2.554268206780346,2,42.37007367878792,-71.19094884062758,313975,17.920692210244752,True,DS89981,106.67535170206237,DS1570,756.0197576654207
892a339a577ffff,Dedham,2.549494920303893,105,42.2320639359452,-71.14950971010673,224685,31.458843365616534,True,DS2770,2221.7265485305675,DS89988,3186.4713083576526
892a3067673ffff,Belmont,2.5461716017738327,2,42.40469273074363,-71.1649682778029,258778,24.821460622592237,True,DS90389,1162.6308268514606,DS100291,1438.9970466141551
892a3060d83ffff,Arlington,2.5442787146305945,3,42.411030864780855,-71.17950859266604,259167,27.480482070870394,True,DS90389,1854.9739774587804,DS89739,2068.24006567066
892a30664abffff,Chelsea,2.543612604364823,4,42.38619461620141,-71.04291750380244,13535,71.19357025826581,True,DS3580,958.0457317138234,DS89744,1097.6637540024487
892a3074a73ffff,Chelsea,2.533296341096324,7,42.403831979164345,-71.03911110002018,13112,37.24849702263013,True,DS3586,1581.6360666552698,DS90161,1633.0881628524153
892a3065ad3ffff,Needham,2.532269751689552,29,42.30451076557495,-71.22031398242244,176436,12.000469309072898,True,DS90339,1466.5345353123764,DS2720,1966.8662524026875
892a3391283ffff,Milton,2.531695545934014,2,42.22487274860232,-71.11906449915193,273794,72.81621754506844,True,DS89797,2528.7374851747504,DS3239,3902.8057846072993
892a33914cbffff,Milton,2.5278473690401126,25,42.245483040043325,-71.08927001475189,273037,61.303841317088654,True,DS89826,3159.96543557528,DS1003,4025.0001137222266
892a3074b2bffff,Boston,2.526275827934056,21,42.38097241914518,-71.01954484924313,20708,20.31145557093354,True,DS1965,1987.3252326451284,DS3252,1987.898856271788
892a30644cbffff,Cambridge,2.5260459990784074,1,42.35805212577726,-71.11589381958834,362698,12.71400467692158,True,DS90185,616.3499357855976,DS3060,1430.3896003963066
892a339a183ffff,Dedham,2.5171166847419024,69,42.22388774837789,-71.15158594031907,219223,58.20827542007369,True,DS2811,3359.5513215100723,DS2770,3429.555293826839
892a33920bbffff,Weymouth,2.5063385565615914,49,42.23792023052349,-70.9506726363248,48269,11.15912029188914,True,DS3160,1978.3983733138307,DS2605,2874.818909634798
892a307606bffff,Lynn,2.5048888969902867,146,42.49549019243887,-70.96647999435793,61670,88.72250528393187,True,DS2328,1690.1429538235952,DS89936,2939.833414571173
892a3065367ffff,Newton,2.503953322994207,32,42.32275437161466,-71.22618306294794,176111,62.74220238492438,True,DS3522,2020.8714844737244,DS1736,2406.224483436295
892a306ec93ffff,Newton,2.4973539928122417,2,42.33860938403795,-71.24004518714679,284021,28.577846551178872,True,DS2125,1566.4208519811323,DS17594,1928.0118763776704
892a3060a03ffff,Waltham,2.4758660766880807,25,42.40586098939814,-71.2474817228027,227887,80.65233826831884,True,DS3271,1273.0925813667175,DS3385,2119.316838800714
892a339326bffff,Milton,2.4758071680908214,13,42.2501442307828,-71.07991345510369,407195,49.53621074982009,True,DS89826,2853.850367044667,DS1003,3186.410194688593
892a3392543ffff,Weymouth,2.4655780375017424,45,42.24048171906515,-70.93897215295127,108487,82.2869249234148,True,DS3160,1161.9723707253813,DS2605,2064.7297124262345
892a3065cbbffff,Brookline,2.4595662023199747,4,42.31197118591554,-71.1655059165889,189282,11.259161938879371,True,DS90323,1608.447786696071,DS2712,1807.724135081117
892a306547bffff,Newton,2.453174840258684,34,42.36536114202034,-71.19885241290656,303770,45.12174841011124,True,DS3530,456.7422131739249,DS1537,791.9626544964173
892a3065b23ffff,Needham,2.4345536958104512,1,42.26798554488734,-71.20431321362372,182551,51.7976271989559,True,DS90094,1551.4508620794995,DS1023,3495.73363085923
892a339165bffff,Boston,2.432136487853063,40,42.24220887266221,-71.12533665599622,249256,79.37018400455864,True,DS89797,333.7932188507479,DS3239,1472.6128873806558
892a339149bffff,Milton,2.428498871399517,29,42.24544688237438,-71.0760774034902,407122,70.08202798073684,True,DS89826,3480.7060385752184,DS1003,3629.4246222261213
892a3065157ffff,Newton,2.423698966460844,4,42.3337871315263,-71.19493215298044,333106,25.54785411991337,True,DS2146,399.07952713192464,DS90289,606.2241500516623
892a339290bffff,Weymouth,2.419903848245069,33,42.1625516947154,-70.9340963473441,79668,4.937149369591314,True,DS3475,2349.2456523209794,DS89637,3705.5706688330315
892a30745d7ffff,Lynn,2.4037504952296747,19,42.47155443763742,-70.9828736769492,52216,27.26408373857287,True,DS2162,2307.592012389272,DS2686,2416.8756596401395
892a3392c0bffff,Weymouth,2.403568929069352,95,42.199976830619605,-70.93390895203946,98571,86.47664951487474,True,DS3014,1152.7116145744212,DS3524,2116.5404437985835
892a3392917ffff,Weymouth,2.3903283344706754,38,42.16190030178244,-70.92662763706771,79804,93.67691340154802,True,DS3475,3323.9006748101738,DS89637,3551.606406084391
892a3065427ffff,Newton,2.382422620128557,1,42.35827330267099,-71.18398315568197,309314,18.474571670380218,True,DS89742,569.6610376610423,DS1570,1121.629273571519
892a3392e93ffff,Weymouth,2.381636827572577,8,42.20861263933279,-70.94767218507721,55856,13.812120251612527,True,DS3014,1558.188924637978,DS3025,2390.066429002512
892a3060d77ffff,Belmont,2.37367662572687,2,42.40206371608335,-71.19311759592352,263836,7.141476878661242,True,DS100291,1802.7202898224982,DS90389,1973.303917974049
892a339a543ffff,Dedham,2.360575465485262,15,42.23907443462655,-71.15537464708083,224599,47.61383575572115,True,DS2770,1330.4897861570907,DS89988,2226.053849170845
892a3392027ffff,Weymouth,2.357684202183272,97,42.226655177706,-70.9552161319332,48437,53.64634347778525,True,DS3025,2812.775014347236,DS3160,3679.442192525232
892a339016fffff,Braintree,2.3487460326688403,60,42.17331175790843,-71.01776015649723,398935,75.65361182386117,True,DS89770,2444.4381452814014,DS3042,3357.9541889185166
892a3392233ffff,Braintree,2.3410900179685306,13,42.23115067830368,-70.9854954761174,30433,45.76654290455024,True,DS2805,1710.6250197555316,DS2800,2168.8622729913286
892a306eddbffff,Newton,2.338138180727225,40,42.32341364679712,-71.23996630938001,171087,44.17436667768117,True,DS89808,2135.5994321659264,DS3522,2893.879898877279
892a3065a4bffff,Needham,2.337346050677601,2,42.29581455170572,-71.23532751674313,171412,33.45501625876577,True,DS2720,405.4581411812875,DS1375,1714.5528842135452
892a306410bffff,Boston,2.3366360556716423,1,42.312932385089205,-71.11490122415704,256794,14.890533493505911,True,DS1966,238.86135838936326,DS2711,837.7817339424938
892a306461bffff,Boston,2.3177231309885795,27,42.3533441778378,-71.14266434457932,350680,21.499932489890277,True,DS89690,909.8376851716932,DS100177,949.329099333251
892a33916cfffff,Boston,2.309029270519912,13,42.243588140855664,-71.11885448387281,249882,48.654565711860094,True,DS89797,1020.7650199302207,DS3239,1506.2181588061947
892a3392627ffff,Quincy,2.3037445847686318,7,42.24629056823947,-70.97196465288623,47025,17.961978961954642,True,DS2951,1633.8112817875322,DS2805,1709.5930058771626
892a339167bffff,Boston,2.302128595076232,7,42.2358571841017,-71.12566500271421,245805,21.916350176200552,True,DS89797,810.6747409426699,DS3239,2196.5421539770796
892a3065e0fffff,Newton,2.290956571433818,1,42.31128264219883,-71.20649485684335,183046,22.98766462887136,True,DS90339,718.8293204873269,DS3522,1754.0305035935066
892a3065607ffff,Newton,2.2813007294290486,2,42.36566846154834,-71.2166027530911,298957,29.493200316798138,True,DS2849,1575.7479848125722,DS90349,2133.143786324581
892a306291bffff,Medford,2.258364458772423,1,42.427290600000006,-71.14106155,295199,25.568885321921485,True,DS90146,934.0333400371909,DS90427,1924.8378095082173
892a306526bffff,Newton,2.2533592820842494,4,42.34387635117956,-71.2479326631856,290506,75.1115428269337,True,DS2125,704.8028053398269,DS17594,2392.574518480399
892a3065297ffff,Newton,2.2502263997489638,85,42.35585718800635,-71.2212031489698,304858,33.11019875938486,True,DS17594,1034.0468491380602,DS90349,1657.3506559749644
892a306551bffff,Boston,2.2492854008442538,5,42.35332826597857,-71.17298414995068,308956,36.28077124383134,True,DS89742,1518.1484241237142,DS2816,1629.544165089031
892a3074337ffff,Malden,2.248845970420581,2,42.43691359235563,-71.02527708458061,8852,52.08459082621078,True,DS2924,745.8512489657469,DS89753,941.7966963524557
892a3065243ffff,Newton,2.2442973195700406,133,42.352498931372885,-71.24589976985659,291180,46.64077009435248,True,DS2125,557.8551558980964,DS17594,2093.877040423188
892a30744a7ffff,Lynn,2.2410242112855343,35,42.47582491718841,-70.98574911209448,53062,20.38313744737517,True,DS2162,2808.4050102905826,DS2686,2917.6886575414496
892a3075dcfffff,Malden,2.235282542227944,3,42.43101805960169,-71.05256194838613,396227,8.447785720605394,True,DS89798,1136.5655605805262,DS90279,1254.0952523896442
892a339b48fffff,Needham,2.21021904031221,23,42.276860736029306,-71.22834843989803,181245,27.231886105812418,True,DS1023,829.9645118944438,DS100070,901.7938213152903
892a33929c3ffff,Weymouth,2.201529094469175,17,42.16925944612613,-70.9325727288388,97501,24.73161957016279,True,DS3475,2328.5640361025685,DS89637,4110.864891155575
892a306ecabffff,Newton,2.181010548939914,84,42.32843760913771,-71.24383990133677,280769,9.88916165078909,True,DS89808,1764.2109820885132,DS2125,3004.508702669664
892a306553bffff,Boston,2.1782345599117416,1,42.34563249962709,-71.17079872876894,330685,10.249227594875425,True,DS2816,1608.085892112371,DS89690,2605.3464898460247
892a3060ac3ffff,Waltham,2.1727882904337465,27,42.41483187378434,-71.25049143333003,227780,132.87121036604327,True,DS3385,1687.231335074284,DS3271,2444.982584282592
892a3065ca7ffff,Brookline,2.1699118486725064,2,42.30815378318887,-71.15938077197458,231047,91.41397861767996,True,DS1981,1815.8172593987458,DS2712,2343.7894452815563
892a3392cdbffff,Weymouth,2.1639742231708583,15,42.2109650121712,-70.93393152764348,100062,11.302913702188146,True,DS3083,1420.6681747047746,DS3014,2097.750874205214
892a3074eabffff,Revere,2.1637034131692485,139,42.42274797793759,-71.01041246948522,38106,104.37804419370153,True,DS2924,1739.2632091724229,DS95032,1800.330058002311
892a33914c7ffff,Milton,2.158198960876786,32,42.24299042029488,-71.08271089301775,404382,19.585520606438006,True,DS89826,3910.7217526218847,DS1003,4677.796886917391
892a3065387ffff,Newton,2.1539076020709027,2,42.33310571264997,-71.20748409698864,285143,31.394551048414264,True,DS1736,308.1583683331792,DS2146,1397.1445768889707
892a33901bbffff,Braintree,2.143311332169566,35,42.18125483609085,-70.99840832974854,70476,68.5801991781235,True,DS2116,1482.3536785697281,DS2172,1705.0116058314184
892a3029697ffff,Winthrop,2.1347075207773067,14,42.37346053959917,-70.98938227695253,214554,35.338160180429384,True,DS2729,534.8172501336171,DS89660,1981.130872404219
892a3076e4fffff,Lynn,2.1307463853097293,5,42.46416021675008,-70.96512609521423,75588,19.47368157145435,True,DS3535,391.2706008808442,DS2162,729.8279960411551
892a3064aa3ffff,Boston,2.13009710638172,38,42.27223678724953,-71.13158048511389,244283,89.41331010380588,True,DS89682,2663.815393479708,DS1716,2692.0813244704023
892a33914cfffff,Milton,2.1293963141537624,31,42.24274611193946,-71.08720705221734,404369,65.23384571199267,True,DS89826,3719.8653909431846,DS1003,4584.900069090131
892a3067223ffff,Belmont,2.127558111441453,27,42.37952448737097,-71.17189901927856,269247,29.64527217036291,True,DS3374,897.3296860681163,DS90038,1715.9061039207932
892a3390127ffff,Braintree,2.1149403646703964,52,42.17019026686532,-71.00404260719475,70315,36.568015136486785,True,DS89770,1212.685460406079,DS3042,2126.201504043192
892a3392557ffff,Weymouth,2.1133948594668066,42,42.23989753533953,-70.9358423757909,108489,47.18509589200471,True,DS3160,1035.050608653982,DS2605,1849.3504569571166
892a339104bffff,Milton,2.110534936950392,5,42.22260058244994,-71.11432462143725,273756,41.91853797519297,True,DS89797,3101.2111293582125,DS3239,4475.279428790761
892a339a18fffff,Dedham,2.1051475680656777,61,42.221285197756416,-71.15352908562916,219345,62.659219795704104,True,DS2811,3164.2715433762273,DS89663,3543.492667763303
892a3390103ffff,Braintree,2.10495075721766,32,42.180499850787655,-71.00783685161525,70073,53.85930765554503,True,DS89770,2541.632528365829,DS2116,3084.0286098085985
892a339a193ffff,Dedham,2.0757688427941634,77,42.226814814555375,-71.14944590385085,219231,96.2905602377923,True,DS2770,2754.9713579351846,DS89988,3376.802511385793
892a30655cfffff,Newton,2.074349536617337,32,42.35445067748887,-71.17767562536523,308995,41.497372474888714,True,DS89742,1224.156493456197,DS1570,1907.464514381623
892a3065247ffff,Newton,2.0692318083853523,97,42.35068376422023,-71.2433734587702,290848,26.93013801285469,True,DS2125,571.2849231277248,DS17594,1801.1919556171017
892a33921d3ffff,Weymouth,2.059457056262874,62,42.22914415708641,-70.94442050694863,108236,19.281185263414518,True,DS3160,2592.453876454309,DS3083,2909.073098343563
892a339b4bbffff,Needham,2.0424523573992497,12,42.27545330886005,-71.22844414051974,181233,63.46321189853972,True,DS1023,1037.975739408597,DS100070,1099.5365791164538
892a3029417ffff,Winthrop,2.0302278721971785,2,42.368629375,-70.968101375,215237,54.72370003717079,True,DS2729,2289.168658262791,DS89660,3879.941764481028
892a30675d3ffff,Medford,2.0290424742818445,5,42.39991376147902,-71.10964272808117,322251,5.231514978078813,True,DS3299,663.3416443857252,DS3560,1469.111889054969
892a3074a87ffff,Revere,2.0236219314930963,69,42.40871737017961,-71.02168410942878,19355,56.1733271381409,True,DS95032,1259.5354967600479,DS1377,1261.4354207063113
892a339b607ffff,Needham,1.9887303089205872,4,42.27218474782521,-71.26518990493989,63443,57.190732926615865,True,DS100070,2771.119491495501,DS1023,2846.7827627171937
892a3067553ffff,Cambridge,1.9768425678910555,2,42.39282510289209,-71.12055203375209,282158,26.379456579029736,True,DS3560,425.1449528218387,DS24854,625.6413975168085
892a3029a4bffff,Quincy,1.9734280993250808,39,42.29593351958742,-71.01833984214772,174506,59.07230102116891,True,DS2932,1277.0708152876994,DS100309,3093.134957488352
892a339b40fffff,Needham,1.9661242061960191,17,42.2712927192848,-71.23826927059461,166676,62.68050746992866,True,DS100070,1001.8994797958012,DS1023,1096.2091194875754
892a3392033ffff,Weymouth,1.950752111236,126,42.23202840775231,-70.95520544764288,48304,55.44403081003458,True,DS3025,3846.2015814102424,DS3160,4446.977615439413
892a3393073ffff,Milton,1.9358563241900029,131,42.25390060064499,-71.04296652238965,15540,52.5841680801625,True,DS1967,916.1419606458852,DS2163,2028.3743777758057
892a3064a47ffff,Boston,1.927289373453798,13,42.27499794096611,-71.15053145503904,225685,34.06833270693283,True,DS3163,1502.6083856835198,DS89682,1591.3254071505053
892a3065253ffff,Newton,1.926501118780949,43,42.35475426660159,-71.24263995395744,291129,31.66888910848094,True,DS2125,966.3936726415287,DS17594,1944.1513242188016
892a3067693ffff,Arlington,1.9108259950603288,8,42.41519699583146,-71.14486777000475,292762,111.59294514514283,True,DS1370,1248.1232466253166,DS89739,1585.6321524089892
892a306559bffff,Boston,1.8994200468969096,1,42.356510950349765,-71.16593862025172,324558,38.46303632654155,True,DS2816,1530.4604636042566,DS89690,1740.780385734697
892a30642dbffff,Boston,1.896418607646693,39,42.34184424622054,-71.16084912890196,327263,83.87529315042548,True,DS2816,1179.3569109535724,DS3391,1342.0402267041009
892a339141bffff,Milton,1.892649877846856,16,42.24051868054295,-71.08556990800913,404361,50.56436516442419,True,DS89826,3974.0205371429656,DS1003,4741.095671438472
892a302d21bffff,Weymouth,1.8922181752931984,64,42.22089912209006,-70.91649829017801,107634,49.41787350280726,True,DS3083,1177.104724124405,DS2300,3967.495833439639
892a30651dbffff,Newton,1.8854329912089387,1,42.342696812412605,-71.19236375395623,331806,32.96753375335909,True,DS2146,1386.8841132799319,DS90289,1576.8838911940811
892a33920c7ffff,Weymouth,1.8854003811842448,100,42.24233029956476,-70.95921852350209,47967,13.69131607976315,True,DS3160,2199.425168426281,DS2805,2736.7882102292365
892a3067127ffff,Boston,1.8800422299254105,8,42.35819712222296,-71.12172908810453,362123,112.96169875388387,True,DS89830,1269.587608695249,DS90185,1590.1303133739293
892a3393047ffff,Milton,1.8684464211371088,200,42.25611915895983,-71.04490831930597,14850,43.78865207180424,True,DS1967,691.8832418591114,DS2163,1804.6808959307527
892a307630fffff,Lynn,1.8630952940927616,2,42.47852811116648,-70.97074950501411,53008,5.314445585754662,True,DS2328,1340.22139448764,DS89936,1548.7670539469943
892a3064063ffff,Brookline,1.8610453652521737,1,42.326189882048105,-71.13377412856853,342444,28.3582134516927,True,DS3044,1536.9754227405501,DS2760,1831.7102476282419
892a3064497ffff,Cambridge,1.8606972763107676,9,42.355965288186766,-71.09757935290651,379244,47.62816620160915,True,DS90407,1467.7338503573399,DS3060,1631.2787472004122
892a306532fffff,Newton,1.858839402121795,25,42.32006518857586,-71.22066466251535,176141,13.378687287470196,True,DS3522,902.0130338518449,DS90339,1894.6860457815462
892a33914c3ffff,Milton,1.857856345580919,33,42.24537629226096,-71.08475783701081,407274,27.61395651671705,True,DS89826,3271.2916843694748,DS1003,4038.3668186649816
892a33921b7ffff,Weymouth,1.850666815268709,3,42.21716011279516,-70.93010277915371,99776,37.80522836822444,True,DS3083,1068.9656396903665,DS3014,2976.6240084165656
892a33921a3ffff,Weymouth,1.8462722072002105,3,42.21754246388505,-70.93326421696013,99752,13.656665865725923,True,DS3083,1175.3594128518378,DS3014,2624.856539473152
892a306738fffff,Watertown,1.833649077964715,1,42.37209835,-71.15189045000001,320014,18.534723867270245,True,DS2481,669.6290024007208,DS90038,885.7349116499188
892a3064a1bffff,Boston,1.8332548836873763,160,42.27767349093275,-71.14613589448606,236852,75.64147594473486,True,DS89682,918.2989576322557,DS3207,1479.6534584572091
892a3065dc7ffff,Boston,1.823892192525938,1,42.30007584974187,-71.16023650468097,230222,11.60080478553595,True,DS1981,692.8341076661609,DS3207,2425.7791488318194
892a339a46fffff,Dedham,1.8202287159453263,33,42.24877882809725,-71.1694333591877,196101,3.2022351931481445,True,DS2667,360.2830127364298,DS89988,818.9248468129373
892a3060d7bffff,Belmont,1.8133033813906096,1,42.40426576200101,-71.19727838309952,263804,45.17935285192093,True,DS3194,2125.0084671496124,DS100291,2161.359082011672
892a30655c7ffff,Boston,1.8115712155536825,6,42.35396003136507,-71.17243585895513,308975,35.1297105149974,True,DS89742,1662.162992730435,DS2816,1672.9678891776377
892a3075bd3ffff,Medford,1.8039659490369395,5,42.41686085101785,-71.09608726476775,312643,64.1240207050972,True,DS90148,1293.3978187191508,DS90258,1293.3978187191508
892a306404bffff,Brookline,1.801287216577693,5,42.335449599846655,-71.14250146929152,338688,31.663584730253262,True,DS3391,723.3077074525773,DS100169,812.9629176018627
892a339201bffff,Weymouth,1.797138480886037,76,42.24090886598908,-70.96125374605606,48042,91.17216932517273,True,DS3160,2445.7526968792395,DS2805,2814.0835048529316
892a306521bffff,Newton,1.7901537580747648,79,42.35306338987572,-71.23701592167512,291207,43.31923718881076,True,DS2125,1225.1959521899798,DS17594,1280.9428917173934
892a30749a7ffff,Winthrop,1.7898575562517274,6,42.380973530433245,-70.97336125639114,36459,34.262891997874945,True,DS2729,1603.6066687895977,DS89660,2416.6608374678344
892a306ed37ffff,Needham,1.789190709967337,14,42.304597378386894,-71.22845206141685,175744,22.471541337537193,True,DS2720,1666.4171446389596,DS90339,2851.439043348136
892a33914dbffff,Milton,1.7833186650943742,24,42.24799744081431,-71.0869071748915,407280,31.872034316293536,True,DS89826,2819.129903613624,DS1003,3586.2050379091306
892a3065a8bffff,Needham,1.7539558811016336,5,42.299299640661886,-71.21620279309208,177774,38.23842016223468,True,DS90339,2213.000131894877,DS2720,2437.1131379036988
892a339a52bffff,Dedham,1.750243311654445,68,42.22911130278973,-71.14707981291141,219205,46.72778972599564,True,DS2770,2882.0288491535443,DS89797,3342.3896441686775
892a33935bbffff,Quincy,1.7444008912408098,1,42.25454612709261,-70.99667969644568,39201,9.71781599696196,True,DS3084,390.05341477720316,DS2951,896.2701686620512
892a3062bafffff,Arlington,1.735325017533914,3,42.421175450265935,-71.16252973956564,254599,32.66456871740062,True,DS89739,1038.7824469730137,DS1370,2013.3134605275077
892a306548bffff,Watertown,1.7306639236585768,67,42.37481421660817,-71.18435274910439,314881,10.896712207850177,True,DS89981,979.9425550761468,DS3374,1184.1495321308828
892a3065683ffff,Waltham,1.725584616409591,1,42.37536486864388,-71.21135528980423,302872,23.01622773018609,True,DS2849,259.9864895684358,DS2494,1338.9453005847204
892a33931cbffff,Quincy,1.7162710024199497,13,42.24616001843737,-71.02580673165814,16929,5.422565322971141,True,DS2163,1113.9472087125305,DS90190,2082.678687016109
892a33914d3ffff,Milton,1.715161196933538,19,42.24821142725531,-71.08276809206355,407255,10.875023168252477,True,DS89826,3102.410643177422,DS1003,3575.294575262815
892a3066967ffff,Boston,1.708673299049441,53,42.28659519210533,-71.04135555663768,173874,30.84832812686792,True,DS89736,332.0176452609828,DS2936,958.823933584186
892a3060807ffff,Waltham,1.7040763599718969,3,42.40417685532859,-71.21642586591561,226624,11.09036375142809,True,DS3385,1866.2090997580506,DS3271,2284.4587210364148
892a307606fffff,Lynn,1.7003998367859627,59,42.49294627469309,-70.96489201954796,61650,22.146399873326853,True,DS2328,1263.1849990999972,DS89936,2512.875459847575
892a306486bffff,Boston,1.6975172594976569,23,42.26923980625904,-71.127374192341,244069,20.945327253222235,True,DS89682,1758.3515444379163,DS1716,1895.4593028111135
892a339a447ffff,Dedham,1.6915806993114713,8,42.255947041387394,-71.16800235384954,193829,40.89264893796613,True,DS2667,1298.755479962246,DS89988,1679.687153879661
892a3067393ffff,Cambridge,1.672840472680388,2,42.37683527939896,-71.1444566340552,355765,26.742378345948246,True,DS2481,742.6322405899779,DS90038,1519.2099140454093
892a30609abffff,Watertown,1.6725766848079129,56,42.38436003203358,-71.19532749728799,264761,20.35792756091925,True,DS3194,808.1040172293963,DS3374,1495.7380803798203
892a3029a4fffff,Quincy,1.6725351523847962,29,42.29471501202775,-71.0169644460931,174505,19.382275483920015,True,DS2932,1460.6750653877414,DS100309,3276.739207588394
892a3391427ffff,Milton,1.670691552441386,27,42.226600221517856,-71.07819944848093,404262,62.02393057187761,True,DS89864,4213.928009410078,DS100292,4880.542887986019
892a3060b6fffff,Waltham,1.6693139862597,1,42.3785661,-71.24633480000001,216823,25.772082710739106,True,DS90428,413.7776400635034,DS3578,469.93959097121444
892a3074933ffff,Winthrop,1.6615031568999354,4,42.38274862017545,-70.98295023550494,36221,72.29990042151158,True,DS2729,1202.9840193478406,DS89660,1888.8398265206827
892a30659cfffff,Boston,1.6614893566513715,7,42.27945797233834,-71.17830207192773,189652,35.5382015903431,True,DS3163,1871.7696624804075,DS3207,2788.0028753214037
892a3074323ffff,Malden,1.6497996814385278,13,42.43629919056522,-71.0296446871404,9548,46.186785596569955,True,DS89753,838.418790324221,DS2924,1496.5867440634734
892a339017bffff,Braintree,1.6494062468790605,64,42.178452751790445,-71.01695627365886,70130,6.407693931256683,True,DS89770,2244.147756607979,DS90182,3098.1394482731303
892a3065463ffff,Newton,1.6473292464048153,44,42.36362040599369,-71.19855658221663,310499,57.77826101316147,True,DS3530,478.93194528331645,DS1537,711.8592367353383
892a3067487ffff,Medford,1.6278435554373023,114,42.40940901782543,-71.11306767013072,316881,67.3481508961055,True,DS1530,1478.6759599712602,DS3299,1832.2113141502416
892a3065ac7ffff,Needham,1.62591447114258,6,42.29935727657206,-71.2199458288932,177872,13.211085241640648,True,DS90339,2267.292628373927,DS2720,2536.4994168489347
892a3391413ffff,Milton,1.6170143921576745,14,42.240496291805485,-71.08003082637609,404396,40.41291850215228,True,DS89826,4029.45418000988,DS1003,4796.529314305385
892a306e5d7ffff,Waltham,1.5960819310374643,1,42.37705577751632,-71.24593275289276,296462,25.116363678096775,True,DS3578,252.15332650355862,DS90428,334.50572793967035
892a3064e37ffff,Boston,1.5867202154772522,2,42.28506399681294,-71.11917802006053,254936,12.827280197654167,True,DS2973,77.73156530483648,DS90243,982.857765013096
892a339254fffff,Weymouth,1.5854810491819222,31,42.23696237755316,-70.94224183941826,108478,123.82033876661289,True,DS3160,1891.920763023857,DS2605,2794.67810472471
892a306092fffff,Watertown,1.5775279051530495,14,42.37628024432083,-71.2035195406856,302977,42.22727495224112,True,DS2849,840.949189182222,DS89981,1738.4736848356006
892a3064ec3ffff,Boston,1.5713849950752032,42,42.30264330048988,-71.1304519435004,238776,7.42177983347432,True,DS1966,2132.7626922876652,DS3335,2479.8993813391494
892a30643cbffff,Brookline,1.571091382455875,1,42.321097877007794,-71.14979901329725,231279,73.00838781985729,True,DS2712,1455.9885031175502,DS90323,1625.7374956421418
892a3064bd3ffff,Boston,1.5709136814161633,21,42.2679918285824,-71.12837466183244,244062,61.86320856890127,True,DS1716,1787.121710240494,DS89682,2054.935297174411
892a339231bffff,Braintree,1.5566387907045562,16,42.221740109205584,-70.97826530853692,49032,76.84403851330511,True,DS89903,2621.8027221949214,DS2805,2707.327958314548
892a3076067ffff,Lynn,1.5519108171032268,21,42.49305229475933,-70.95796711811502,61616,42.4861557996189,True,DS2328,871.9118957984465,DS89936,2121.6023565460237
892a3393473ffff,Quincy,1.5479125047354,1,42.27394821588253,-71.02715245532424,175221,17.920935345903338,True,DS2669,449.8421308631219,DS100309,562.354069068877
892a3074bc3ffff,Chelsea,1.5337728472254366,3,42.396207440130695,-71.02147261457107,19762,26.823382257076553,True,DS2701,909.9636120204855,DS3586,1045.4484250152673
892a30609a7ffff,Watertown,1.5295820828898243,40,42.38169315825455,-71.1905979369949,265539,18.729997180537076,True,DS3194,891.4051424386148,DS3374,1115.483872314453
892a33934d3ffff,Quincy,1.5220252157511056,25,42.2847568362177,-71.02103888188728,174244,60.48058030039118,True,DS2932,483.6876877273296,DS100309,1909.6630641848255
892a3390e93ffff,Braintree,1.4926936779235902,25,42.17045088884148,-71.01090431843309,70272,87.29864752033247,True,DS89770,1784.566430695137,DS3042,2698.0824743322514
892a30745d3ffff,Lynn,1.4907812535660767,28,42.47401176020286,-70.98553449620366,53075,17.929654819919666,True,DS2162,2620.9580005543194,DS2686,2730.2416478051864
892a306683bffff,Boston,1.4901463941738198,27,42.30848071984371,-71.05001316435309,179920,18.03119634637581,True,DS90187,790.817021122188,DS2844,1422.278121731942
892a306767bffff,Belmont,1.4841205526543069,7,42.40467554159735,-71.1657855747555,258787,53.70490808406558,True,DS90389,1219.5596570821901,DS100291,1495.9258768448847
892a3065c37ffff,Newton,1.482245387828438,15,42.30369074692448,-71.16630609430621,230452,48.46718866082655,True,DS1981,2304.8169056183115,DS2712,2468.6357897288995
892a3060adbffff,Waltham,1.472624311333443,22,42.41704387895996,-71.25212760643005,228068,27.398207717010397,True,DS3385,2220.7519017628983,DS3271,2898.702800133549
892a3065e9bffff,Newton,1.4702458066200277,2,42.31939462657581,-71.19920587853434,183917,47.131083365759324,True,DS3522,1142.9960868530584,DS90339,1411.1617938838228
892a30670d7ffff,Cambridge,1.4647250838442083,2,42.39628720292996,-71.13662457751394,283680,42.35349341190209,True,DS2535,832.7062466780895,DS2822,1134.190968599461
892a33901abffff,Braintree,1.4598193755808555,17,42.17803824422421,-70.99990653483076,70047,38.79899491094599,True,DS2116,2291.2740146879664,DS89770,2297.81990948068
892a339148bffff,Milton,1.4591058656427216,16,42.24270208368169,-71.07906946633958,404393,140.06331626218622,True,DS89826,4013.0743113609624,DS1003,4780.149445656468
892a30652cbffff,Newton,1.4584226899563884,22,42.35752783378498,-71.24094442172903,291083,35.764461303877354,True,DS2125,1483.6252214799154,DS17594,1718.577402747308
892a3060dd3ffff,Arlington,1.4553690760371534,1,42.416390217207685,-71.18657910222039,260206,122.43004733001369,True,DS2798,1638.8149052876897,DS90389,2420.928222567182
892a3065667ffff,Newton,1.4536516517233071,25,42.36076328493687,-71.22736592546686,291796,41.35325120678614,True,DS17594,1510.112555826154,DS90089,2249.475173403942
892a339300bffff,Milton,1.4518368171851188,89,42.25579910813441,-71.04139050020117,15531,46.19153520979941,True,DS1967,625.6884487296306,DS2163,1733.9031800608836
892a306592fffff,Dedham,1.4509511832188746,12,42.2646270392116,-71.17619758836611,194013,48.54587568975922,True,DS3163,2124.3222753507976,DS2667,2373.9936231023958
892a302d20fffff,Weymouth,1.4461327978886545,46,42.216154510655606,-70.91686642224549,100374,44.798849496296945,True,DS3083,728.4581482673593,DS3014,3843.9806331284053
892a3066877ffff,Boston,1.4413835106772803,4,42.30685526062952,-71.05357117317408,179902,32.17884813286331,True,DS90187,1049.6784874076407,DS2844,1782.5416751760265
892a3065333ffff,Newton,1.436035578491175,8,42.32472413795949,-71.21518272004579,176914,14.679395553066348,True,DS3522,914.6582077289282,DS1736,1241.3974593649734
892a3065197ffff,Newton,1.431076064405267,2,42.33732764218824,-71.17634266847762,332464,67.25576943429286,True,DS90289,2086.956649593301,DS2146,2133.1247132298104
892a3065a17ffff,Needham,1.4249782461236324,1,42.29475169301848,-71.21509263471522,177717,16.371113151633544,True,DS2720,2227.194082698451,DS90339,2858.794599210852
892a306526fffff,Newton,1.4236855482864006,5,42.34173489043009,-71.24534589542233,290345,50.7961425857324,True,DS2125,925.4149590661949,DS17594,2145.1701445225885
892a3392877ffff,Weymouth,1.4206805102955102,7,42.174601730449226,-70.94895668199702,56775,39.32514041970474,True,DS3475,748.6100662148506,DS89637,2859.2644075236863
892a3392ba3ffff,Weymouth,1.4200988770283052,4,42.15854915922665,-70.95213114516304,78165,14.527238842002284,True,DS89637,1194.3279331084884,DS3475,1733.3445010966188
892a3062b27ffff,Arlington,1.4165258559467422,1,42.41637560420028,-71.1671094939677,258139,24.235638319221113,True,DS89739,670.2786869132765,DS1370,2156.341077536326
892a306593bffff,Dedham,1.4084249173269463,9,42.27004987466152,-71.17475088606497,194191,0.4987008931928394,True,DS3163,1457.8190197960892,DS3207,2374.052232637087
892a33900cfffff,Braintree,1.401830706027544,5,42.20462632556173,-71.02669366606086,26048,42.804788187960874,True,DS89991,2321.0154414029857,DS90182,2813.5093254015615
892a3067263ffff,Belmont,1.3949969630143249,22,42.38264879130771,-71.18041222453574,265995,9.096455405418062,True,DS3374,68.55635325082582,DS3194,1170.1526892009415
892a3074947ffff,Boston,1.3919256870054242,20,42.38885416032777,-70.99656448715352,27745,50.70867570430457,True,DS89660,1524.1045728702281,DS89834,1878.2527372821794
892a3392c13ffff,Weymouth,1.385231306561899,22,42.20266063806708,-70.92607551865757,99108,19.219378916077076,True,DS3083,1807.7082113248362,DS3524,2131.827605654748
892a339140bffff,Milton,1.383930907753533,17,42.23774508843174,-71.08748482982814,404335,31.893015929094478,True,DS89826,4437.004840509023,DS1003,5204.079974804529
892a339a4cbffff,Boston,1.383662026277006,165,42.26414739029569,-71.16549611120317,229306,101.25093433776559,True,DS3163,2096.55309480657,DS3207,2862.6047111563057
892a3062b67ffff,Arlington,1.381502184784993,2,42.41705174697459,-71.17856730347336,259266,36.74815602422574,True,DS2798,1388.6848832236299,DS89739,1921.43138766723
892a30609a3ffff,Watertown,1.3799874088056114,44,42.38432229472493,-71.1931819646745,264737,8.039343193618269,True,DS3194,660.7390327768003,DS3374,1225.7352332878957
892a339256fffff,Weymouth,1.3736823035948686,30,42.22936188673575,-70.93935093555916,108310,54.74001874065006,True,DS3083,2591.9136274174066,DS3160,2817.9562005134994
892a3029a73ffff,Quincy,1.364289789359448,20,42.29147323078458,-71.01261668807828,174608,37.84016358571808,True,DS2932,2329.1126447783267,DS100309,4145.176786978979
892a30763d7ffff,Lynn,1.3637268575753043,61,42.4902397952265,-70.96595042425398,61279,36.56391480913416,True,DS2328,1093.7217958737767,DS89936,2343.4122566213546
892a3074883ffff,Revere,1.3631919102381314,1,42.41156127636808,-70.9947136201675,29171,19.433851103131794,True,DS89919,716.699349305448,DS95032,1858.3915916272979
892a306492bffff,Milton,1.360197956106401,94,42.24826611926497,-71.10039222847217,272702,38.286912616216824,True,DS89826,2866.3799217269616,DS3239,3213.14584526452
892a33914d7ffff,Milton,1.3573176826387665,18,42.24525890725296,-71.0805524133022,407249,38.393321538447424,True,DS89826,3489.7933371594063,DS1003,3962.6772692447994
892a33914a3ffff,Milton,1.3520692078967884,17,42.234033941968136,-71.07182437184285,404141,79.76421470107887,True,DS100292,4296.75539194288,DS89864,4624.99946871975
892a3390147ffff,Braintree,1.3487061534953533,27,42.18018667381831,-71.0151806722208,70122,31.178392436739628,True,DS89770,2325.231221611645,DS90182,2779.1243999084945
892a30654c3ffff,Watertown,1.3437131566034894,171,42.37680896578294,-71.19006628705708,314519,29.699648117536732,True,DS89981,922.7956285379902,DS3374,1448.2184070132632
892a3067267ffff,Belmont,1.341833664052005,5,42.38038842806348,-71.1795139057107,266224,13.623492351704183,True,DS3374,425.97734966065724,DS3194,1525.6219800757165
892a339b617ffff,Needham,1.339664570751005,1,42.27442268977869,-71.26287846736099,63448,39.782478286445325,True,DS100070,2484.7563300002457,DS1023,2560.4196012219386
892a3064247ffff,Newton,1.3312643772187829,11,42.33140984652805,-71.166553565032,336795,24.081366578625456,True,DS2712,997.456802561991,DS90323,1321.526098731938
892a3067233ffff,Belmont,1.3276963022080988,20,42.38324820436777,-71.1671935490632,271226,25.953270335446383,True,DS3374,1386.7792070386274,DS90038,1844.0161359872907
892a339a46bffff,Dedham,1.325722373065902,3,42.25062981255482,-71.17092047848719,196002,8.496163779112765,True,DS2667,612.1084208594758,DS89988,1034.671943021522
892a30652cfffff,Newton,1.3249940681874508,60,42.35546338485077,-71.23923256704883,291138,62.64987575062625,True,DS2125,1335.0370518078419,DS17594,1622.6808255923324
892a30649afffff,Milton,1.3219927587742548,14,42.25066972842136,-71.08917869754399,273015,49.22426876190387,True,DS89826,2474.3576718989852,DS1003,3712.3551289610173
892a306523bffff,Newton,1.3148667233487072,2,42.34496836818401,-71.23382932044888,290081,30.598276450501817,True,DS17594,1024.6478188534375,DS2125,1515.7003771636207
892a339000bffff,Braintree,1.3133549061282253,36,42.2000890433864,-71.0263207616502,402288,10.106514435023632,True,DS90182,2188.1348299997867,DS89991,2559.36935876303
892a33934cbffff,Quincy,1.3072676207240277,6,42.28410135564464,-71.02628830307974,174219,44.40519622957565,True,DS2932,607.8205303713041,DS100309,1720.1477798282442
892a30643afffff,Boston,1.3072027689539132,21,42.3080953175306,-71.13420994303223,238462,67.59564130915491,True,DS1966,2355.477753602727,DS2711,2870.5165623612165
892a306514bffff,Newton,1.3056330592208096,1,42.33396555,-71.2028741,285254,118.83204141082521,True,DS1736,916.8123657863524,DS2146,1133.6685382314486
892a306720bffff,Belmont,1.3023207772467662,1,42.3877369088975,-71.17454653716305,269613,28.335924922189474,True,DS100291,1146.3628489665155,DS3374,1181.302481786347
892a3074a3bffff,Chelsea,1.301768942944341,3,42.4015143185811,-71.03130431437201,11694,4.328683370089525,True,DS3586,915.7807062685924,DS2701,1224.3005397632355
892a339216fffff,Weymouth,1.2999926935482122,1,42.21041535,-70.95743845000001,55532,41.30791167437521,True,DS3025,630.7818595241719,DS3014,2000.9950005300532
892a3074e57ffff,Revere,1.2951204737562634,1,42.428253911389454,-71.02097401918725,8501,79.62465300112021,True,DS2924,518.8465635816597,DS90279,1843.3040876564153
892a3060d8fffff,Belmont,1.292390666012776,1,42.40987686668808,-71.17934454899273,259169,16.117742641170132,True,DS90389,1678.4360519749232,DS100291,1942.3440054006467
892a306edbbffff,Newton,1.291111244764105,4,42.31267700323128,-71.22474550695622,176281,4.231615517132965,True,DS90339,1436.8202216761233,DS3522,1483.1526516067154
892a306e58bffff,Waltham,1.2900196702992868,36,42.37319143614288,-71.24453245104183,296752,26.603700928283452,True,DS2821,403.6109298378539,DS3578,528.4728617371966
892a3074553ffff,Lynn,1.2863959178464344,21,42.468630743764194,-70.99188876702952,53310,11.654315397704403,True,DS2162,2797.640390219736,DS3535,3190.1416455483136
892a3060d17ffff,Belmont,1.2859050563751933,2,42.406831475,-71.182237375,263992,34.7699203236027,True,DS90389,1439.9119180406765,DS100291,1703.8198714664004
892a33936a7ffff,Quincy,1.279664185539506,1,42.26927597011239,-71.03773297634031,15231,34.955720575037375,True,DS100309,952.4930448034761,DS2669,1297.4820753395954
892a3065ac3ffff,Needham,1.2784405957026,3,42.30112080104279,-71.22158170489361,176414,17.598632361039982,True,DS90339,1931.8443225834112,DS2720,2201.051111058419
892a33901afffff,Braintree,1.2779191079756342,28,42.1759517437282,-70.9998471374421,70435,35.861374683839706,True,DS2116,2070.1817858144796,DS89770,2076.727680607193
892a306ec23ffff,Newton,1.2707948097144703,22,42.32318164033972,-71.24704052925402,170630,46.53354893889722,True,DS89808,1543.2236899699308,DS3522,3501.737930441881
892a3076333ffff,Lynn,1.2697096580731242,3,42.4755798476367,-70.96491748224729,67848,73.67318968737347,True,DS89936,927.6327084772302,DS2686,1069.0494167156326
892a3064863ffff,Boston,1.2664348285024138,19,42.26986824134455,-71.11978017219421,250998,52.65932810181506,True,DS1716,429.90256730165055,DS2973,1774.1801389972265
892a3064377ffff,Brookline,1.2657202029188912,1,42.307255776032655,-71.14901008295993,231428,18.007993035492586,True,DS1981,1853.1886961261162,DS2712,2892.1961934750793
892a30651bbffff,Newton,1.2630395776019467,1,42.33266634429701,-71.18017851305105,332796,30.72904909250561,True,DS90289,1253.6223358821578,DS2146,1309.4614390604684
892a3390e9bffff,Braintree,1.2569090272642058,3,42.17110988325857,-71.01451610693302,70253,12.475589294849163,True,DS89770,1887.6028781772773,DS3042,2801.118921814392
892a3392e4fffff,Braintree,1.2411056886653342,7,42.19958839598428,-70.97382025370617,69185,13.747006140349992,True,DS2172,2703.6053726244295,DS2116,2711.53383183829
892a339042fffff,Braintree,1.2410316069645129,30,42.208000374206286,-71.00615564037079,26597,16.18114806578824,True,DS90182,852.8522701645692,DS89991,2468.7803759180256
892a3065c2fffff,Newton,1.240659683086219,59,42.301772906736645,-71.17415676242996,188640,49.442334769761345,True,DS1981,2591.771929478849,DS90323,3155.254549250139
892a33905a7ffff,Braintree,1.2375027615545662,7,42.19452216454589,-70.97899617459863,69202,16.227189326769917,True,DS2172,1296.722513784116,DS2116,1304.6509729979773
892a339a18bffff,Dedham,1.2289997252734586,28,42.22353288916487,-71.15486041893521,219323,10.241906427741757,True,DS2811,3005.869109822898,DS2770,3317.2518950930857
892a3060cbbffff,Arlington,1.2278311386004526,19,42.42426777034783,-71.19267501898686,260516,15.283202715221924,True,DS2798,469.3229983257201,DS89739,2937.935741187039
892a3076307ffff,Lynn,1.2265930747858194,1,42.479915240797965,-70.96753905536288,53027,61.68972991044057,True,DS89936,1042.7285351321432,DS2328,1136.9049881794597
892a3075a67ffff,Medford,1.2250513173939594,3,42.41726522319747,-71.11827867632515,288809,37.38343339905307,True,DS1530,730.7765581241977,DS90146,1706.4406549240005
892a3075a8bffff,Medford,1.2184740261890668,1,42.430148684212746,-71.10706500884841,305999,39.42606510688328,True,DS1530,1486.9108724428634,DS90148,2083.405591147171
892a3392c0fffff,Weymouth,1.2162022735420843,18,42.19824159015733,-70.93143538848138,98585,27.674570501841448,True,DS3014,1310.8142808192697,DS3524,1794.8379221772004
892a3390013ffff,Braintree,1.2061855698667856,27,42.20218574313565,-71.02026075293594,26074,30.139341704779483,True,DS90182,1861.0569398553614,DS89991,2268.291019286066
892a30761afffff,Lynn,1.2013787738592057,29,42.47586812785207,-70.93041698072719,63128,122.96518541757756,True,DS100557,763.8618196853857,DS2239,881.0133902184491
892a3393037ffff,Quincy,1.1979437686709424,17,42.24896342976584,-71.02817692416274,16987,68.83892198595682,True,DS2163,1098.3590547122699,DS1967,1988.8683550733915
892a306536bffff,Newton,1.1924956604103545,46,42.32543656702756,-71.23339488630623,284371,74.56907441307266,True,DS3522,2251.6103710050884,DS1736,2397.6492574087433
892a307592fffff,Everett,1.1922147074566152,1,42.39722180476015,-71.06384878397755,393313,17.69548841069778,True,DS3211,1087.5617775585497,DS90018,1202.5377759767725
892a339a1bbffff,Dedham,1.1885815139387703,42,42.21901986291083,-71.15232471728704,219349,93.77950476351859,True,DS2811,3217.211391640657,DS89663,3596.4325160277326
892a306511bffff,Newton,1.185397322117176,3,42.33467242128149,-71.19107074655894,332986,37.06654568714758,True,DS2146,666.3880267512496,DS90289,734.4666809374784
892a33932dbffff,Milton,1.175373988277272,67,42.26718411634321,-71.07098133087122,407615,81.38540491442944,True,DS1003,1052.317711912907,DS89826,2596.856324948379
892a339324bffff,Milton,1.1676344133077612,74,42.25942878733167,-71.08205926718331,407402,63.78553158437659,True,DS89826,2013.7915616942541,DS1003,2235.111316747482
892a3065967ffff,Dedham,1.1560499495176415,33,42.2668998154096,-71.17948839504149,194277,67.37423435604617,True,DS3163,2260.1436241474944,DS2667,2646.8191485217935
892a306098fffff,Waltham,1.155901543726711,1,42.391126,-71.19850789999998,264551,26.251549286920525,True,DS3194,722.7224465793427,DS3374,1759.273358955306
892a302968bffff,Winthrop,1.1534606775614338,23,42.37442976135561,-70.99604776602125,214512,85.28433617882989,True,DS2729,956.1190108910525,DS89660,2084.0680816256545
892a3065263ffff,Newton,1.1481377431516506,2,42.344722950000005,-71.244571275,290317,31.574337309889213,True,DS2125,503.88610711905153,DS17594,1939.40375206406
892a3390137ffff,Braintree,1.129648183263059,12,42.173590275345,-71.00120229093464,70352,40.72111395637902,True,DS89770,1946.829276876277,DS2116,2398.996027848834
892a3065357ffff,Newton,1.1292993392818012,4,42.33257107880864,-71.22717610487169,284106,51.60033303264531,True,DS1736,1902.8023646124238,DS17594,2231.1995235534596
892a339a56bffff,Dedham,1.1256980412304385,36,42.23245022432183,-71.15687086639105,224558,88.13232927915553,True,DS2770,2329.005223447557,DS89988,2431.6604972617824
892a307488bffff,Revere,1.123919640080193,2,42.41194448058435,-70.99734860698157,29104,81.95553732244356,True,DS89919,895.1799180909869,DS95032,1688.8638160903026
892a3392037ffff,Weymouth,1.1155780144005876,62,42.229309880876365,-70.95363892775133,48324,73.42085144386782,True,DS3025,3526.7733301478734,DS3160,3926.274680868576
892a30668bbffff,Boston,1.1141915358884378,1,42.31276515896205,-71.04035096224804,180495,33.345094629395824,True,DS89760,1334.7632770078815,DS3338,1439.4528290797953
892a3391483ffff,Milton,1.112433330857276,16,42.242622064284646,-71.07414101434011,407088,11.039109920676703,True,DS89826,3824.5159659854908,DS1003,3944.268628289699
892a3067667ffff,Belmont,1.10772117214421,1,42.39928656394573,-71.16281406871254,270617,32.35838489864458,True,DS90389,1153.1297278123534,DS100291,1302.904964274185
892a3074abbffff,Revere,1.1067791253518229,42,42.40771767020856,-71.02292864120349,19336,53.28635806983065,True,DS95032,1375.222882391547,DS1377,1377.1228063378107
892a3391297ffff,Milton,1.1037054240210722,2,42.223162597334095,-71.11550569504524,273760,12.800919808998618,True,DS89797,2963.4155826357196,DS3239,4337.483882068268
892a30650d3ffff,Newton,1.1008338385327816,7,42.36014745396901,-71.20185865440031,304033,14.483898182293597,True,DS1537,755.3316336172478,DS3530,1043.8616320701642
892a3392573ffff,Weymouth,1.096665071381722,88,42.234902750206274,-70.9354826949805,108402,51.86338993784792,True,DS3160,1713.1454201128622,DS2605,2592.8834236003026
892a30642b3ffff,Brookline,1.0886375541085291,1,42.33128150765813,-71.14272118020415,338535,44.065248633323996,True,DS3391,1113.2905915320732,DS100169,1498.5325436365233
892a33932cfffff,Milton,1.0873188692870066,53,42.26150264783659,-71.07163492264921,407643,106.4332053320774,True,DS1003,1715.736356242073,DS89826,2703.803393993181
892a306552bffff,Newton,1.0862649466787164,1,42.34196775,-71.17581320000001,332324,28.795092160056885,True,DS2146,2383.6795087763567,DS90289,2405.111742252082
892a30763dbffff,Lynn,1.078808562121902,19,42.49258114299681,-70.97150754554755,61017,29.592808601493886,True,DS2328,1432.8905457158853,DS89936,2578.5032666873726
892a339a41bffff,Dedham,1.0761955031492103,23,42.25793072934568,-71.16276110272308,229209,46.76353081932636,True,DS2667,1699.9268436849943,DS2770,1733.4377280098247
892a3065ca3ffff,Brookline,1.0715045560458318,3,42.309830330365536,-71.16238066200944,230540,45.82075235910575,True,DS2712,1727.0563393988311,DS90323,1896.0796542423332
892a302955bffff,Winthrop,1.069722906991974,17,42.35688733573995,-70.96967791345472,215401,11.863775614656262,True,DS2729,3567.7186704105043,DS89660,5158.491776628742
892a3392373ffff,Braintree,1.066216479469537,73,42.215948983448726,-70.98205206539285,29916,37.927400343396066,True,DS89903,2822.9782091568645,DS90182,3040.0144652338513
892a302d247ffff,Weymouth,1.0642838749575996,19,42.21845152491202,-70.9208241049217,100343,35.11817976880962,True,DS3083,464.9269330738087,DS3014,3651.4826725262446
892a3065a63ffff,Needham,1.0642330423589683,1,42.28873746308778,-71.2284591864431,175401,42.38669067921923,True,DS2720,940.7184076679949,DS1375,1471.5854501542094
892a3065267ffff,Newton,1.0597489957102073,3,42.34214829850324,-71.24221441889974,290353,43.10005502163889,True,DS2125,997.9624578379992,DS17594,1895.3976939318559
892a3390043ffff,Braintree,1.0575564243156177,2,42.2026315344129,-71.03223592199072,402387,72.11634078967964,True,DS90182,2846.6557243596676,DS89991,3217.890253122911
892a3392363ffff,Braintree,1.0569317765636073,64,42.21324486182967,-70.98440177501503,29906,59.53925295610051,True,DS90182,2724.0687264731077,DS89903,2919.754766505042
892a3390e97ffff,Braintree,1.0569081835666465,17,42.16869367660668,-71.00896336169114,70299,10.119664804716557,True,DS89770,968.8046659537052,DS3042,1882.320709590819
892a306edafffff,Needham,1.055942893559541,26,42.30702739150423,-71.2267014338071,175806,22.649633515352892,True,DS90339,2097.822552345538,DS3522,2419.452797428914
892a3065c23ffff,Newton,1.0503710133862758,49,42.30435483042551,-71.17255626404392,188657,42.92144247970838,True,DS90323,2969.539738674061,DS2712,3034.749500057181
892a339a4b3ffff,Dedham,1.050343298353246,13,42.255680923573394,-71.14768207077631,225349,13.60552263448242,True,DS2770,1574.8564135969814,DS2667,2914.399739786445
892a30672d3ffff,Belmont,1.0490543486537445,2,42.3978673916758,-71.17212798844872,270082,24.981943201163666,True,DS90389,233.44625056659982,DS100291,435.1760196803013
892a3066ba3ffff,Boston,1.0459477020906374,184,42.2910888325826,-71.05488061254114,173200,72.20601069068005,True,DS89962,905.3334706292031,DS100187,1294.7954594203577
892a339059bffff,Braintree,1.041371670500022,60,42.207935554730405,-70.98442730944015,27008,14.714036523283927,True,DS2172,2697.116368136767,DS2116,2705.0448273506277
892a33905d3ffff,Braintree,1.0386794687640797,59,42.21078955099834,-70.99075288805015,27037,31.22870794946658,True,DS90182,2101.8128488690522,DS89903,2756.787803574595
892a3065b4bffff,Needham,1.03821016129975,8,42.27627026014687,-71.2218159950827,181126,36.191245451891355,True,DS90094,748.1971416414315,DS1023,1325.2231632773191
892a30652d7ffff,Newton,1.0356111849464535,15,42.359295985362586,-71.231669633909,291742,29.854990247457977,True,DS17594,1553.1155735218533,DS2125,2140.0774129219326
892a339280fffff,Weymouth,1.0332799789186595,5,42.17776217637136,-70.94611885206588,97588,28.281586020468062,True,DS3475,1225.8609085630872,DS89637,3336.5152498719235
892a3391437ffff,Milton,1.032967731103377,22,42.22930509616928,-71.07592725924448,404176,43.35848394420937,True,DS89864,4314.561151596143,DS100292,4696.604561103476
892a3065a03ffff,Needham,1.027100016115707,7,42.29475986881956,-71.2214375379097,175534,25.185124734273604,True,DS2720,1349.7176276416806,DS1375,2520.644933818507
892a30653a7ffff,Newton,1.0254909397159118,13,42.326162732880704,-71.20608668001687,284735,27.064290347399403,True,DS1736,556.5008070547915,DS3522,1317.202981017813
892a3065e5bffff,Newton,1.0175689235349423,14,42.31881347281625,-71.21754778967725,176740,21.893698203985515,True,DS3522,609.8242049756093,DS90339,1602.4972169053106
892a33904a3ffff,Braintree,1.0155316264163634,21,42.21583251858559,-70.9934956630546,30003,40.276900621967584,True,DS89903,1892.1030473966089,DS90182,2208.041621674196
892a306ec57ffff,Newton,1.0153201011272266,3,42.332390836254426,-71.25634459888043,92736,22.742279524406992,True,DS89808,1222.4296899116594,DS2125,2118.585184036255
892a3065897ffff,Newton,1.008071244405483,36,42.29914819554112,-71.17638563025469,189561,17.7747132774138,True,DS1981,3334.8982656143285,DS90323,3644.3895390530806
892a3392107ffff,Weymouth,0.9986443676802544,2,42.21753315522221,-70.94199850467433,99530,43.22834230014964,True,DS3083,1866.619650409059,DS3014,2691.5403302620025
892a3390113ffff,Braintree,0.9966998530524602,19,42.18421591313824,-71.00384839875524,70035,69.6227707027947,True,DS2116,1838.8837911228666,DS2172,2061.541718384557
892a306e527ffff,Newton,0.9958912848752,7,42.3580258010871,-71.24430471726274,291067,4.128492467798513,True,DS2125,1661.031460125029,DS17594,2012.9226690573057
892a3074503ffff,Lynn,0.9952164326735308,43,42.4627136229574,-70.98462782668676,46494,43.575051129677725,True,DS2162,1987.194756433236,DS3535,2523.446672119574
892a306ec83ffff,Newton,0.995073645103424,2,42.33611517190039,-71.24170003435914,283877,14.877317903055008,True,DS2125,1781.277128420656,DS17594,2142.868152817194
892a339011bffff,Braintree,0.9941319367945878,15,42.18472538570725,-71.00897234989803,70080,29.75614351038462,True,DS90182,2162.256060504967,DS2116,2281.832516317871
892a306552fffff,Newton,0.9931254662551516,3,42.33819402332852,-71.17199398810634,337204,71.59136800249718,True,DS2712,2009.5147078416055,DS2816,2094.2389741341935
892a3065887ffff,Newton,0.9842582574570292,45,42.29663670829565,-71.1784477760821,187885,58.27437720663715,True,DS1981,3328.24652772548,DS3207,3470.801606163456
892a3392c7bffff,Weymouth,0.9803468049896554,2,42.19809714522965,-70.94115829026651,98865,49.12279802540905,True,DS3014,846.5600163369937,DS3025,1969.5104391150799
892a306ec3bffff,Newton,0.9780200811497368,16,42.32616052631745,-71.24905662274578,280489,120.80661328487403,True,DS89808,1737.7708445325898,DS2125,3649.2791632855005
892a339232bffff,Braintree,0.977030228147068,21,42.21096558517792,-70.97706517192785,55251,99.59207061470782,True,DS3025,3061.157912978019,DS2805,3832.2058207833925
892a3067157ffff,Cambridge,0.9648413622961648,1,42.37224016420042,-71.13393593968988,356247,34.01501548566555,True,DS2481,1517.0216081611516,DS89959,1534.5101198551345
892a33928abffff,Weymouth,0.9632204334730846,9,42.17704781784783,-70.93841789185605,97565,42.64140312675186,True,DS3475,1720.8674458820562,DS89637,3831.5217871908926
892a3064ad3ffff,Boston,0.9619687836385508,1,42.28433442009751,-71.1426921774191,237091,11.664399406880554,True,DS3335,1054.8928040779385,DS1243,1094.94096073794
892a339062bffff,Braintree,0.9578034451246976,6,42.21051693829425,-71.03864124562902,25313,30.91570347590881,True,DS89991,2439.017514230803,DS89864,3028.8893721651693
892a339230fffff,Braintree,0.9571663989669446,68,42.216421565761664,-70.97800525805938,55215,85.5408307183664,True,DS3025,2727.294290257811,DS2805,3025.0231653894016
892a306e957ffff,Needham,0.9462128707055252,1,42.29626263608381,-71.25700330174152,100798,37.13833994108569,True,DS2720,2331.679542472097,DS100070,2927.4586702230667
892a3391423ffff,Milton,0.9455323749336978,12,42.22898372995147,-71.08040720668974,404331,99.68674510296202,True,DS89864,4482.941280322763,DS89826,5411.528287533977
892a3075c6bffff,Malden,0.9455053569355218,5,42.43857523110493,-71.07489542473074,399894,51.31469106090136,True,DS90316,1957.707405009904,DS2338,2007.9453804114862
892a3065213ffff,Newton,0.9438193288554568,31,42.35325364931502,-71.23355926108445,291274,1.4169848455109657,True,DS17594,911.9663869526324,DS2125,1473.9796907675563
892a3064937ffff,Milton,0.9315876963817896,30,42.248427825749445,-71.0909161496734,272997,37.919007695497314,True,DS89826,2692.9793000917985,DS1003,4112.937825529035
892a339230bffff,Braintree,0.9230278868998806,82,42.21849111512861,-70.97948681885909,55221,64.85163387928174,True,DS3025,2765.8064480858575,DS2805,3041.0870272570114
892a3392ccfffff,Weymouth,0.9167386690920608,57,42.20491885937439,-70.93265475071898,99104,34.42484410084031,True,DS3014,1763.9034548133654,DS3083,1967.2597234776415
892a3062bcfffff,Arlington,0.915802369606188,37,42.43071316946964,-71.1759322938293,254018,46.88594682736142,True,DS2798,1364.1930179136648,DS89739,2492.3374051248707
892a306562bffff,Newton,0.9151105493580274,16,42.3599015870284,-71.22024463106374,304552,34.76488592290044,True,DS17594,1600.253097838884,DS90349,1882.6347889813035
892a307459bffff,Lynn,0.9103582282105004,21,42.471317020718686,-70.9771774082465,52946,12.469082937066192,True,DS2162,1953.5097319095169,DS2686,1995.8623988463014
892a339046bffff,Braintree,0.8959037716948799,27,42.21267462113355,-71.01978282162425,25889,11.952397321064742,True,DS89991,998.7698234895513,DS90182,1916.9581705887908
892a30651c7ffff,Newton,0.895788250856534,13,42.33686572234395,-71.18995239319534,333006,40.43921593421695,True,DS2146,1260.6262172206189,DS90289,1370.222476419023
892a306096bffff,Waltham,0.8942632644976526,1,42.38189297580076,-71.21754310145342,222658,33.36372019879608,True,DS2494,744.1982783450305,DS90089,1813.019179609572
892a339001bffff,Braintree,0.8900529137018801,34,42.20259065008264,-71.02388262565688,25577,27.512117232906192,True,DS89991,2150.2666068757962,DS90182,2218.886031314072
892a3392367ffff,Braintree,0.889067248211771,71,42.210618530298845,-70.98217325439988,29901,85.24238790534663,True,DS2172,2959.979102750387,DS2116,2967.9075619642476
892a30650b3ffff,Newton,0.8807554072499653,2,42.350693435718895,-71.19010352750647,308680,73.28047892022184,True,DS89742,1111.175474239121,DS90399,1660.4885029102177
892a3392023ffff,Weymouth,0.8788558260394762,60,42.22989786066413,-70.95666627466868,48543,41.87444277672544,True,DS3025,3327.915569693422,DS3160,3987.792734488563
892a3060d87ffff,Arlington,0.8747493937332542,1,42.40982258829148,-71.17439139266745,259011,25.62922573236724,True,DS89739,1612.1333282017042,DS90389,1642.5387190014626
892a30649bbffff,Milton,0.8624547315353057,173,42.256523465043685,-71.08930380909719,268804,32.364992813765525,True,DS89826,1989.8892642762696,DS1003,3017.493790165074
892a33912dbffff,Dedham,0.8606289460823708,8,42.22877977708362,-71.13463240649861,219067,12.877221930453077,True,DS89797,2004.5086167100303,DS3239,3390.37602974444
892a339018fffff,Braintree,0.8605475880490098,14,42.18353643901605,-71.00005381524535,70043,85.32096715579034,True,DS2116,1579.9698262451664,DS2172,1802.6277535068566
892a3392377ffff,Braintree,0.8597330911783913,59,42.21327387582549,-70.98014948462456,55224,61.91253895956964,True,DS3025,3090.34604433373,DS2172,3129.8719237614023
892a30672dbffff,Belmont,0.8587223213958187,1,42.3985032763898,-71.17819241200354,269930,18.22643217387723,True,DS100291,482.2026712745788,DS90389,627.9638109366076
892a306550bffff,Newton,0.8569509758221175,18,42.35114835937159,-71.17605139354471,331175,25.42540827996339,True,DS89742,1459.4693069298728,DS2816,1847.7701831906304
892a33932c3ffff,Milton,0.8536409954553995,60,42.2643364655134,-71.06956951609706,407620,65.30894590620251,True,DS1003,1259.7925521141328,DS89826,2863.8615413522234
892a3076aafffff,Revere,0.8527684910404644,10,42.44002640323376,-70.96248005422134,37054,22.677413312873846,True,DS89919,5024.345979407609,DS95032,5913.105975290371
892a339a5b7ffff,Boston,0.8523078447927073,26,42.2352451998661,-71.12806173562748,249209,29.14282655297847,True,DS89797,1316.5842850321078,DS3239,2485.240907616068
892a3074c0bffff,Revere,0.8437429676965871,31,42.42652877169184,-70.98889934704181,37503,17.38560421340423,True,DS89919,2802.601523073482,DS95032,3379.03499965432
892a3074c93ffff,Revere,0.8419304627188846,4,42.43427278249175,-70.97426903424224,37213,39.23084051676277,True,DS89919,5013.510173195357,DS95032,5902.27016907812
892a33920a7ffff,Weymouth,0.8345040141632509,54,42.2317376764998,-70.94673117257472,108245,27.330305523590855,True,DS3160,2390.5429462878537,DS3083,3172.7121750707647
892a30654a3ffff,Watertown,0.8326563564988991,1,42.36732835,-71.17658104999998,315826,77.39498015038735,True,DS1570,1011.0368133097489,DS89981,1738.7379894593341
892a3065c3bffff,Newton,0.8326031367327912,96,42.307117507261104,-71.17381570727598,188660,70.31451175589554,True,DS90323,2610.0818297472206,DS2712,2675.2915911303407
892a3064d37ffff,Milton,0.8250443429627992,87,42.26728194081471,-71.0752593103648,407587,47.547907182427096,True,DS1003,1347.2166050513235,DS89826,2392.733378466102
892a307417bffff,Revere,0.8243699578310002,13,42.44156012848715,-71.0126534739848,7889,93.46343985483658,True,DS2924,1829.1993813067531,DS2117,2264.835800894564
892a3074e47ffff,Revere,0.8231175084364108,1,42.425411399011146,-71.02503276608554,8569,44.95487938538415,True,DS2924,871.4542028929776,DS89798,1902.0359469663088
892a306493bffff,Milton,0.8130498629193904,50,42.25095259598846,-71.0988042316442,272678,35.929376486734355,True,DS89826,2424.1410225713835,DS3239,3477.7323981462605
892a339148fffff,Milton,0.8122625845447484,15,42.24064303464646,-71.07569624155026,407096,31.88474975377023,True,DS1967,4046.716909108413,DS1003,4209.952508014303
892a3065c33ffff,Newton,0.8089962277011336,27,42.30685423560705,-71.17058049074951,189346,72.6722812041344,True,DS90323,2310.502121491153,DS2712,2375.711882874273
892a3392317ffff,Braintree,0.8080236420766551,3,42.21968583175983,-70.97170243005367,49094,39.03776258725844,True,DS3025,2377.9834670910004,DS2805,2734.8787187528924
892a339a56fffff,Dedham,0.8078371347599943,30,42.22998440836636,-71.15435287854083,219255,48.19469495509814,True,DS2770,2623.722808133724,DS89988,2766.993527383884
892a3060a8bffff,Waltham,0.8075014842110093,11,42.413071308434525,-71.24396463864407,227765,20.026374307576226,True,DS3385,1101.5891622368006,DS3271,1861.9295751839531
892a306492fffff,Milton,0.8074938899024792,57,42.24534188051437,-71.09784696213168,272692,66.16474471751935,True,DS89826,3243.2084766676758,DS3239,3562.2449774845754
892a3074a77ffff,Chelsea,0.8057392636876476,1,42.4015084,-71.03692495000003,11904,26.866772209648506,True,DS89744,1261.5241081976028,DS3580,1401.0854263518067
892a30649abffff,Milton,0.8051499246657335,99,42.25421032339505,-71.09187336959627,268842,25.31797102335441,True,DS89826,1927.81889107426,DS2289,3421.276945816235
892a3064a8bffff,Boston,0.8015521094665676,1,42.27903160606167,-71.13846116464612,237271,32.171146228214226,True,DS89682,547.4492682304286,DS3335,1189.9420140437985
892a30759d7ffff,Malden,0.7979188873968216,4,42.41600337397862,-71.06181010532498,393685,45.215085366728026,True,DS90048,1398.4833412958808,DS2338,1452.896938103145
892a33900c3ffff,Braintree,0.7919749097964672,2,42.20703609736164,-71.02348104566677,26016,33.30077989080748,True,DS89991,1827.769125095825,DS90182,2507.3961080204126
892a307632bffff,Lynn,0.7905071277417853,6,42.47446048599402,-70.96977599288364,52978,43.77061605865618,True,DS2686,1390.7229859223985,DS89936,1558.9409013240265
892a3392933ffff,Weymouth,0.7870248071182403,17,42.15752094217039,-70.92763176140544,79354,26.22653728886699,True,DS89637,2920.824692264433,DS3475,3229.627782038754
892a30649a7ffff,Milton,0.7815163225748429,33,42.250884134350606,-71.08467913421387,407235,34.50387879138298,True,DS89826,2736.7232984329376,DS1003,3209.6072305183307
892a302943bffff,Winthrop,0.7762174355313325,1,42.364031083160576,-70.97027938528122,215285,29.834526331112038,True,DS2729,2788.7311051797687,DS89660,4379.504211398006
892a3065c2bffff,Newton,0.7740259882908378,35,42.30420509910419,-71.17497528268544,188634,38.30687475475727,True,DS1981,2512.7106945089968,DS90323,3011.027706945996
892a33914afffff,Milton,0.7709623314933608,14,42.232230502588585,-71.07275363572654,404194,120.2887599629679,True,DS89864,4308.000503956416,DS100292,4357.651538665508
892a3390637ffff,Braintree,0.7682589178900008,14,42.210957880642425,-71.03160930443599,25676,86.94127846802948,True,DS89991,1806.4105536821464,DS90182,2850.4055204290707
892a30656b7ffff,Newton,0.7678566730292539,21,42.365028503305794,-71.20303197362506,303931,42.67177863817341,True,DS3530,1074.0098062462966,DS1537,1315.7352200711857
892a3067353ffff,Watertown,0.7660967246216811,1,42.37356424349628,-71.16492307799288,319142,42.61442098519785,True,DS90038,754.0069746027693,DS2481,1655.678239231825
892a3074913ffff,Revere,0.7660718027383089,8,42.392030204280246,-70.98482478120643,36079,44.54077252120341,True,DS89834,1982.7555459837492,DS90024,2038.1515257302271
892a33900d3ffff,Braintree,0.7617082349987154,23,42.21121750205956,-71.02121989594994,26007,56.867207791907674,True,DS89991,1396.8530515670495,DS90182,2083.034552407145
892a3076023ffff,Lynn,0.7580816015885361,32,42.49227370852637,-70.95009506617599,61542,106.1054626688287,True,DS2328,1850.0532210943,DS100557,2198.490633084728
892a3390617ffff,Braintree,0.7573886007401073,3,42.21880380176258,-71.03185150862173,24641,11.05686890212248,True,DS89991,1266.1267975330134,DS100292,2000.9195377029528
892a339b463ffff,Needham,0.7540478618262294,5,42.27041488309358,-71.24373664854257,169764,24.6081597664008,True,DS100070,1540.860370996737,DS1023,1633.0457266016956
892a33916c3ffff,Boston,0.7511567834623631,5,42.24473600172772,-71.11735564963193,249889,19.856353207734514,True,DS89797,1187.132265165064,DS3239,1371.667414314319
892a3393253ffff,Milton,0.7452389392253642,6,42.26209985335064,-71.07564082229844,407543,44.38483667335259,True,DS1003,1894.9049809845587,DS89826,2653.279961462311
892a33905afffff,Braintree,0.7428263777976107,4,42.19508985794023,-70.98108884722942,69218,12.240018183005237,True,DS2172,1062.2559980486367,DS2116,1070.184457262498
892a3065e6fffff,Needham,0.7331349812915273,58,42.3047856968928,-71.21611301226174,176547,37.98959348273064,True,DS90339,1406.350521957217,DS3522,2260.5305617093786
892a3075e37ffff,Medford,0.7292949783717196,14,42.43731460934816,-71.08770127234115,310893,17.279376750078864,True,DS90148,2140.8717536880154,DS90258,2140.8717536880154
892a33921dbffff,Weymouth,0.7275811419811938,24,42.22896890769648,-70.94785815278246,108237,51.67334293528341,True,DS3160,2899.4605197351016,DS3083,3216.0797416243554
892a339055bffff,Braintree,0.7257683213144631,1,42.2046467,-71.00521794999999,26634,25.013313445323817,True,DS90182,373.0131137367222,DS89991,2614.1995452456135
892a306eda7ffff,Needham,0.7252358078292224,20,42.306215273657145,-71.22300893363834,176369,8.427430818470036,True,DS90339,1717.6992875201252,DS2720,2251.7445704559473
892a3065043ffff,Newton,0.720472651127272,28,42.35385011472944,-71.2155577471175,304953,33.85864977993937,True,DS17594,1032.2820117500212,DS90349,1058.293489449598
892a3392563ffff,Weymouth,0.720369762064076,84,42.232127378874445,-70.93776128840393,108419,68.86749800393432,True,DS3160,2155.8735818071077,DS2605,3058.630923507961
892a33901c7ffff,Braintree,0.7201372172548858,15,42.18535741649501,-71.00731369369807,70006,30.38090603959198,True,DS90182,2051.1045397140915,DS2116,2108.5009707583786
892a3392c1bffff,Weymouth,0.7200279234266314,38,42.20285926419531,-70.93287669298952,98534,77.3754650694735,True,DS3014,1642.988039278082,DS3083,2210.3159860484297
892a30299afffff,Quincy,0.7184602535280493,26,42.27037493386509,-70.95113739373538,216388,30.265991199342285,True,DS3084,5138.824445714588,DS2951,5568.338761784316
892a3390403ffff,Braintree,0.7168001725200497,49,42.21832696622147,-71.0061728361083,26355,98.35896595640875,True,DS89903,1466.7885705096928,DS90182,1921.1105456526514
892a339236fffff,Braintree,0.7159177974510236,54,42.210398608159984,-70.98658654273328,27019,21.783234572075695,True,DS90182,2524.576489162467,DS2172,2591.140063491635
892a3074ba7ffff,Boston,0.7148191754570784,4,42.38388514639578,-71.00473898093102,27351,34.06894058062573,True,DS89660,635.7780237900528,DS2729,2334.8565812935713
892a3392d43ffff,Weymouth,0.7073253298896218,1,42.18376455000001,-70.92604965000001,97719,9.240827215533635,True,DS3475,3237.5508463435494,DS3524,4123.385673342165
892a339a5d3ffff,Dedham,0.705082281404819,8,42.2486737384715,-71.1458747723795,244814,7.90521044122876,True,DS2770,937.348812729247,DS2667,2467.5191788456846
892a3029427ffff,Winthrop,0.695632697630659,11,42.3577225610776,-70.96940406804123,215298,14.807635930844462,True,DS2729,3530.3759498579925,DS89660,5121.149056076228
892a30652c7ffff,Newton,0.6916854656764664,38,42.35478214353878,-71.23557806374681,291239,16.633208092608523,True,DS17594,1125.4422885715837,DS2125,1489.919848802681
892a33932c7ffff,Milton,0.6915484380890304,23,42.26135773663422,-71.06709463843382,407910,42.99429760720047,True,DS1003,1669.3386736675927,DS1967,2728.0271350765483
892a3390623ffff,Braintree,0.6893498583278299,18,42.21048096045412,-71.03533814697339,25512,24.216011573732523,True,DS89991,2144.035830172703,DS89864,3024.85568858609
892a339a0a7ffff,Dedham,0.682713492999907,15,42.23291702471527,-71.16133907592949,224495,48.83383013685662,True,DS89988,2172.894121327901,DS2667,2190.9974043298726
892a33920a3ffff,Weymouth,0.6824891185457487,55,42.23449749628959,-70.94891711169113,48270,54.869894688747415,True,DS3160,2197.9111829809,DS2605,3099.390301058323
892a3390157ffff,Braintree,0.6796194451219041,7,42.18303189172939,-71.01224297933362,70091,6.523008702457296,True,DS90182,2351.431051675451,DS2116,2628.5783513770975
892a339293bffff,Weymouth,0.6782078708997696,11,42.15752634922852,-70.92913119212339,79348,53.434651612199055,True,DS89637,2832.4028938194065,DS3475,3141.2059835937275
892a3392cc7ffff,Weymouth,0.6738719684827563,94,42.20519431597101,-70.92992277144413,99113,41.640953099550266,True,DS3083,1859.2621998460302,DS3014,1898.957128624892
892a33928a3ffff,Weymouth,0.6726852989081041,20,42.17778114031351,-70.9339217737973,97650,53.054917075055,True,DS3475,2096.6923034953365,DS3524,3990.828695623503
892a306292fffff,Arlington,0.671744692899669,5,42.4139613981376,-71.14029937935473,292987,32.34463264884978,True,DS1370,1139.2353973620461,DS90146,1148.6321978298824
892a3029a5bffff,Quincy,0.6679916365031139,9,42.298503386003375,-71.01575606434072,179141,59.62073065323161,True,DS2932,1591.168528980824,DS100309,3407.2326711814762
892a339a527ffff,Dedham,0.6667269571229765,19,42.22738065205191,-71.14041282331307,219113,43.5703649023216,True,DS89797,3297.9678054116403,DS2770,3429.570951774671
892a3064e83ffff,Boston,0.6666951980282845,14,42.30029836472134,-71.11877260985275,255352,6.699846006940859,True,DS1966,1594.793401706412,DS90243,1738.7751310965127
892a3066e57ffff,Boston,0.6651344479827187,1,42.33551376823062,-71.07150482583862,144955,46.78872214803311,True,DS89861,122.71582570013067,DS90419,354.09562463107386
892a306524bffff,Newton,0.6649065704416126,23,42.353026165827806,-71.2488814807334,290994,32.70033901645277,True,DS2125,762.4923888253134,DS17594,2531.2388727705606
892a339058bffff,Braintree,0.6585248280616904,40,42.20557588162261,-70.98632290148562,26991,7.928257703241208,True,DS2172,2065.7899940205707,DS2116,2073.7184532344318
892a3065dc3ffff,Boston,0.6521471365816683,1,42.30047741334439,-71.16041696209386,230279,31.163956652371677,True,DS1981,745.3026863331888,DS3207,2478.2477274988482
892a3075eafffff,Malden,0.6506739705272016,7,42.43831250403644,-71.08463676538061,310930,47.721084771650624,True,DS90148,2243.325704314219,DS90258,2243.325704314219
892a3075e2fffff,Medford,0.6492183636393078,7,42.4342548345304,-71.09182158873632,310646,39.839587515859094,True,DS90148,1834.7450987280308,DS90258,1834.7450987280308
892a339063bffff,Braintree,0.6477913316493124,2,42.212917051520165,-71.03639511343286,25279,20.020790607412057,True,DS89991,2249.817608125931,DS100292,2984.610348295871
892a3074a1bffff,Everett,0.6475189934590759,1,42.41074750165965,-71.0352096661542,12302,29.416242643530627,True,DS2539,1281.0274948812273,DS3586,1788.7974249729373
892a33905b7ffff,Braintree,0.6466622869925632,11,42.196154910032206,-70.97534736753865,69197,33.47076757773962,True,DS2172,1768.4785030313458,DS2116,1776.406962245207
892a3390427ffff,Braintree,0.63858799527864,15,42.20861325406998,-71.0029599684265,26564,70.05228135644492,True,DS90182,948.1132783587227,DS89903,2293.075012937254
892a306ec0bffff,Newton,0.6378178824979255,1,42.3321080444587,-71.25690239619014,92729,36.734140763707195,True,DS89808,1157.8491041686068,DS2125,2211.1494922579086
892a3064927ffff,Milton,0.6367958613377411,19,42.245632893577934,-71.09439158883421,272947,53.52119343303054,True,DS89826,2863.6923295437127,DS3239,3928.043621259171
892a33905d7ffff,Braintree,0.6366451187869623,31,42.20780319707758,-70.98791551579214,27030,19.660673312074138,True,DS2172,2515.791564335197,DS2116,2523.720023549058
892a3065a83ffff,Needham,0.6363678117552336,2,42.299379900692685,-71.21284271409118,177635,6.131142120799645,True,DS90339,2206.7288408365503,DS2720,2757.142005439939
892a339233bffff,Braintree,0.6359511141241935,30,42.21313414087023,-70.97566070068547,55250,79.78129062624224,True,DS3025,2750.8038198673958,DS2805,3521.8517276727694
892a3061da7ffff,Waltham,0.6331112329186079,9,42.41859675208924,-71.25096705698803,228125,49.73462035941958,True,DS3385,2400.0617461223487,DS3271,3078.0126444929992
892a339325bffff,Milton,0.6305348290231743,59,42.26144068736151,-71.08076454275742,407517,92.47718268107738,True,DS89826,1877.4438556892055,DS1003,1977.3966034044777
892a306480fffff,Boston,0.6276697294907049,5,42.27169716058474,-71.11543021686461,250864,134.92293571562078,True,DS1716,836.2709530217879,DS2973,2008.3214319211634
892a3075d63ffff,Everett,0.6251190293684863,1,42.41912718630911,-71.05538220170425,394378,2.9727187843945972,True,DS2539,1070.9097608065158,DS89987,1308.793832353116
892a3065a8fffff,Needham,0.6249094715921455,5,42.29624814277268,-71.21373100220575,177724,9.210235036482668,True,DS2720,2009.0379870240745,DS90339,2583.0189125229967
892a33900dbffff,Braintree,0.6217139304715358,18,42.21138966802176,-71.02592525896368,25752,45.32095371523838,True,DS89991,1340.433834381527,DS90182,2358.8306073655763
892a30650b7ffff,Newton,0.6165114129134307,3,42.34796766486397,-71.1890183183065,331705,25.573727953800997,True,DS89742,1339.906656639838,DS90399,1861.8631834690518
892a30762a3ffff,Lynn,0.6148101716833949,1,42.49780466976841,-70.9715165327874,60981,37.08274037359599,True,DS2328,2004.4893927385735,DS89936,3150.1021137100615
892a306566bffff,Newton,0.6145475480805879,11,42.362140891739365,-71.23149030310533,291850,28.492777328985902,True,DS17594,1901.391777417811,DS90089,1964.74497262486
892a3064313ffff,Brookline,0.6136093547596836,1,42.31597422784657,-71.14245405579882,238102,58.55739299732693,True,DS1981,2998.866067467028,DS3391,3090.856289649594
892a3390047ffff,Braintree,0.6126877166759057,16,42.20000905560361,-71.03088043385159,402307,54.619452932671095,True,DS90182,2636.9595447337265,DS89991,3008.19407349697
892a3065cb7ffff,Brookline,0.6077546440987839,1,42.30893557568257,-71.16046823811163,231048,96.68457100339216,True,DS2712,1925.4448898213168,DS90323,2094.4682046648186
892a33906bbffff,Braintree,0.6054334530980232,49,42.2183336512696,-71.02808175097753,24578,57.9093667947103,True,DS89991,575.4133748127618,DS100292,1571.6487475042045
892a33906b7ffff,Braintree,0.6012618614732925,7,42.21590118554938,-71.0227306548935,25855,31.82819256105905,True,DS89991,622.250870941535,DS100292,1953.7292716099441
892a3066083ffff,Boston,0.6005637917342965,2,42.37530637253332,-71.0572272549721,203825,14.546771907523157,True,DS90397,509.69982121373357,DS1529,939.9702956296056
892a339b43bffff,Needham,0.5971415450739127,3,42.26842363057754,-71.23719376330307,166763,24.0531185853246,True,DS100070,1414.0810045946916,DS1023,1508.3906442864659
892a3074307ffff,Malden,0.5966035027409431,7,42.44217643108989,-71.02824309470127,9310,5.416768622216949,True,DS89753,399.26174207616833,DS90279,1401.4335355484552
892a3392333ffff,Braintree,0.5956142956462828,77,42.21362279626474,-70.97128084612922,55182,89.38876113515025,True,DS3025,1734.203985588993,DS3014,3104.4171265948744
892a3074b37ffff,Boston,0.5915870525116416,8,42.380936679972216,-71.01183818124674,27198,27.41755640405313,True,DS89660,1540.5776062682658,DS1965,2829.8466228560796
892a3064e77ffff,Boston,0.5909030777065366,2,42.28939695492545,-71.13400831720492,243186,26.348317212995685,True,DS3335,486.8698014151176,DS1243,516.9909720946827
892a306542bffff,Newton,0.589465682087994,1,42.35969659662442,-71.18932370212924,310243,7.669410452186756,True,DS1537,604.9893646004313,DS89742,641.1072134481075
892a30643a7ffff,Boston,0.5892887504528127,28,42.30701127266786,-71.12916925542852,238741,15.719383338645098,True,DS1966,2006.9257913559072,DS2711,2521.9646001143974
892a339303bffff,Quincy,0.5889711046472234,5,42.25175613710714,-71.03456976699744,17003,38.266959646955264,True,DS2163,990.3904528806206,DS1967,1340.0846586453051
892a3392097ffff,Weymouth,0.5889463391235256,12,42.242591973830194,-70.9464951871497,108537,13.445079423218731,True,DS3160,1327.8398644021997,DS2605,2224.2604007231666
892a3392567ffff,Weymouth,0.5879637500343308,93,42.22955262987803,-70.93503138133237,108322,37.151008444947784,True,DS3160,2340.2362623728254,DS3083,2404.1081091461065
892a3390583ffff,Braintree,0.5877091621509049,50,42.205391902272034,-70.98273946393122,26978,14.168642833238144,True,DS2172,2092.210597741655,DS2116,2100.1390569555156
892a339326fffff,Milton,0.5798694300578542,18,42.24869760875168,-71.07703508222849,407182,37.398292012722635,True,DS89826,3009.8983474645715,DS1003,3342.4581751084975
892a3390c5bffff,Braintree,0.5762187343700887,17,42.16871085647417,-71.00487259812186,70363,54.94027944761345,True,DS89770,1013.7248803965714,DS3042,1927.240924033685
892a3390093ffff,Braintree,0.570596039795211,102,42.20781587852736,-71.01095385524452,26172,35.45973303434552,True,DS90182,1057.24502189866,DS89991,2050.425172735776
892a30762b7ffff,Lynn,0.5682583391617091,26,42.497115330670674,-70.96795156301815,60969,7.537702617315976,True,DS2328,1811.9581777432752,DS89936,3061.648638490853
892a3066e3bffff,Boston,0.5644179512141063,1,42.32481291499526,-71.06444285860412,162064,19.260328433576262,True,DS90020,56.85907602798475,DS3430,231.18114023049026
892a307492bffff,Winthrop,0.5635047030864877,7,42.37853398772607,-70.98865223040052,27496,30.992330020677567,True,DS2729,603.8254531281507,DS89660,1453.8463011852778
892a3065a4fffff,Needham,0.5619873829378618,7,42.29267551865887,-71.2329510048974,171450,46.89081034935983,True,DS2720,215.26951943870623,DS1375,1624.1561249986048
892a33916dbffff,Boston,0.5609949799778439,21,42.24903082243018,-71.11865821321832,249750,45.6092886689778,True,DS3239,1112.6115314495848,DS89797,1297.2781410306327
892a30651b7ffff,Newton,0.5589096134027853,4,42.329861184127104,-71.17383172276203,336571,58.597458917470895,True,DS2712,1360.0081224543703,DS90323,1586.0077683456668
892a339b4b7ffff,Needham,0.5570342602828694,4,42.27157389237831,-71.221663414262,181146,16.385918104106135,True,DS90094,1686.998525936098,DS1023,1903.8099751410539
892a33914bbffff,Milton,0.5566534583578511,8,42.23800751089703,-71.07383973289011,404444,77.25303067529862,True,DS100292,5050.307788051954,DS1967,5107.581170973297
892a30749afffff,Winthrop,0.5480974438388284,8,42.38150131094498,-70.97663524617673,36395,24.161225716586976,True,DS2729,1262.078923077162,DS89660,2081.5136537419885
892a33932d3ffff,Milton,0.54670147047119,33,42.26687729675695,-71.06776804475606,408027,44.634414555663696,True,DS1003,984.9575038615789,DS1967,2606.9800853340716
892a3392173ffff,Weymouth,0.5460297981533789,4,42.21740291622899,-70.95167024552097,55787,31.039483069932384,True,DS3025,1981.1127248988273,DS3014,2512.7957178011457
892a3065d9bffff,Brookline,0.5453640300311297,2,42.30216280185587,-71.15270003797734,231155,16.747506834391835,True,DS1981,909.460159664898,DS3207,2643.318773530842
892a3062bdbffff,Arlington,0.540454728340239,13,42.43521408156864,-71.1746128750378,253964,13.348328784360962,True,DS2798,1846.9235770615733,DS89739,2745.9384425411695
892a339145bffff,Milton,0.5371591505230949,77,42.24270764918749,-71.09642344967938,272916,99.56041611428913,True,DS89826,3252.4381598644195,DS89797,3662.3734841073024
892a3064ed3ffff,Boston,0.5364992550137498,100,42.3044367178743,-71.12752031135913,238820,53.45304195460551,True,DS1966,1823.6708489568562,DS3335,2458.0829737666236
892a302969bffff,Winthrop,0.5351628869214818,10,42.37582072252395,-70.99487084852828,214601,20.235352214260555,True,DS2729,784.1337596963084,DS89660,1732.7330914271547
892a339016bffff,Braintree,0.5300588617487093,12,42.174861986130296,-71.01955582209267,398936,16.518397155087754,True,DS89770,2302.7917426894182,DS3042,3216.3077863265335
892a3065e8bffff,Newton,0.5295143175336398,1,42.3194297,-71.19986775000001,183916,34.788095790233264,True,DS3522,998.6769130277942,DS90339,1266.8426200585586
892a3390017ffff,Braintree,0.5278314082013899,42,42.20011821078288,-71.01804158168423,402232,27.949945463716453,True,DS90182,1390.4843162502707,DS89991,2664.8070522881844
892a30661afffff,Boston,0.5264762787656129,2,42.34538027537748,-71.03852413369475,192125,13.974556821525738,True,DS90064,1218.0782004131263,DS90196,1721.199307681412
892a3392577ffff,Weymouth,0.5251546105526211,80,42.23172995781702,-70.93337232466885,108345,51.93993974722283,True,DS3160,2207.4929781499027,DS3083,2707.3214123011794
892a33929abffff,Weymouth,0.521600940683344,7,42.15963316682807,-70.92583895637276,79369,40.2487201402419,True,DS89637,3286.7304242197374,DS3475,3454.847344189983
892a3390187ffff,Braintree,0.5185241577663796,8,42.18290401513672,-70.99725786860839,70473,48.89218563375939,True,DS2116,1366.1715720663626,DS2172,1588.8294993280529
892a3065e53ffff,Newton,0.5169867274756474,4,42.31889140668488,-71.2140412112622,176940,43.65924879156045,True,DS3522,316.93792374319577,DS90339,1462.4230115040302
892a3390453ffff,Braintree,0.5148148445492617,92,42.22383402195631,-71.01464004934542,31094,26.480809652938525,True,DS89991,1250.7402193058515,DS89903,1420.447923466827
892a339252bffff,Weymouth,0.5133858450641834,85,42.229413872352886,-70.93159594158121,108349,44.373267983653605,True,DS3160,2357.473359609042,DS3083,2713.6931507351533
892a306736fffff,Watertown,0.5119904431566838,13,42.3619401858034,-71.16940975460109,324341,15.801650570623938,True,DS90016,1227.234107225846,DS1570,1533.2957066175381
892a3064977ffff,Milton,0.5094080802159593,38,42.25045454615305,-71.10112528285234,272715,79.48770357023204,True,DS89826,2906.911251187172,DS3239,3500.586231873212
892a302d2c7ffff,Weymouth,0.5070182139100998,14,42.2238477442884,-70.91542345216565,107628,69.30931269013902,True,DS3083,1224.0164938529492,DS2300,3217.0781390110296
892a339328bffff,Milton,0.4965568860352443,22,42.26174852418183,-71.06171292613557,408142,59.89208333107479,True,DS1003,1725.1429024635318,DS1967,1950.4170040896197
892a3065c53ffff,Newton,0.4954645395351494,44,42.31794710008784,-71.1821042610116,188369,32.26233093704035,True,DS90323,1550.0249772907396,DS2712,1852.3591265802688
892a3391447ffff,Milton,0.4951856344370854,4,42.238224099963176,-71.09071188147686,273106,57.064915333242176,True,DS89826,4221.779848600963,DS89797,4894.429210649557
892a3065293ffff,Newton,0.494470473046346,16,42.35754213429024,-71.22247255655266,304778,21.017005759638813,True,DS17594,1043.5604993540865,DS90349,1841.0298523718593
892a3390457ffff,Braintree,0.4909222983561724,99,42.22141932056838,-71.01273671649899,31088,115.06827560933225,True,DS89991,1098.6010893718671,DS89903,1520.223338304401
892a3064dabffff,Boston,0.4877598330882601,14,42.27363797862829,-71.07531329367801,124583,39.87861523832358,True,DS1003,752.8529331852397,DS2289,1750.5531675463865
892a306524fffff,Newton,0.4871344269004559,31,42.35062815894653,-71.2466870104389,290885,76.94280493991526,True,DS2125,491.84231289211317,DS17594,2142.607854229372
892a306edabffff,Needham,0.4841313402398253,17,42.30980268368671,-71.22898122756465,175801,60.87733079077873,True,DS90339,2031.3440022663458,DS3522,2077.6764321969376
892a33920afffff,Weymouth,0.4834206729262556,27,42.23228257092451,-70.95059394949882,48339,153.07231398345664,True,DS3025,3835.0610922316455,DS3160,4234.562442952349
892a3065b4fffff,Needham,0.4833820231137843,5,42.275523819039705,-71.21960344179033,178265,35.35083499931051,True,DS90094,1128.1287996590963,DS1023,3084.791983631497
892a3390593ffff,Braintree,0.4789575213927661,32,42.20799492432438,-70.98101486141009,55286,9.557329992554575,True,DS2172,2408.890791573088,DS2116,2416.8192507869485
892a339203bffff,Weymouth,0.4782671500139309,35,42.231936454323325,-70.95808104310396,48553,19.15453072472379,True,DS3025,3393.659270467481,DS3160,4237.081775652817
892a33932cbffff,Milton,0.475318658376651,27,42.26406326822271,-71.07288513848728,407626,46.60600892024108,True,DS1003,1349.4677445089374,DS89826,2788.732597245388
892a3074317ffff,Malden,0.4735202619803086,5,42.4429770470888,-71.02736478092736,9311,14.962347627822089,True,DS89753,509.6475452611144,DS90279,1511.819338733401
892a306520bffff,Newton,0.4688638644026255,21,42.35104620116011,-71.24005981530566,289793,35.62883273449226,True,DS2125,923.9565174831795,DS17594,1592.839086544516
892a306536fffff,Newton,0.4623504543484058,10,42.3242355055245,-71.23141073872632,175910,42.338920809015995,True,DS3522,2346.601564579678,DS1736,2504.977115279318
892a33906a7ffff,Braintree,0.4545139565555108,51,42.21333677158943,-71.02396140816036,25786,56.200779680734925,True,DS89991,1575.9562319227698,DS90182,2398.6988638201524
892a30676c7ffff,Arlington,0.4525467382552845,1,42.41317971704038,-71.15693195446408,258446,46.9618683297925,True,DS89739,932.9112608898967,DS1370,1104.8225614269602
892a3064067ffff,Brookline,0.4488871382186678,1,42.32388002739621,-71.13426687864025,238508,5.6765573035840236,True,DS3044,1755.210292287485,DS2760,2049.9451171751766
892a3064edbffff,Boston,0.4481173770795342,72,42.30417462384961,-71.1311219310763,238785,57.107803786287356,True,DS1966,1948.0364183264608,DS3335,2575.2570458308915
892a3076217ffff,Lynn,0.4469755288539951,1,42.50104753763569,-70.97789961759258,54694,26.244866165115727,True,DS2328,2709.5089896026334,DS89936,3855.121710574121
892a3065ccfffff,Newton,0.4403101498028026,24,42.31737859071006,-71.17762596310244,188510,27.096473890802578,True,DS90323,1298.9936943648302,DS2712,1608.1927901547554
892a3064997ffff,Milton,0.439361674705873,116,42.261334507457846,-71.08434028129156,407412,60.06159912139503,True,DS89826,1746.9583491943026,DS1003,2291.457204979484
892a3075dabffff,Malden,0.437593425442479,4,42.42382659897061,-71.04205585283842,10245,52.74181472725809,True,DS89798,797.6821814790434,DS2539,1203.6051912048963
892a339298bffff,Weymouth,0.4329433041918313,3,42.16765080332706,-70.92811461613066,79730,23.835915375876812,True,DS3475,2744.3938248461086,DS89637,4526.694679899114
892a30609b7ffff,Belmont,0.4318987098594152,4,42.38660283601023,-71.1879286945886,265743,35.83369062168468,True,DS3194,405.4247240259684,DS3374,799.5670435694559
892a33906a3ffff,Braintree,0.4296294511637313,58,42.2159786824643,-71.02602356151557,25734,30.107848974327748,True,DS89991,835.9255131734618,DS100292,1936.1325856016147
892a339068fffff,Braintree,0.4244916428358289,3,42.22031752291664,-71.03007761835259,24624,24.105845411082367,True,DS89991,726.2339075631069,DS100292,1461.0266477330467
892a30653b7ffff,Newton,0.4229470479960094,6,42.32824673662666,-71.20556109171268,284803,42.90097850952022,True,DS1736,445.7589597567141,DS2146,1245.4705955480363
892a3392c57ffff,Weymouth,0.4188637119233997,18,42.202177727056124,-70.93466082989504,98545,96.5376956711643,True,DS3014,1336.9168327976536,DS3524,2328.0350376312845
892a3390677ffff,Braintree,0.4151805896096791,1,42.21291178265138,-71.04078756300288,25332,30.815004124035553,True,DS89991,2185.0980865312786,DS100292,2919.890826701218
892a30651b3ffff,Newton,0.4149981873033825,3,42.33223567841984,-71.17527297695327,332744,46.57439490942474,True,DS2712,1558.555928174697,DS90289,1709.733517988209
892a306425bffff,Newton,0.414920160039493,3,42.33786808214008,-71.17086344111904,337200,23.211937710249213,True,DS2712,1944.3929842191287,DS2816,2037.764370422926
892a3390097ffff,Braintree,0.4092933291122717,80,42.205522824787536,-71.00907859298367,26152,49.739056175773705,True,DS90182,851.2754643524261,DS89991,2229.1639342181466
892a3390417ffff,Braintree,0.4090713255316173,99,42.21856168934223,-71.00198863059259,26412,7.0048281295934,True,DS89903,1214.325885568394,DS90182,2018.2697396942656
892a33934d7ffff,Quincy,0.409014796554342,5,42.282573563881385,-71.0197688707935,174774,25.003055879567555,True,DS2932,725.6072546949592,DS100309,1646.3098384966743
892a3062bc7ffff,Arlington,0.4086125472252683,4,42.4310958034105,-71.17136224039936,254272,22.22917206661056,True,DS2798,1795.9115536675258,DS89739,2184.9248909837793
892a306436fffff,Brookline,0.4084709512029641,1,42.30446034505396,-71.15346017991862,231183,66.38014323561146,True,DS1981,1278.1266282020217,DS3207,2983.2801399692125
892a3392d57ffff,Weymouth,0.4070337743284964,1,42.18242909219507,-70.92243969212088,88362,29.315094612758188,True,DS3475,3308.325637673086,DS3524,4053.9807126782903
892a306ed33ffff,Needham,0.4067490302275984,2,42.30649839413462,-71.22936531604347,175795,74.47710244584795,True,DS2720,1826.7925739398788,DS90339,2662.8039840632105
892a33932d7ffff,Milton,0.4063083553543105,17,42.26373008084425,-71.0647774203779,408054,41.07381841183502,True,DS1003,1360.017771976588,DS1967,2339.771294897778
892a339009bffff,Braintree,0.4017622624281349,33,42.20870746234189,-71.01447025846764,26216,16.840931758308027,True,DS90182,1235.7200729783171,DS89991,1632.8927684516345
892a339a6b7ffff,Dedham,0.4010738187406569,5,42.25380052408082,-71.17600464035546,193985,115.323748570593,True,DS2667,962.0346062474927,DS89988,1436.8520060910564
892a3065a87ffff,Needham,0.3980999242283218,2,42.29671342118997,-71.21076728961953,177690,14.804113895323702,True,DS2720,2264.4577768210665,DS90339,2630.847010582794
892a307603bffff,Lynn,0.397575290511354,7,42.49465649473941,-70.95212948895573,61539,35.078560683257464,True,DS2328,2160.7239642993036,DS2813,2628.8406110506658
892a33904cfffff,Braintree,0.3903284671835161,112,42.22396158862076,-71.01061933115783,31077,66.29497183757712,True,DS89903,1011.3234017309499,DS89991,1509.9544184018082
892a3064957ffff,Boston,0.3901794795236986,5,42.26037061161348,-71.10379796299723,272527,67.29519386905022,True,DS89826,1652.6847691740204,DS1716,2564.95694206918
892a3390603ffff,Braintree,0.3900069022608774,7,42.21891949877755,-71.03708684558994,25261,47.27158879151104,True,DS89991,1437.8560706129153,DS100292,2172.648810782855
892a3065377ffff,Newton,0.3884507011797981,7,42.32548682204482,-71.2252413360699,284512,10.669067516452577,True,DS3522,1421.3448700387623,DS1736,2048.869158489524
892a3390447ffff,Braintree,0.386588657152612,57,42.21839411518063,-71.01406341885153,26245,57.35086365230994,True,DS89991,1334.6517526821854,DS89903,1494.9293994703971
892a3064923ffff,Milton,0.3810547096178346,23,42.24783801777069,-71.09592556816742,272690,150.88135216903382,True,DS89826,3033.4319685005107,DS3239,3589.824372396797
892a3075e27ffff,Medford,0.3808817450596895,3,42.433917000686,-71.09098928954243,310870,29.9740991894411,True,DS90148,1894.811097124471,DS90258,1894.811097124471
892a3390443ffff,Braintree,0.3768270027500979,33,42.22177797261834,-71.01605971053813,31098,42.3800424073688,True,DS89991,1234.6138436532465,DS89903,1802.9770202006594
892a3391433ffff,Milton,0.3755193281059807,6,42.2311881138177,-71.07878195840138,404166,63.2735075245971,True,DS89864,4638.53172710479,DS100292,5020.575136612123
892a3392ccbffff,Weymouth,0.3752426336956945,1,42.20938925907798,-70.93674141866214,99241,12.631854246705585,True,DS3083,1741.3659684917236,DS3014,2034.3943133752591
892a3390003ffff,Braintree,0.3749401508096661,52,42.19979167267528,-71.02156922434915,402228,78.18550679815657,True,DS90182,1771.6650391105952,DS89991,2597.660667267535
892a3065c57ffff,Newton,0.3720594897768785,15,42.31519967290926,-71.17992230603213,188546,124.8609244812696,True,DS90323,1605.320621449805,DS2712,1914.5197172397302
892a3393243ffff,Milton,0.3701884514986916,100,42.258274228378426,-71.07788877706435,407708,45.19355285657006,True,DS1003,2169.5818819125634,DS89826,2292.3094832198967
892a339062fffff,Braintree,0.3680321809336434,4,42.2092569035965,-71.03708832244233,25493,42.970956184100096,True,DS89991,2419.701494371202,DS89864,2890.615963135811
892a3390437ffff,Braintree,0.3620424540193135,5,42.210195527351416,-71.00155523193503,26470,27.255455489914624,True,DS90182,1125.2567060356773,DS89903,2322.9975981186526
892a3065adbffff,Needham,0.3582838984210087,19,42.3052149175336,-71.2239155639536,176326,14.69675601785972,True,DS90339,1807.0394766960476,DS2720,2256.937299270902
892a3065c27ffff,Newton,0.354428322983466,18,42.30202731407444,-71.16895204140107,189357,28.24802663085618,True,DS1981,2020.1417841787859,DS3207,2605.526369986435
892a30664a3ffff,Boston,0.3532946217477294,6,42.38431588091795,-71.03729442745006,14281,66.87382611688173,True,DS1965,1183.9353734020876,DS3252,1269.0199299350757
892a30655b7ffff,Boston,0.3515166602680196,19,42.34651056715879,-71.15900328826598,330775,54.6652780610474,True,DS2816,599.2737091644018,DS90317,1584.4042988555816
892a339307bffff,Milton,0.3486583761454683,17,42.25441204723328,-71.04586687245354,14840,103.62915226918923,True,DS1967,1162.4661514531192,DS2163,2275.2638055247608
892a3391487ffff,Milton,0.348323668667102,5,42.23895832959097,-71.07190132522462,404449,61.64798149402458,True,DS1967,4080.3667063424,DS1003,4243.602305248292
892a33920b3ffff,Weymouth,0.3479391148605882,5,42.237510444807405,-70.94419547574539,108475,34.2760431774617,True,DS3160,1579.5443384182367,DS2605,2482.3016801190897
892a339008fffff,Braintree,0.3443279817833124,11,42.20168572009864,-71.01589224289013,69892,73.35396563780773,True,DS90182,1244.812019831958,DS2172,3073.5006498146868
892a3065c73ffff,Newton,0.3441785073305231,36,42.309353429825286,-71.18006213060718,188554,77.52444500821413,True,DS90323,2784.6271830621736,DS2712,3110.824467157264
892a3064277ffff,Brookline,0.3437551326693926,1,42.32673025,-71.1614591,336725,36.2776993726032,True,DS2712,657.5898147766068,DS90323,981.659110946554
892a33906afffff,Braintree,0.3435711841292178,45,42.21317642341363,-71.02807580692246,25744,30.24679306181271,True,DS89991,1569.001548314947,DS90182,2612.9965150618714
892a3065dafffff,Boston,0.3424409538681144,103,42.288410992347245,-71.15059575315769,236591,108.0805398458948,True,DS3207,858.0949602190937,DS1981,1542.5498479782564
892a339256bffff,Weymouth,0.3344294918143488,37,42.23172829459143,-70.94111652552715,108314,3.663446618667732,True,DS3160,2250.2340385562843,DS3083,3126.2698943480727
892a3062b9bffff,Arlington,0.3331059533476503,9,42.43467195051121,-71.16517727805254,254451,49.735290998323066,True,DS2798,2693.107535692986,DS89739,2739.641089954031
892a3391417ffff,Milton,0.3284951294771754,2,42.23821395138293,-71.07820477830325,404429,74.47604705079988,True,DS100292,5277.419598348065,DS1967,5334.692981269408
892a3074427ffff,Lynn,0.3278660465390363,4,42.47205209650952,-70.993563554713,53262,21.752363023268337,True,DS2162,3158.743022664591,DS3536,3181.8153973446615
892a3065893ffff,Newton,0.3234050788719995,14,42.30124376159333,-71.1772428480599,189555,26.373104212880616,True,DS1981,2946.836826137073,DS90323,3256.328099575825
892a3392193ffff,Weymouth,0.3223276443431591,51,42.22731323974694,-70.93309350993944,107703,71.5549425913454,True,DS3083,2086.7268175912986,DS3160,2731.2903694489855
892a3392307ffff,Braintree,0.3187211893841679,30,42.2160230307441,-70.97375467794929,55189,44.80633856898229,True,DS3025,2159.4230450246914,DS2805,3100.734236369441
892a33915dbffff,Milton,0.3145137535093862,21,42.2295218482591,-71.07160314329934,404208,6.749613847430377,True,DS89864,3957.2352507402575,DS100292,4291.610614594977
892a3392183ffff,Weymouth,0.314051770252545,18,42.22511370261941,-70.93589060257187,107721,12.468626468997819,True,DS3083,1898.8675923801418,DS3160,3111.3962364498025
892a306714fffff,Cambridge,0.3110322534924254,1,42.36844700000001,-71.14036800000001,355555,28.082583734050797,True,DS2481,1415.1551970267253,DS90057,2011.67344021957
892a307638bffff,Lynn,0.3108094520959909,32,42.487405052549335,-70.96343518608403,61291,55.354619299097635,True,DS2328,445.6453191736653,DS89936,1628.4063974314336
892a3060d07ffff,Belmont,0.3107951829612133,1,42.403093600000005,-71.18463495,264033,14.544330928969694,True,DS90389,1313.416518868689,DS100291,1555.4606347256156
892a3067217ffff,Belmont,0.3075136942931727,5,42.38622256300918,-71.1677786834853,269580,54.43868660936698,True,DS3374,1531.7785742377469,DS100291,1646.9288538623464
892a3065b67ffff,Needham,0.3062315898452865,1,42.26852281042614,-71.21206313640364,178090,43.88644892410677,True,DS90094,1036.0109578573392,DS1023,2550.128101041617
892a33905dbffff,Braintree,0.3002835524994099,7,42.210409547557234,-70.99396835332003,26876,19.24011363059004,True,DS90182,1771.2372892466346,DS89903,2537.5148616789343
892a30653afffff,Newton,0.3000370812396895,1,42.32468925448469,-71.20972896798153,183202,66.37748334022113,True,DS1736,817.777623110183,DS3522,1172.9295717213251
892a306ed9bffff,Newton,0.2933036261156501,6,42.320544287847234,-71.22675844758948,175940,14.369834108132473,True,DS3522,1801.7575246976794,DS90339,2244.2416097727605
892a339a50fffff,Dedham,0.2931069806091647,13,42.23413998028706,-71.14860582073518,224702,34.42678400835817,True,DS2770,2298.6335575966036,DS89988,3309.846579781595
892a3075a9bffff,Medford,0.2922722100799901,1,42.433316873518734,-71.1006076392643,310716,31.580536783986375,True,DS90148,1985.4960515753498,DS90258,1985.4960515753498
892a3067153ffff,Cambridge,0.2905316203616928,1,42.37518931744436,-71.13556781156863,356055,16.477159993197425,True,DS2481,1205.090756883811,DS89959,1405.59270616284
892a33926cfffff,Quincy,0.2855751969776174,3,42.26033730017725,-70.97890237498153,47384,7.07273759997111,True,DS3084,2409.4906181599185,DS2951,2839.0049342296466
892a3065527ffff,Boston,0.2847517545764864,3,42.33914649907906,-71.16726655478544,330388,5.698857586794294,True,DS2816,1684.6542175694055,DS3391,1787.7111274546646
892a339142bffff,Milton,0.2826358622454839,4,42.22980541770107,-71.08400274592258,404327,38.020112571391095,True,DS89864,4573.27042070051,DS89826,5036.91566809416
892a3065977ffff,Dedham,0.280567833890379,7,42.26801106503204,-71.17917433729515,194281,54.97609332003519,True,DS3163,2017.8254862895294,DS2667,2856.5427635866345
892a339355bffff,Quincy,0.2804117728953161,133,42.26152814331564,-71.01823420283469,16579,47.935119499112204,True,DS1534,796.4924566930537,DS2669,1488.4393030635288
892a33914a7ffff,Milton,0.2795856569565217,63,42.23232847397774,-71.06920979017352,404126,57.034389927125446,True,DS100292,3839.398837030478,DS89864,4588.377945382126
892a307414fffff,Revere,0.2767790356598766,5,42.44330696171608,-71.0131887467981,7875,26.406450447902266,True,DS2924,1705.982432003378,DS2117,2007.9817497910267
892a3065edbffff,Newton,0.2722249703770146,1,42.32276075732601,-71.20913712673547,183201,53.34677427054519,True,DS3522,906.8963689635242,DS1736,1144.412684445947
892a339b433ffff,Needham,0.2697633286414681,1,42.26838622611273,-71.23261516423698,166484,11.839057620210038,True,DS1023,1547.6639939052275,DS100070,1602.8175002542957
892a3064d27ffff,Milton,0.2677310390699751,25,42.26434879151085,-71.0782032623928,407509,13.252400376225005,True,DS1003,1562.0365395149968,DS89826,1988.1811813279332
892a3392e6bffff,Braintree,0.2616280386925902,5,42.19543008745762,-70.97529498037515,69196,31.318468744705388,True,DS2172,1747.3563890603775,DS2116,1755.2848482742388
892a306edcbffff,Newton,0.2598899660303038,5,42.32177474717,-71.2419544417945,171060,93.78669852732787,True,DS89808,2116.4956309280105,DS3522,3438.150839018108
892a3065b07ffff,Needham,0.2587222976336146,98,42.27213853676599,-71.20326295753226,182528,18.34530362820983,True,DS90094,1310.8563713416154,DS1023,3255.139140121346
892a33905a3ffff,Braintree,0.2583885301007309,1,42.19577163150111,-70.98058426660096,69215,45.16194507882398,True,DS2172,1158.6841252727486,DS2116,1166.6125844866099
892a3065337ffff,Newton,0.2581566755525402,1,42.32358046211399,-71.21479330733125,176916,28.81689498401277,True,DS3522,787.9566822946986,DS1736,1225.8630914680364
892a30649a3ffff,Milton,0.2564996645026739,17,42.253388913072165,-71.08715592590852,407304,70.6206119790082,True,DS89826,2496.685743432206,DS1003,3466.0880684624494
892a33914b3ffff,Milton,0.2561441631967701,4,42.2375482493877,-71.07019793200168,404450,115.79455456026308,True,DS1967,3999.514815567293,DS1003,4162.750414473185
892a306504bffff,Newton,0.2556343867581958,7,42.35365510260054,-71.21754613592881,304951,73.62330888532729,True,DS17594,1111.1038959050818,DS90349,1278.8845775511184
892a3065883ffff,Newton,0.2522702589875193,12,42.29867627419093,-71.17910172594014,187896,23.628614658366644,True,DS1981,3245.8991809666,DS3207,3388.454259404576
892a30653a3ffff,Newton,0.2441569057809042,3,42.32928726607663,-71.2068475168332,285014,46.02158488728469,True,DS1736,229.1090059119741,DS2146,1281.1574410960175
892a3065503ffff,Newton,0.2421611475480801,5,42.35082241690721,-71.17482903183262,331168,41.847537096453266,True,DS89742,1636.0936292106767,DS2816,1724.2310134889974
892a3065c77ffff,Newton,0.2416998369663671,28,42.30781321219003,-71.1777464446804,188555,38.38176218471345,True,DS90323,2980.085995380947,DS2712,3306.2832794760375
892a3392c8bffff,Weymouth,0.2396864613186332,42,42.205532824248,-70.92571722669138,99128,77.36414379109942,True,DS3083,1772.2212257623698,DS3014,2577.7565270566083
892a339a48fffff,Dedham,0.2376226836646402,6,42.257641056085056,-71.15203127947514,225323,3.0011300836656747,True,DS2770,1275.1130234946877,DS2667,2614.656349684152
892a33904c3ffff,Braintree,0.2363755741155346,20,42.225600549494416,-71.00853434427792,31080,8.205819595101179,True,DS89903,798.2812287144442,DS89991,1786.4797767002847
892a33900cbffff,Braintree,0.2340428026450403,3,42.20737233824436,-71.02979340251578,25625,20.1493192335498,True,DS89991,2725.7515044307106,DS90182,3022.66886431469
892a33900c7ffff,Braintree,0.2278954317845337,39,42.20474338742898,-71.02266857121266,26045,31.034937689692477,True,DS89991,1901.2216538446996,DS90182,2465.488173787546
892a3060a13ffff,Waltham,0.2270320387999605,3,42.407756676776046,-71.24611386612054,227888,21.031450652402707,True,DS3271,1419.2899249927084,DS3385,1772.0999153409616
892a3065e6bffff,Needham,0.2246447910825514,15,42.30594159397496,-71.21810390877992,176570,7.663017298397217,True,DS90339,1229.1427063796066,DS3522,2077.4845798935717
892a307480fffff,Revere,0.2244076267623969,1,42.40409805,-71.0017315,28497,33.86102727850056,True,DS90024,809.4931580208998,DS89834,999.8310278377373
892a3074963ffff,Boston,0.2227234793301044,4,42.38291789483412,-70.99554206156787,27573,72.68424861942249,True,DS89660,468.19924605810655,DS2729,1568.4780344974254
892a339a187ffff,Dedham,0.2217952860466832,6,42.22110305680562,-71.15094528066474,219348,121.7214895474665,True,DS2811,3363.7926443220704,DS89663,3743.013768709146
892a339a1abffff,Dedham,0.219117196383537,6,42.21695733401867,-71.15320469990218,219350,39.290954187746564,True,DS2811,3196.446650917634,DS89663,3575.6677753047097
892a302d257ffff,Weymouth,0.2174318426562344,6,42.22115216053458,-70.91918586886068,107633,87.51731918666927,True,DS3083,886.1087283608218,DS2300,3591.4019174962177
892a3064987ffff,Milton,0.215387441542914,123,42.25873414816908,-71.08753226724627,407428,38.99210777742708,True,DS89826,1646.2820492192254,DS1003,2673.88657510803
892a339a52fffff,Dedham,0.2081836422901999,6,42.22631716248211,-71.14444458289638,219190,104.00354205013457,True,DS2770,3385.2302335688505,DS89797,3481.4810106833847
892a3064933ffff,Milton,0.2058891578792042,5,42.25005305696445,-71.09361232622994,272930,11.841548623780724,True,DS89826,2322.0401234330047,DS2289,3815.4981781749793
892a307633bffff,Lynn,0.2003891236909583,7,42.47701494653808,-70.96977115175358,53000,43.262411119584286,True,DS2328,1547.0976655555062,DS2686,1649.7308526043403
892a339a0a3ffff,Dedham,0.1957938187963035,3,42.23532246118256,-71.16237491950217,224027,35.61144964801292,True,DS89988,1782.495381151418,DS2667,1800.5986641533896
892a33929dbffff,Weymouth,0.1941603104081732,2,42.171707308624605,-70.93543687938467,97514,28.337828697509384,True,DS3475,2091.958401313347,DS89637,3874.259256366353
892a30650a3ffff,Newton,0.1920134730370883,2,42.348273139861135,-71.19123729021146,331465,31.041150562391636,True,DS89742,1509.9641655426158,DS90399,1702.7405197834553
892a30759abffff,Everett,0.1905271273756285,1,42.4029317,-71.05646635,389068,12.196320580019053,True,DS90161,480.6822567364329,DS100163,1723.460283030442
892a306ec27ffff,Newton,0.18616629241131,4,42.3219068837945,-71.24606115333813,170655,59.67923764122605,True,DS89808,1728.2090052059575,DS3522,3470.170466769951
892a339a443ffff,Dedham,0.1856145770784738,1,42.2575985356694,-71.16949653866371,193892,9.93335938648819,True,DS2667,1492.8833263272788,DS89988,1915.4468484893257
892a30609a3ffff,Belmont,0.185337579105677,1,42.38614464789748,-71.19049616361767,265587,19.090633526641245,True,DS3194,315.72467206918805,DS3374,1008.6453516885696
892a3065d4bffff,Newton,0.1848565194961149,8,42.2970755308295,-71.17556161054891,189565,70.74325794738743,True,DS1981,3664.8583176292705,DS3207,3807.4133960672466
892a339a117ffff,Dedham,0.1824171117441975,6,42.21873676462212,-71.15391143729009,219340,21.3667584558344,True,DS2811,3011.3628096308994,DS89663,3390.583934017975
892a339143bffff,Milton,0.1819088097164624,1,42.23057300982429,-71.08251124835019,404332,27.28316153605141,True,DS89864,4718.630586746785,DS89826,5211.7882703535015
892a3064907ffff,Milton,0.1810011910563629,24,42.25373864113519,-71.09567364659198,268989,38.13628833809242,True,DS89826,1997.4350631680727,DS2289,3490.8931179100496
892a33900bbffff,Braintree,0.1806304476500635,22,42.20081877441576,-71.01337484928744,69886,19.773644472792004,True,DS90182,1005.1693847413464,DS2172,2833.8580147240755
892a306486fffff,Boston,0.1794037508474559,2,42.2674144650476,-71.12588560208084,251552,67.66686469579669,True,DS1716,1755.068107963306,DS89682,1992.1858141708724
892a306ecd7ffff,Newton,0.1788108035842404,4,42.33952645441145,-71.24732280052856,290383,15.755521245104296,True,DS2125,1226.856887367698,DS17594,2441.9632524530007
892a339045bffff,Braintree,0.1777582635089661,37,42.22410845972557,-71.01927239197911,24177,28.180456128704638,True,DS89991,1052.8428314001828,DS89903,1749.979075939735
892a3392657ffff,Quincy,0.1776282183146088,2,42.25998401023135,-70.97953185977892,47389,61.78827074630452,True,DS3084,2397.990174300918,DS2951,2827.504490370646
892a30658b7ffff,Boston,0.1776095427574792,3,42.290736674563526,-71.17532755111735,189587,12.358888028890572,True,DS1981,2163.6281878691298,DS3207,2306.1832663071054
892a3065c0fffff,Newton,0.1766711949644406,23,42.30919487298845,-71.1751392980357,188676,47.829368862713785,True,DS90323,2869.6547539687663,DS2712,2934.8645153518864
892a3065c07ffff,Newton,0.1758957849874434,23,42.30897620362239,-71.17254551932798,188672,12.341355910980555,True,DS90323,2484.7954448624946,DS2712,2550.0052062456148
892a3392007ffff,Weymouth,0.1755733274192453,10,42.23349152060904,-70.9566554261542,48556,72.07871131302785,True,DS3025,3609.881946607197,DS3160,4245.371005290799
892a306e51bffff,Waltham,0.173749096425208,85,42.372259358754526,-71.25174853332123,295901,33.739812050566144,True,DS2152,572.9315188705826,DS90428,744.4317728814866
892a3075c23ffff,Malden,0.1731175131689064,1,42.43658047500124,-71.06059983633263,399354,55.90070839153966,True,DS89987,1695.951102020144,DS90316,1788.7571805770183
892a302d2cbffff,Weymouth,0.1726743377323881,6,42.22534366462296,-70.91924140302201,107629,218.30435892568013,True,DS3083,1444.5315543848255,DS2300,3503.5763124305763
892a33904c7ffff,Braintree,0.1719195554824494,137,42.223879221975736,-71.00617056254481,31033,66.8833511421535,True,DS89903,611.2994454402445,DS89991,1913.195734106515
892a3064ed7ffff,Boston,0.1702515461050452,12,42.30254713714456,-71.1261748294044,255549,31.582510387825174,True,DS1966,1661.1508610928715,DS3335,2149.82291596432
892a3074c4bffff,Revere,0.1700010715454699,2,42.42912181580951,-70.99920825713693,37514,23.781629350019706,True,DS2924,3181.0426299371316,DS95032,3594.050012540627
892a3074eb7ffff,Revere,0.1642677142800723,9,42.42264299668226,-71.00286614230217,43954,32.294595075269335,True,DS2924,2403.6705771395054,DS95032,2816.677959743001
892a33900d7ffff,Braintree,0.1641047692295115,31,42.20847479847587,-71.01943123126931,25982,87.10285942576327,True,DS89991,1699.3582839683759,DS90182,2378.985266892963
892a339a477ffff,Dedham,0.1634730680742031,6,42.2498769886364,-71.16539803131718,224166,48.0568834922716,True,DS2667,850.6675516182305,DS2770,1190.218642638338
892a30656b3ffff,Watertown,0.1623611569707554,2,42.369991213929445,-71.20467784698884,303288,4.235051501527655,True,DS2849,1017.6388423737666,DS89981,1397.6824740514994
892a306490fffff,Milton,0.1616773692596818,12,42.25211510855853,-71.10032069798517,272683,42.455893650252584,True,DS89826,2575.9503706224205,DS3239,3572.3350510219666
892a3076acbffff,Lynn,0.1608636923758418,1,42.4541439,-70.97624645000002,45405,12.931261907889395,True,DS2162,973.3090101006932,DS3535,1615.7796252707108
892a3075ab7ffff,Medford,0.1597084651304319,2,42.42198399399815,-71.09467818293224,312741,3.829714835330048,True,DS90148,578.1346153322478,DS90258,578.1346153322478
892a33901cfffff,Braintree,0.1585083512060893,3,42.1855205398376,-71.00952733151655,69998,32.280245715508265,True,DS90182,2041.266827402127,DS2116,2318.414127103774
892a3393427ffff,Quincy,0.156336023661761,5,42.26338843600653,-71.01783103852043,16541,36.302804277699664,True,DS1534,542.8309666436143,DS2669,1236.54465927233
892a3064ecbffff,Boston,0.1560834099080977,26,42.30235839686153,-71.13325461073272,239142,90.66907749727093,True,DS3335,2371.8147051783367,DS1243,2394.16309440449
892a339054bffff,Braintree,0.1547834967267729,21,42.20239398151134,-71.00786724004581,26655,35.754397244039495,True,DS90182,341.9910254398167,DS89991,2568.8353277145898
892a339a69bffff,Dedham,0.1518244798065494,3,42.26307411332714,-71.18184294743578,194520,54.065495888883966,True,DS2667,2179.056431783154,DS3163,2624.896495104128
892a3066423ffff,Boston,0.1505572644899954,1,42.38000480000001,-71.047594,388824,43.07799456080157,True,DS90397,1168.6470589491803,DS1529,2005.6803579732064
892a33926bbffff,Quincy,0.14939261797224,1,42.25504646769296,-70.96464295600067,47545,24.07708977839297,True,DS3084,3958.773705781727,DS2951,4388.288021851456
892a306703bffff,Cambridge,0.1482029754344082,1,42.38407813494279,-71.14090416920259,276102,19.97242759672716,True,DS1556,922.4509647709239,DS2481,1430.1170766008051
892a3074ad7ffff,Revere,0.1480872506980411,177,42.41488574329788,-71.0299264328361,11353,68.98253618478536,True,DS2539,1588.5993610450441,DS1377,1845.3542072200655
892a3392257ffff,Quincy,0.1480620788545262,4,42.24028017710744,-70.99719605722208,40621,28.059247983312552,True,DS2805,1382.8683137438911,DS90190,1461.6857280682793
892a306edd7ffff,Newton,0.1476363419573268,3,42.321647038782906,-71.23251585982985,171273,31.662947049763318,True,DS3522,2316.7251982619596,DS90339,2730.671506242498
892a3065dcbffff,Newton,0.1454171447492236,7,42.30282243649355,-71.1664829276452,230447,32.89208999154272,True,DS1981,2577.426510685,DS2712,2741.245394795588
892a3390613ffff,Braintree,0.1447215612022146,7,42.22095742533047,-71.0351561209656,25103,90.66004921610055,True,DS100292,317.0896855355866,DS89991,2087.8395840728913
892a339a1d7ffff,Dedham,0.144232104966842,3,42.22695674244013,-71.15588125287098,219277,30.12352845767138,True,DS2770,2872.5745105575675,DS89988,3001.083704489729
892a3393257ffff,Milton,0.1430748065056967,13,42.25911206374003,-71.07417735617285,407688,89.46287688953828,True,DS1003,1888.5242257237392,DS89826,2557.23555368066
892a307604fffff,Lynn,0.1408816471899632,3,42.500108148362365,-70.9643743944497,61683,25.854871783948457,True,DS2328,2266.594817873903,DS89936,3516.285278621481
892a3062ba3ffff,Arlington,0.1401869638393521,1,42.421896200000006,-71.15822405,254582,48.80886327443027,True,DS89739,1163.4478542188665,DS1370,2119.858684915604
892a306427bffff,Newton,0.1329117200049132,2,42.3294479413361,-71.16702436142583,336805,34.24463434303447,True,DS2712,733.3037186743383,DS90323,1057.3730148442853
892a339a197ffff,Dedham,0.1319657518101591,1,42.22531068361579,-71.14632468497562,219199,22.827066833021444,True,DS2770,3540.34700604329,DS89797,3679.0194599536176
892a3074e7bffff,Revere,0.1316933062073396,1,42.42113902161356,-71.02765631065927,8636,27.883193185059774,True,DS2924,1629.1189047640798,DS95032,2099.506077504902
892a306e99bffff,Needham,0.1316688075928225,1,42.30157736484328,-71.24422817194268,170911,38.35952547028025,True,DS2720,1419.4834212759024,DS1375,2728.5781643081605
892a30656a7ffff,Newton,0.1302338679468803,4,42.36404762451606,-71.20392887987295,303803,26.64212939949247,True,DS3530,984.73522921761,DS1537,1200.0374364852921
892a3060987ffff,Belmont,0.1295380893313611,1,42.38874985698452,-71.19213740446597,265624,27.524102197115088,True,DS3194,215.3630987904683,DS3374,1251.5715143430461
892a30743b7ffff,Revere,0.126231638173088,2,42.4422267416765,-71.01406999934392,7892,17.337893380761322,True,DS2924,1554.0277666392665,DS2117,2141.7993010208565
892a339a113ffff,Dedham,0.1222557619553457,6,42.221815316308586,-71.1561326145267,219326,53.832365617268614,True,DS2811,2769.0232140737844,DS89663,3148.24433846086
892a3392c8fffff,Weymouth,0.1213152082622799,4,42.20269114233578,-70.9250843627116,99106,19.125772107827913,True,DS3083,1746.3230883004926,DS3524,2070.442482630405
892a339b083ffff,Needham,0.1196025764141337,1,42.2616985801198,-71.24313821546195,169870,49.45457568516652,True,DS100070,2629.548695131727,DS1023,2723.8583348235015
892a339300fffff,Milton,0.1195331979476723,9,42.25433134185741,-71.03997930471412,15529,51.8451690045767,True,DS1967,814.6278452599602,DS2163,1723.8197308125366
892a307489bffff,Revere,0.1180106293561723,2,42.41577459348045,-70.99646041714612,37691,47.57323321519761,True,DS95032,1789.0810480886994,DS16477,1855.7168610438016
892a3065627ffff,Newton,0.1177089900273864,2,42.35775847791618,-71.21604307094987,304731,15.759189069160321,True,DS90349,1322.4109959637851,DS90399,1349.5942562839132
892a30658afffff,Boston,0.1148935768742836,5,42.28927335927899,-71.18215922665749,187764,6.439663491511903,True,DS1981,3014.153092964974,DS3207,3156.7081714029496
892a3074c57ffff,Revere,0.1145471217525261,4,42.42775773148225,-70.9901189325574,37511,25.889259150106295,True,DS89919,3020.083038819398,DS95032,3596.516515400236
892a3392303ffff,Braintree,0.1129835829340857,9,42.21766131041086,-70.97663180465156,55217,23.25542670107528,True,DS3025,2450.5549302370932,DS2805,2824.482567422062
892a339047bffff,Braintree,0.1125957275910459,8,42.21616238825352,-71.01550344451948,26251,62.46172901553139,True,DS89991,1814.303240988397,DS90182,2204.8832373075256
892a339044bffff,Braintree,0.1119465306296114,8,42.2217083989382,-71.02102490894517,24247,31.555416682709804,True,DS89991,544.3212813938721,DS100292,2131.1978365719674
892a339306bffff,Milton,0.1104450930972454,8,42.25090011537053,-71.05041725562184,14770,79.6724232696798,True,DS1967,1860.63204813624,DS2163,2973.9717181512297
892a33900b3ffff,Braintree,0.109717003581007,16,42.200454023940594,-71.00897852526953,69860,46.80748366732054,True,DS90182,611.7631079951252,DS2172,2440.4517379778536
892a3065687ffff,Watertown,0.1094213120905569,2,42.37095694296582,-71.2091342373914,303336,60.643390033900516,True,DS2849,989.02250236743,DS3530,1720.9380089575986
892a3393283ffff,Milton,0.1091021398830593,10,42.26123431313704,-71.05895580229317,408141,21.46325412676025,True,DS1967,1666.7669114924977,DS1003,1796.4384961505098
892a302d203ffff,Weymouth,0.1087500744398093,5,42.21905383397692,-70.9157975372733,100365,86.77229570692725,True,DS3083,895.0493024680861,DS3014,4081.605041920522
892a339202fffff,Weymouth,0.1086468471633931,7,42.22545259997544,-70.95955173680593,48448,34.62278878435832,True,DS3025,2540.2077065919107,DS2805,3504.864551376846
892a339b4c7ffff,Needham,0.1045223489110939,2,42.27947994919637,-71.2381844956303,171930,17.95302536138405,True,DS100070,184.8909520821493,DS1023,279.2005917739237
892a339321bffff,Milton,0.1044340319001933,28,42.25847000135848,-71.06850109423304,407922,47.72792451787159,True,DS1003,1881.868086424159,DS1967,2699.2884138871573
892a3064257ffff,Newton,0.1040781966851173,2,42.333263047029575,-71.16528068246626,337416,23.883071309634307,True,DS2712,1229.9681982607465,DS90323,1554.0374944306936
892a3029093ffff,Winthrop,0.103652847530767,2,42.35931178872993,-70.97429140482946,215344,15.746299740484215,True,DS2729,3566.3055158355296,DS89660,5157.0786220537675
892a302d277ffff,Weymouth,0.1035730434021765,2,42.21488208029322,-70.91839918711347,100125,27.100481968213657,True,DS3083,467.39279729214593,DS3014,3582.9152821531916
892a3391443ffff,Milton,0.1034962492317631,3,42.23959114007869,-71.09435831459994,272898,107.287586233816,True,DS89826,3677.140058651524,DS89797,4368.806036083037
892a30649b3ffff,Milton,0.1034640266361363,7,42.256934198554646,-71.0862972386731,407319,33.00440842021397,True,DS89826,1838.083562563916,DS1003,2820.233010538221
892a30659dbffff,Boston,0.1029895876958592,2,42.28587998781457,-71.1776028300088,187724,78.12704676370291,True,DS1981,2950.2881980101124,DS3207,3092.843276448088
892a3064413ffff,Cambridge,0.1020806728430009,1,42.35325172002662,-71.10776998565298,363022,11.85740547909531,True,DS2064,1245.7508968699092,DS90185,1406.344907882435
892a30658a3ffff,Boston,0.1016213346321543,4,42.29149274100974,-71.17912080181088,187847,27.258479664580772,True,DS1981,2766.7153125314103,DS3207,2909.270390969386
892a306525bffff,Newton,0.0981314203947216,5,42.35404942979709,-71.24725012903978,290997,27.186934723913236,True,DS2125,790.0232358282284,DS17594,2366.4099904994314
892a33920abffff,Weymouth,0.0980607768180074,7,42.23367340837607,-70.95397366178398,48299,32.715749028697644,True,DS3025,3791.599517546498,DS3160,4392.375551575668
892a3064acfffff,Boston,0.0965864117480974,188,42.28029658950009,-71.14804501752144,236790,62.48515219550123,True,DS3207,1056.2279807225284,DS89682,1198.160447209016
892a3064967ffff,Milton,0.0947414233381624,74,42.24802845649833,-71.10454850596241,272725,105.72948262553398,True,DS3239,2784.52218396215,DS89797,2806.0315510602954
892a3065c1bffff,Newton,0.0945664735071502,13,42.316034310599285,-71.17695994740777,188687,36.30272009971971,True,DS90323,1322.5013294825458,DS2712,1648.6986135776347
892a3392323ffff,Braintree,0.089302623562775,5,42.21081803545135,-70.97533117680564,55251,101.86831338490835,True,DS3025,3063.43415574822,DS2805,3834.4820635535934
892a339142fffff,Milton,0.0883927269550627,2,42.22768794399906,-71.08137043024226,404272,9.143513010631528,True,DS89864,4255.277508903714,DS100292,5301.647941704676
892a33901a3ffff,Braintree,0.0866448870081196,1,42.17931108671868,-70.99804686509746,70440,68.18435368892528,True,DS2116,1672.2383162016356,DS2172,1894.8962434633258
892a306e52fffff,Newton,0.0853193138975733,2,42.35663836555866,-71.24961516290827,291038,27.864190081432152,True,DS2125,1289.398620222188,DS17594,2588.7102841154947
892a339250fffff,Weymouth,0.0840982563954931,5,42.23569542695565,-70.93228202305022,108379,17.877194662548156,True,DS3160,1515.6629398172238,DS2605,2329.962788120358
892a339a5afffff,Dedham,0.0839378705330152,1,42.231036873811696,-71.13671548939662,245185,22.984537336867916,True,DS89797,2247.086643327074,DS3239,2716.6281560023126
892a30658b3ffff,Boston,0.0814627677749469,1,42.293144832527865,-71.17644376389399,187823,15.703606530590882,True,DS1981,2366.984495972157,DS3207,2509.539574410133
892a33904cbffff,Braintree,0.0809173463292391,11,42.22548212005874,-71.01287717383924,31074,38.937567186363935,True,DS89903,1207.2309537193762,DS89991,1488.8707041201533
892a339a53bffff,Dedham,0.0807315918862986,4,42.23060756702464,-71.14531179462644,219209,41.95865838407255,True,DS2770,2734.8164963680056,DS89797,3156.0618327310785
892a307636fffff,Lynn,0.080189521377642,4,42.473110533474,-70.98102931761599,52223,76.0285413948729,True,DS2162,2336.252478739284,DS2686,2445.5361259901515
892a30761abffff,Lynn,0.0794939529383337,2,42.478442783742906,-70.93306346493804,63101,27.12698359503946,True,DS100557,408.9888134131946,DS2239,526.1403839462579
892a3062bd3ffff,Arlington,0.079119673403293,1,42.43539810177167,-71.17328473363085,253947,43.00119172143883,True,DS2798,2068.7622708106087,DS89739,2667.908711728363
892a33905c3ffff,Braintree,0.0789183796751751,3,42.20934713774885,-70.99299958846528,26882,17.811890875648025,True,DS90182,1981.2752268279735,DS89903,2747.5527992602724
892a3065833ffff,Boston,0.0747262902020122,3,42.2877383387277,-71.1840069678601,187589,2.497522284912131,True,DS1981,3237.5573040774225,DS3207,3380.112382515398
892a3065b47ffff,Needham,0.0735265054903229,28,42.274991404764215,-71.21311263328218,178028,54.82802022736375,True,DS90094,337.14344869275965,DS1023,2281.42621747249
892a33914abffff,Milton,0.0709009670386737,2,42.23423312305306,-71.07463324206833,404156,38.83148191358481,True,DS100292,4580.740932521407,DS1967,4638.01431544275
892a339304fffff,Milton,0.0701502550348239,146,42.25648208260676,-71.04907843421084,14833,42.61810015444954,True,DS1967,1038.9327409921134,DS2163,2183.85454411112
892a3064327ffff,Boston,0.0673524825616166,8,42.30227970514158,-71.13914696681651,238363,34.58162161559092,True,DS1981,2190.556245057777,DS3335,2739.3218518050494
892a3075913ffff,Everett,0.0655728659102017,1,42.40878878777146,-71.05902629186582,389817,20.520454242973887,True,DS90161,699.281707977509,DS2539,1582.8725566736298
892a33905c7ffff,Braintree,0.063256568062858,2,42.2050366824658,-70.99011986975898,26893,162.23924569777535,True,DS90182,1511.1443288413932,DS2172,2564.7760385053125
892a3390083ffff,Braintree,0.0618965196522888,11,42.206011941179696,-71.01159518293113,26155,59.596836262015565,True,DS90182,879.4807769831345,DS89991,2066.4247097393286
892a3075b8fffff,Medford,0.0608050343652746,1,42.41077165,-71.0866411,311583,21.828633079554272,True,DS2912,844.1888915554532,DS100163,1629.8893957271152
892a30652c3ffff,Newton,0.0606493401964046,3,42.35742590114804,-71.23785338019786,291564,62.38649077525287,True,DS17594,1445.472744579526,DS2125,1547.9609110968986
892a3065c43ffff,Newton,0.0598100881938135,8,42.31593573624527,-71.18357896438434,188324,47.724070807297686,True,DS90323,2262.539500174237,DS90289,2422.7844908789198
892a30643a3ffff,Boston,0.0591752721108564,12,42.30906932337971,-71.13316220567448,238416,39.14631172520978,True,DS1966,1994.0469111561983,DS2711,2509.0857199146885
892a3065cc7ffff,Newton,0.0584178536226973,10,42.31745988072677,-71.17504969580224,188686,33.636738363539095,True,DS90323,1103.8363888416297,DS2712,1430.0336729367186
892a306416fffff,Boston,0.0539226076673289,16,42.30424455646654,-71.12489027702786,255540,7.242286927230742,True,DS1966,1400.5407019405081,DS2711,2295.0624944814235
892a33932b7ffff,Milton,0.0521827079307476,20,42.25437669127298,-71.05137930223431,14821,62.362823577210285,True,DS1967,1204.4890200122754,DS2163,2332.216841965986
892a339350bffff,Quincy,0.0497330097729848,1,42.256874099568975,-71.0113045174394,38348,50.02703083581563,True,DS1534,1385.2051821151706,DS2163,1555.1808023278745
892a33923abffff,Braintree,0.0489175922307298,7,42.21471879613608,-70.96981825710526,55180,49.6275455887236,True,DS3025,1615.6469812975681,DS3014,2985.8601223034493
892a3065953ffff,Boston,0.0459078321826367,5,42.27938685682424,-71.18258021542498,187624,19.043252825424076,True,DS3163,2317.2279522868707,DS3207,3233.461165127867
892a307433bffff,Malden,0.0432617807852618,10,42.43892478371179,-71.03150093393633,9452,33.93469146559575,True,DS89753,376.8241584502952,DS90279,1027.377708437806
892a339004fffff,Braintree,0.0388246805098286,2,42.2006328606759,-71.03351147359336,402402,5.408900986621145,True,DS90182,2759.972208400148,DS89991,3294.204767485548
892a339251bffff,Weymouth,0.0386855945656303,1,42.2389101340352,-70.93198475300957,108651,47.18331836807731,True,DS3160,978.6427816196056,DS2605,1792.9426299227403
892a306edbbffff,Needham,0.0377597375000662,8,42.31169114087298,-71.22794907793086,176025,42.05702758711705,True,DS90339,1760.718410751927,DS3522,1807.050840682519
892a3065ccbffff,Newton,0.0375102314416843,1,42.319726437430525,-71.1787237335388,188430,30.255610216041656,True,DS90323,1167.5256880272084,DS2712,1402.540929942688
892a33910abffff,Milton,0.0358164069266141,1,42.21493279559466,-71.09332790051388,273173,2.6571833637788664,True,DS89864,4412.304170268794,DS89797,5142.40971347452
892a339220fffff,Braintree,0.0353711398323834,3,42.2332478568754,-70.99297514654786,30526,127.4584397598875,True,DS89903,1578.536848344964,DS90190,2260.030846731092
892a339268fffff,Quincy,0.0338098874846801,1,42.25898384524916,-70.9692874335119,47512,21.964362498299128,True,DS3084,3357.67411347315,DS2951,3787.188429542878
892a3066833ffff,Boston,0.0311293408979405,1,42.30886907914695,-71.04629043546366,179938,29.02501476487169,True,DS90187,1111.620510707016,DS3338,1323.724483360561
892a33906b3ffff,Braintree,0.0307410998019617,11,42.21843169169804,-71.02484798971268,25807,8.905650129904847,True,DS89991,204.5898796099674,DS100292,1816.887936395899
892a3393057ffff,Milton,0.0299141689758472,45,42.25819222513272,-71.04362825624476,15410,18.973847477561517,True,DS1967,437.6988865910057,DS2163,1638.0685976215716
892a30643b7ffff,Boston,0.0289769193550869,6,42.309028709099,-71.12847749398537,238681,9.14397184045802,True,DS1966,1724.3524306729496,DS2711,2239.3912394314398
892a3065ddbffff,Newton,0.0285889451423821,1,42.303712076828006,-71.16496756438627,230484,21.914153386749174,True,DS1981,2406.7305028891396,DS2712,2570.5493869997276
892a339b4a3ffff,Needham,0.0280053792095167,3,42.27308576883946,-71.2235884405081,181139,23.986466199594695,True,DS1023,1455.008342160203,DS100070,1516.5691818680598
892a339058fffff,Braintree,0.0279946742932308,6,42.20384283665404,-70.98416827536907,26929,37.0827808616914,True,DS2172,1894.5841080078123,DS2116,1902.5125672216736
892a3390007ffff,Braintree,0.0263749209935926,5,42.19870219484684,-71.02006860465131,402229,65.73237211708212,True,DS90182,1809.6841714134853,DS89991,2635.6797995704246
892a3390697ffff,Braintree,0.025092440208988,3,42.22357630939391,-71.02263501500352,24404,40.06283509445655,True,DS89991,1040.9115919263033,DS89903,2063.6586755238377
892a3066473ffff,Boston,0.02170694706286,1,42.38421374423912,-71.05659547582253,388402,60.070240648366266,True,DS90397,1436.2871889198934,DS1529,1668.998207078318
892a339041bffff,Braintree,0.0199705081739067,127,42.22140670528618,-71.00830976527449,31016,60.380039374455876,True,DS89903,1052.5978684116315,DS89991,1798.6214881980968
892a307430fffff,Malden,0.0196963501355956,1,42.44243305476455,-71.0349675656499,9805,48.549843570438064,True,DS89753,499.50673726128883,DS90279,1313.5196095757585
892a3390633ffff,Braintree,0.0191792361985744,5,42.21280105291561,-71.03111112842646,25661,67.40082790192682,True,DS89991,1880.2975131149567,DS90182,2924.292479861881
892a302d2c3ffff,Weymouth,0.0185953325607333,2,42.22513100747789,-70.91533475162643,107684,18.758005016690024,True,DS3083,1442.0693334575722,DS2300,3435.1309786156526
892a3074303ffff,Malden,0.0182688586503728,1,42.44358055000001,-71.03173110000002,9393,18.538332574774856,True,DS89753,412.53253349734416,DS90279,1398.2427731953926
892a3065c0bffff,Newton,0.0181916950609824,7,42.311811498959706,-71.17849993072998,188558,32.952369598096425,True,DS90323,2132.881265101946,DS2712,2459.0785491970355
892a3065927ffff,Boston,0.0181238069755625,1,42.2643313,-71.16843225,193729,15.51158497762179,True,DS2667,2033.3579217653983,DS3163,2185.4035486699445
892a30658abffff,Boston,0.0166381108640462,1,42.290095098918336,-71.18136793316188,187803,9.663348210688428,True,DS1981,2910.7222677527398,DS3207,3053.2773461907154
892a30659cbffff,Boston,0.0144415490997668,2,42.282366525,-71.18092675,187642,16.084757439702773,True,DS3163,2228.5554101338503,DS3207,3144.7886229748456
892a3390087ffff,Braintree,0.0137630499785409,3,42.20341348609301,-71.00994991897396,26129,26.02494016876689,True,DS90182,613.919398681732,DS89991,2435.429531903579
892a33904abffff,Braintree,0.0133565985190703,29,42.21646463207972,-71.00102049778056,26424,76.4977609551482,True,DS89903,1506.3592384947212,DS90182,1921.991075708867
892a306e187ffff,Newton,0.0132363734464787,1,42.35290749923558,-71.25284751701241,290953,11.693793365129398,True,DS2125,1018.044179808831,DS17594,2792.8868822935183
892a339252fffff,Weymouth,0.0131391915460365,2,42.22747509354184,-70.93107844259387,107700,80.66633421712979,True,DS3083,1978.469299905778,DS3160,2803.7223179552934
892a33932a7ffff,Milton,0.0129766383559652,8,42.25177802516667,-71.05506627340085,14820,12.246469064927936,True,DS1967,1620.3719575850191,DS2163,2745.9069849485195
892a3065827ffff,Boston,0.0127207152908937,2,42.28157881577511,-71.186069002187,187601,85.05316309177174,True,DS3163,2673.450429923683,DS3207,3589.6836427646786
892a3064337ffff,Boston,0.0117446157167547,3,42.304167604972825,-71.13592482644839,238397,180.794977975871,True,DS1966,2279.1990118319436,DS2711,3173.7208043728588
892a339008bffff,Braintree,0.0116995312224511,3,42.20580859225375,-71.0177669796156,26109,117.44040006964305,True,DS89991,2481.7232116220894,DS90182,2585.683684790884
892a339000fffff,Braintree,0.0115667490856184,2,42.198558652791,-71.02351389491291,402246,24.529532016446083,True,DS90182,1856.283575193407,DS89991,2769.134531544738
892a33906abffff,Braintree,0.010585759304531,1,42.21677728267842,-71.02828762144163,25731,94.6504324916361,True,DS89991,1106.2525505386461,DS100292,2206.459622966799
892a3060a8fffff,Waltham,0.010479908955105,1,42.40984424741897,-71.24169018229763,227702,110.37440570257779,True,DS3385,1032.063960013686,DS3271,1780.5057535578967
892a306647bffff,Boston,0.0100490911408072,1,42.38434925,-71.05791930000001,388402,114.64039047784834,True,DS90397,1490.8573387493755,DS1529,1723.5683569078
892a3074b73ffff,Chelsea,0.0091244805457123,2,42.38601267181774,-71.02531323696537,18270,28.079697404054432,True,DS3580,1347.9676268849532,DS89744,1360.1811650615891
892a3390627ffff,Braintree,0.0080462697208905,1,42.20641549719219,-71.03292268758956,25517,108.1262818404942,True,DS89991,3206.6171837281145,DS90182,3275.2366081663904
892a339044fffff,Braintree,0.0066839255529167,2,42.219189372017865,-71.02068729605816,24235,33.837614436608625,True,DS89991,824.3246595732777,DS89903,2065.0293282781004
892a339a44fffff,Dedham,0.0054964162265233,1,42.25485916911309,-71.17160341233001,193958,4.425825488461672,True,DS2667,947.2559133514484,DS89988,1370.86050164766
892a307450bffff,Lynn,0.0044802986219615,2,42.46321631036575,-70.98810229389781,46541,16.90646167174521,True,DS2162,2186.746983764503,DS3535,2722.998899450842
892a3074573ffff,Lynn,0.0026972038050676,1,42.46088384443764,-70.9895370794446,44834,37.35030536702627,True,DS2162,1962.044562041503,DS3535,2498.373422111767
892a339232fffff,Braintree,0.0020294954785959,1,42.2069282,-70.9758504,55254,42.59346470624178,True,DS2172,2975.620316439051,DS2116,2983.5487756529114
892a3392e43ffff,Braintree,0.001295157314688,1,42.2013293,-70.97176730000001,55334,69.45570190301265,True,DS3025,2045.2993007160662,DS2116,3033.5976258870814
892a339328fffff,Milton,0.0011810076502208,11,42.258887875495546,-71.06067341539769,407903,12.55521268179774,True,DS1967,1799.7579982015402,DS1003,2161.1041806057738
892a3390597ffff,Braintree,0.0010593300112541,1,42.20566081678695,-70.9773064061749,55297,109.68676729127964,True,DS2172,2660.0416015120218,DS2116,2667.9700607258824
892a3390587ffff,Braintree,0.0008821786985516,1,42.20267181793284,-70.98061064967062,55302,51.04380243943285,True,DS2172,2424.221746292163,DS2116,2432.150205506024
892a3075acfffff,Medford,0.0,8,42.43006273952794,-71.11273933432417,305941,41.676918428272025,True,DS1530,1674.772554795456,DS90148,2622.3193334957896
892a3060907ffff,Waltham,0.0,6,42.38407522724811,-71.20128004278688,264917,37.50350930647173,True,DS2849,1668.7250627417275,DS3194,2121.9908536549506
892a3065d3bffff,Boston,0.0,6,42.28693826770851,-71.15939208692615,230032,46.511116210974194,True,DS3207,568.7802198962819,DS3163,1641.2187072195393
892a3075e33ffff,Medford,0.0,13,42.43844918613691,-71.08864345468197,310889,33.589007143075726,True,DS90148,2182.9679262865166,DS90258,2182.9679262865166
892a3075e2bffff,Medford,0.0,5,42.43650513985589,-71.09562909507449,310689,49.25712365966054,True,DS90148,2095.5507732469914,DS90258,2095.5507732469914
892a30292cbffff,Boston,0.0,2,42.35925455715616,-71.02361290945598,214401,47.81160861260178,True,DS90332,2249.5554874715353,DS3252,2656.111688616612
892a3075a03ffff,Medford,0.0,60,42.42550165656987,-71.1088722681423,316313,57.480874759936526,True,DS1530,1095.0796306114892,DS90148,1981.7934042383324
892a302d26fffff,Weymouth,0.0,28,42.21060236020277,-70.92566735740972,100487,69.16050783009756,True,DS3083,1004.9531684061169,DS3014,2912.791472584828
892a306080bffff,Waltham,0.0,2,42.40774313292066,-71.222120382628,226530,64.57301317747806,True,DS3385,1627.3554212597944,DS3271,2279.733135137911
892a306081bffff,Waltham,0.0,6,42.40873186302591,-71.22168373074896,226531,45.62105296214292,True,DS3385,1551.370451453711,DS3271,2203.748165331828
892a3029b27ffff,Quincy,0.0,1,42.26340105532696,-70.98737753609454,39614,43.25066149059456,True,DS3084,1800.3192943494519,DS2951,2229.8336104191803
892a3029b2bffff,Quincy,0.0,16,42.26578436045536,-70.99247404635359,39576,130.72317012722507,True,DS3084,1806.6061621803751,DS2951,2240.2253496922326
892a3029b2fffff,Quincy,0.0,161,42.26377459174451,-70.9897841806577,39604,84.6758997834446,True,DS3084,1779.390044642307,DS2951,2210.269494663298
892a339b293ffff,Needham,0.0,4,42.26372090732347,-71.27018960257462,63297,24.775231357448558,True,DS100070,3830.3687835065584,DS1023,3906.0320547282513
892a30293cbffff,Boston,0.0,3,42.3385243050353,-71.01116426938678,190969,41.56492914316684,True,DS90196,2383.60904894371,DS2133,3338.1662012237757
892a339b62bffff,Needham,0.0,4,42.26653616071318,-71.26866638505695,63307,12.289289318182865,True,DS100070,3544.986164688012,DS1023,3620.649435909705
892a339b63bffff,Needham,0.0,6,42.26864372139335,-71.26783372257852,63397,50.817256552678096,True,DS100070,3245.2807886996984,DS1023,3320.9440599213913
892a3029227ffff,Boston,0.0,1,42.33886575374259,-71.01315432458853,190196,19.627422806065848,True,DS90196,2104.0655724297176,DS2133,3058.6227247097827
892a3029353ffff,Boston,0.0,6,42.33708526434565,-71.01235557381624,190209,30.497291870682364,True,DS90196,2271.8068972160895,DS2133,3226.3640494961546
892a339b6b3ffff,Needham,0.0,7,42.27611836535702,-71.25355523891663,169964,133.69180250230306,True,DS100070,1891.0427419722773,DS1023,1966.7060131939704
892a3392203ffff,Quincy,0.0,16,42.23736957586216,-70.98952872655619,40660,36.63047244108877,True,DS2800,516.0840865672536,DS2805,670.178157364022
892a3392207ffff,Quincy,0.0,10,42.23522949832786,-70.98886849486121,30489,75.28378736259393,True,DS2805,1569.716043725162,DS2800,2027.9532969609593
892a339220bffff,Quincy,0.0,2,42.237144875,-70.9938425,40635,3.9206542919334555,True,DS2805,1688.9487939913156,DS90190,1739.6308068957185
892a339220fffff,Quincy,0.0,13,42.234609269713786,-70.99377129457739,30522,10.848231633736354,True,DS89903,1399.7848171006558,DS90190,2081.278815486784
892a3065babffff,Needham,0.0,5,42.27302319854682,-71.2006826944649,182489,120.32929649169242,True,DS90094,1527.415478709829,DS1023,3471.69824748956
892a3065bcbffff,Needham,0.0,5,42.28211954512761,-71.21277266421006,177998,62.385255456795136,True,DS90094,1023.7218033387552,DS1023,2070.353706199875
892a3065bcfffff,Needham,0.0,4,42.279950548064434,-71.21107537911597,178019,99.65354132099162,True,DS90094,1038.7395005929268,DS1023,2801.444771078246
892a3065eafffff,Newton,0.0,2,42.30814037833655,-71.19708242588261,183882,24.798296068428417,True,DS90339,1625.0273248213402,DS3522,2214.7710439463785
892a3065d67ffff,Boston,0.0,215,42.28561872381894,-71.16537752879735,229532,55.44197739255976,True,DS3207,1202.6678738566184,DS3163,1422.2940474163415
892a3065d6fffff,Boston,0.0,86,42.28510825807624,-71.16985189401977,189896,46.48985914682373,True,DS3163,1418.4926019155594,DS3207,1683.5843184330886
892a3065d73ffff,Boston,0.0,2,42.29066308934404,-71.16736362558188,189431,22.928832730066645,True,DS1981,1279.9108319370835,DS3207,1564.3773348632722
892a3065d77ffff,Boston,0.0,32,42.28737680384285,-71.16396429225362,229568,70.01567114608378,True,DS3207,1085.2903068150129,DS1981,1660.6844575133257
892a3065d7bffff,Boston,0.0,2,42.29048642662235,-71.16770536035048,189434,19.250258636362418,True,DS1981,1340.5117610150298,DS3207,1515.5251938643341
892a3065cc7ffff,Brookline,0.0,2,42.31838676018171,-71.17189566564429,189095,27.70096269037759,True,DS90323,828.5934137356701,DS2712,1154.7906978307592
892a3392213ffff,Quincy,0.0,36,42.23961278772765,-70.98835770376613,40689,33.69075462227324,True,DS2800,845.7759123582049,DS2805,941.3131075906396
892a3392217ffff,Quincy,0.0,12,42.2382227384562,-70.98635656619727,40707,9.70351899587924,True,DS2805,392.52402337776573,DS2800,670.6886014584984
892a339221bffff,Quincy,0.0,4,42.240774700293215,-70.99147884164309,40449,24.79731674086254,True,DS2805,896.5137920577013,DS2800,985.5592255488567
892a3392227ffff,Braintree,0.0,100,42.22679949930696,-70.98598364340577,30409,89.52128700078748,True,DS2805,1790.1786778331677,DS89903,2048.1612158484095
892a3065b0bffff,Needham,0.0,103,42.27468687285095,-71.20988897366986,178032,115.71666357907489,True,DS90094,644.0546800130982,DS1023,2588.3374487928286
892a3065b13ffff,Needham,0.0,22,42.27647505471385,-71.20345668549736,182499,32.572640012888314,True,DS90094,1059.3000017548086,DS1023,3003.5827705345396
892a3065b17ffff,Needham,0.0,38,42.27446116664518,-71.2020645902662,182491,72.35256907423376,True,DS90094,1464.420086044124,DS1023,3408.7028548238545
892a30661a7ffff,Boston,0.0,1,42.34558416837171,-71.0350663993252,192181,47.87318247214757,True,DS90064,1342.6773102837005,DS90196,1520.5675909099912
892a3065ed3ffff,Newton,0.0,1,42.32431635243364,-71.20509623571982,183540,54.48792032201913,True,DS1736,812.6078058109312,DS3522,1229.0992544289286
892a339209bffff,Weymouth,0.0,114,42.2449221580786,-70.95310948268063,48116,92.0296749395324,True,DS3160,1859.5545276082898,DS2605,2755.975063929258
892a33920c3ffff,Weymouth,0.0,2,42.245290412989625,-70.9625906926718,47889,11.939462181516985,True,DS2805,2741.631592260606,DS3160,2816.2258151094697
892a33920d3ffff,Weymouth,0.0,1,42.2472370052356,-70.95719597123524,47913,32.22800829600898,True,DS3160,2235.901149226535,DS2605,3132.3216855475025
892a33920d7ffff,Weymouth,0.0,121,42.24568305765177,-70.95625542342954,47852,15.331875635440902,True,DS3160,2129.382783329716,DS2605,3025.803319650683
892a3065b1bffff,Needham,0.0,11,42.27626360083712,-71.20697355172695,182721,49.3447227234629,True,DS90094,888.6262789571243,DS1023,2832.9090477368545
892a3065b33ffff,Needham,0.0,11,42.27054156775905,-71.20162943842756,182488,97.51615052482298,True,DS90094,1597.9165973805007,DS1023,3542.1993661602314
892a3392273ffff,Quincy,0.0,116,42.23487351344926,-70.99741209008015,30576,39.78406018197929,True,DS89903,1146.402090695337,DS90190,1798.4265916715092
892a3392277ffff,Quincy,0.0,3,42.2334398195205,-70.99551188405474,30572,23.22981261317456,True,DS89903,1250.631724429729,DS90190,2070.3200582566133
892a33922a3ffff,Quincy,0.0,1,42.23608060335847,-70.98029643921693,46652,23.62112596775987,True,DS2805,462.9752067504087,DS2800,921.212459986206
892a3065a67ffff,Needham,0.0,3,42.285393470139205,-71.22605508878765,175423,45.45845529974766,True,DS1375,1370.5228552976048,DS1023,1400.0750604836735
892a3065aafffff,Needham,0.0,4,42.288321824484576,-71.21252301010878,178006,35.91963604112995,True,DS90094,1765.5697693164045,DS2720,2349.102174960587
892a30664d3ffff,Everett,0.0,1,42.39730825931727,-71.04735956301671,12844,27.77800866748164,True,DS90161,1275.3771866755308,DS3580,1439.3023912343156
892a306639bffff,Cambridge,0.0,1,42.35777533406255,-71.07329121007932,150798,12.21327981904871,True,DS2294,800.7004744027089,DS90371,843.5594869177435
892a3066237ffff,Cambridge,0.0,2,42.3603142802702,-71.08840955177942,375341,12.178733339855015,True,DS90407,452.15314595365214,DS90039,1585.3013866790618
892a30661b7ffff,Boston,0.0,2,42.34657176891221,-71.03297271647324,191188,36.20128183509703,True,DS90064,1369.287618979526,DS90196,1791.562834497609
892a30661d3ffff,Boston,0.0,5,42.36046369945251,-71.05043633403163,202005,4.829808978863636,True,DS3193,553.4341036908238,DS89867,934.7932437983505
892a306622fffff,Cambridge,0.0,5,42.357135186043344,-71.09453857576158,379339,22.25127830029039,True,DS90407,1183.1889104232166,DS3060,1343.8257034960316
892a339202bffff,Braintree,0.0,54,42.22910968790131,-70.96328927716303,48503,56.6116191314081,True,DS2805,2540.313331812317,DS2800,2998.550585048114
892a3392067ffff,Braintree,0.0,165,42.22925301661959,-70.9663676204542,48522,29.830873434464568,True,DS2805,2065.6865583980584,DS2800,2523.9238116338556
892a3392077ffff,Braintree,0.0,59,42.23122345055136,-70.96409537409156,48527,64.08769928116537,True,DS2805,2298.3532223164443,DS2800,2756.590475552241
892a306616fffff,Boston,0.0,4,42.34193547750251,-71.06097839040193,161174,37.87504401691253,True,DS90269,1180.5360853656198,DS89861,1311.8448263648745
892a3065b03ffff,Needham,0.0,95,42.27480252918728,-71.20535132642604,182713,88.20160256611442,True,DS90094,1032.0247275811507,DS1023,2976.307496360881
892a33922abffff,Quincy,0.0,12,42.23566750573163,-70.98430198558559,30474,10.668257223832326,True,DS2805,697.1746868307923,DS2800,1057.0147612405538
892a33922bbffff,Quincy,0.0,18,42.2365925670127,-70.98222906857134,30483,24.421037725833397,True,DS2805,489.9468218489549,DS2800,948.1840750847523
892a30659d7ffff,Boston,0.0,53,42.28317228147206,-71.17051755991487,189802,53.03440807607002,True,DS3163,1411.1211784219531,DS3207,1820.0448672099858
892a3065a0bffff,Needham,0.0,18,42.294333218002585,-71.22587497360999,175523,44.98489716394586,True,DS2720,970.4633120683758,DS1375,2083.4911175084485
892a3065a27ffff,Needham,0.0,17,42.28255202632305,-71.21636481292886,177972,59.1876587623599,True,DS90094,999.7170040019632,DS1023,2046.348906863083
892a3392327ffff,Weymouth,0.0,17,42.20858123375636,-70.96979985818916,55347,19.82664531919762,True,DS3025,1329.63978687127,DS3014,2699.85292787715
892a3392333ffff,Weymouth,0.0,27,42.21313348474902,-70.96941054362044,55183,72.57217265422783,True,DS3025,1828.7578981011218,DS3014,3198.971039107003
892a3392337ffff,Weymouth,0.0,81,42.210398432632914,-70.96870023254152,55170,79.71870471986486,True,DS3025,1550.3929625910569,DS3014,2920.6061035969383
892a3392353ffff,Braintree,0.0,94,42.22421543903896,-70.98378454091873,30343,55.78869435314708,True,DS89903,2153.917634433037,DS2805,2344.9405389638673
892a3065957ffff,Boston,0.0,3,42.27842080023687,-71.18083828450168,187676,13.616222983587578,True,DS3163,2070.5645847953892,DS3207,2986.797797636386
892a3065983ffff,Boston,0.0,148,42.280680570563554,-71.16520154692641,193198,41.622948506755385,True,DS3163,1038.2816212724026,DS3207,1297.5435499479777
892a33916a3ffff,Milton,0.0,5,42.23573831897143,-71.10207963855416,272859,27.123978421536375,True,DS89797,3256.5134850449895,DS3239,3487.149657752725
892a33916b3ffff,Milton,0.0,21,42.23724957847163,-71.10020801657159,272862,31.653566706674592,True,DS89797,3123.8984692554973,DS3239,3354.534641963233
892a33916b7ffff,Milton,0.0,9,42.23553454511719,-71.09843906965381,272887,83.66499532309929,True,DS89797,3362.526104318793,DS3239,3593.1622770265285
892a33916bbffff,Milton,0.0,13,42.23788822247543,-71.10462237942723,272795,13.89680539731561,True,DS89797,2838.957631651558,DS3239,3069.5938043592937
892a33916c3ffff,Milton,0.0,2,42.24547684557847,-71.11367857030257,250342,14.8760533965421,True,DS89797,1667.0332405607764,DS3239,1803.515477069031
892a33916c7ffff,Milton,0.0,7,42.24346848442941,-71.11205660290236,250208,43.92177403415087,True,DS89797,1750.1829507812104,DS3239,1980.819123488946
892a33916d3ffff,Boston,0.0,80,42.24850049817464,-71.11270242937067,250293,20.654336606547233,True,DS3239,1623.164667328493,DS89797,1624.942769699612
892a33916d7ffff,Boston,0.0,2,42.24686375591706,-71.11185664259337,250220,18.475673473787932,True,DS89797,1766.5849275611822,DS3239,1767.8653126748643
892a33916d7ffff,Milton,0.0,18,42.245615751220015,-71.11124167118929,250214,31.085494330539994,True,DS89797,1842.8404399386059,DS3239,1926.5472448464707
892a3066493ffff,Chelsea,0.0,15,42.3967253846096,-71.03547002887359,11931,79.88568030003346,True,DS89744,587.8067049551807,DS3580,718.0445843945131
892a306598bffff,Boston,0.0,42,42.2810091411106,-71.16918533721632,189776,31.712729678660114,True,DS3163,1326.489160581622,DS3207,2242.722373422619
892a3065993ffff,Boston,0.0,221,42.28298862792036,-71.1632304452066,229619,77.40039940274367,True,DS3207,1015.9555920978088,DS3163,1427.2489290122949
892a3065997ffff,Boston,0.0,93,42.28086849590962,-71.1616768750957,229637,45.05965059726077,True,DS3207,785.202537998811,DS3163,810.6017827636759
892a306599bffff,Boston,0.0,227,42.282902265054176,-71.1677481428775,193215,56.24722952688401,True,DS3163,1499.5698081831515,DS3207,1805.5875801491613
892a30659a3ffff,Boston,0.0,15,42.27274752222455,-71.1639280291557,229372,35.196475633398165,True,DS3163,917.9655557194459,DS3207,1684.0171720691822
892a30659a7ffff,Boston,0.0,3,42.26798171967672,-71.1617234841652,226001,56.156240699722524,True,DS3163,1421.9817661491181,DS3207,1992.5845059302155
892a3392383ffff,Braintree,0.0,9,42.22394536253721,-70.96774466835983,54924,7.977942289653854,True,DS2805,2259.2605942520836,DS3025,2543.0950180980653
892a3392393ffff,Braintree,0.0,62,42.22742053601437,-70.96504573828277,48517,37.03208652182415,True,DS2805,2214.1020944291754,DS2800,2672.3393476649726
892a30658abffff,Newton,0.0,1,42.29169980437455,-71.18406527978661,187953,17.560538383031307,True,DS1981,3258.5557284292486,DS3207,3401.1108068672243
892a306590fffff,Dedham,0.0,2,42.27089544847247,-71.175750491488,194059,40.391423500765725,True,DS3163,1664.607164637994,DS3207,2580.8403774789913
892a3065913ffff,Boston,0.0,1,42.27635833210911,-71.17321047638073,194229,33.42276454346393,True,DS3163,1149.8007852937578,DS3207,2066.0339981347547
892a306591bffff,Boston,0.0,1,42.27861244934743,-71.17831971921999,187698,6.496527853623817,True,DS3163,1857.8181180432853,DS3207,2774.051330884282
892a33923abffff,Weymouth,0.0,45,42.21540477806781,-70.96844083028378,55177,51.494260659660604,True,DS3025,1550.4541435257477,DS3014,2920.667284531629
892a33923afffff,Weymouth,0.0,85,42.21330849190503,-70.96697498396054,55169,23.9679209934261,True,DS3025,1490.0063394551582,DS3014,2860.2194804610394
892a33923cbffff,Braintree,0.0,118,42.22672006770605,-70.98211344866688,30346,41.543372502698595,True,DS89903,2309.141451939963,DS2805,2312.0175507478284
892a33923cfffff,Braintree,0.0,108,42.22387626559575,-70.97977899249253,48994,47.09552724335391,True,DS89903,2588.3509696306746,DS2805,2665.5293657366237
892a3392453ffff,Quincy,0.0,12,42.26200918906698,-70.95409847756942,47703,66.79350265101326,True,DS3084,4934.723680457334,DS2951,5364.237996527062
892a339245bffff,Quincy,0.0,60,42.26232528869803,-70.95628227357317,47701,53.28962866305863,True,DS3084,4606.106885249174,DS2951,5035.621201318902
892a306658bffff,Boston,0.0,2,42.37363758338076,-71.03041410779304,210224,8.916047177935715,True,DS3252,1025.0496263612201,DS90332,1056.1073846607171
892a306659bffff,Boston,0.0,1,42.37555704700016,-71.02631343281618,210487,52.49893333762237,True,DS3252,1491.1870558708715,DS90332,1522.2448141703685
892a3066513ffff,Boston,0.0,3,42.37118182688179,-71.03014365836185,210201,12.575078500180119,True,DS3252,1025.7924739934126,DS90332,1056.8502322929096
892a3066517ffff,Boston,0.0,2,42.37006438622721,-71.02881365265569,210029,40.557727961944586,True,DS3252,1233.4132489773106,DS90332,1247.872228817002
892a33915cbffff,Milton,0.0,12,42.22726773609112,-71.07437123389148,404183,79.74129049729375,True,DS89864,4027.9284769413657,DS100292,4409.971886448699
892a33915cfffff,Milton,0.0,20,42.224375498107904,-71.0722920375724,404223,91.36155004910606,True,DS89864,4681.276300370253,DS100292,5659.932074541818
892a33915d3ffff,Milton,0.0,59,42.22942909637753,-71.06749445448793,404114,81.0369559365054,True,DS100292,3850.8817792902196,DS89864,4382.6773312908335
892a33915d7ffff,Milton,0.0,2,42.22798661072388,-71.06621001346923,404115,44.67219708713428,True,DS100292,4104.405019802362,DS89864,4636.200571802976
892a3391683ffff,Milton,0.0,21,42.2426360917968,-71.10438370798303,272759,19.515292391508453,True,DS3239,3809.526581127224,DS89826,3825.266205091105
892a3391687ffff,Milton,0.0,20,42.24013004033703,-71.10233675549317,272783,19.79995646095811,True,DS89797,2987.221582349114,DS3239,3217.85775505685
892a339168bffff,Milton,0.0,14,42.24254732904747,-71.1090238205296,250191,158.12653821206317,True,DS89797,2422.1693927959273,DS3239,2652.805565503663
892a339168fffff,Milton,0.0,22,42.23996603172849,-71.10705532715741,250177,138.9996982130314,True,DS89797,2454.1947138920723,DS3239,2684.830886599808
892a3391693ffff,Milton,0.0,24,42.24517434939408,-71.10225581290591,272704,43.304264223155094,True,DS3239,3783.195872053836,DS89826,3798.935496017717
892a3391697ffff,Milton,0.0,26,42.24272861137639,-71.09996141712169,272697,132.8941251345962,True,DS89797,3327.091182922905,DS3239,3557.7273556306404
892a339169bffff,Milton,0.0,18,42.24561112508283,-71.10670135399442,272747,65.52554968143357,True,DS89797,2282.811438258534,DS3239,2366.518243166399
892a339246fffff,Weymouth,0.0,34,42.24699870775477,-70.95526573879384,47846,30.431949181093948,True,DS3160,2106.793059563091,DS2605,3003.213595884058
892a306568fffff,Waltham,0.0,1,42.372574153783845,-71.21098861594764,302769,39.0296069292863,True,DS2849,538.7015893162207,DS2494,1662.9351661650442
892a3065697ffff,Watertown,0.0,2,42.37375929722457,-71.20566915883258,303089,16.096532609368218,True,DS2849,420.38399051688765,DS89981,1415.1580540793673
892a3065613ffff,Waltham,0.0,4,42.37271735116991,-71.21618105265027,302727,20.74073644016587,True,DS2849,866.6908813683469,DS2494,1373.4736845780822
892a3065637ffff,Newton,0.0,2,42.359917337678766,-71.21430438734178,304699,32.3257395306975,True,DS90349,1326.5329030290927,DS90399,1353.7161633492208
892a3065593ffff,Boston,0.0,1,42.35691539573659,-71.16065547166542,324483,13.903203625133148,True,DS89690,1148.1999414230534,DS2816,1222.4619421272002
892a3065597ffff,Boston,0.0,2,42.35692163776001,-71.16004884327037,324483,61.33527428609052,True,DS89690,1195.6320120840107,DS2816,1269.8940127881576
892a306559bffff,Cambridge,0.0,1,42.35830075,-71.16510985000001,324412,28.156834300423238,True,DS89690,1513.3374179113562,DS90016,1514.864451265361
892a30655c3ffff,Newton,0.0,2,42.35738531117103,-71.1753717110068,309076,15.99515286778741,True,DS89742,1399.231820301793,DS1570,2079.6206416578348
892a30655cbffff,Newton,0.0,5,42.35822959409786,-71.17872474096438,309457,33.31770118816926,True,DS89742,1084.6667965702663,DS1570,1364.298648633992
892a339265bffff,Quincy,0.0,44,42.26266158581489,-70.98805732170732,39610,51.187463732640964,True,DS3084,1626.4996291710756,DS2951,2056.013945240804
892a3066977ffff,Boston,0.0,91,42.28866357108088,-71.04040176181589,173771,25.734849880456228,True,DS89736,620.1017687492446,DS2936,1246.908057072448
892a30668d3ffff,Boston,0.0,4,42.32401781931314,-71.04913722915339,184697,15.383663874702377,True,DS3338,828.855520338381,DS89760,907.9579874852377
892a306690fffff,Boston,0.0,6,42.29102324487238,-71.03939317080824,173727,42.60466567342039,True,DS89736,1051.6139423043044,DS2936,1678.420230627508
892a306692bffff,Boston,0.0,1,42.2853718393793,-71.03975099143481,174080,30.472590585359637,True,DS89736,501.61639025012494,DS2936,1006.8269024622028
892a3065a47ffff,Needham,0.0,20,42.29406588557294,-71.22774118690556,175602,53.34972507521868,True,DS2720,831.7046963299972,DS1375,1944.7325017700696
892a3391543ffff,Milton,0.0,3,42.22236085948119,-71.07733352115997,404235,47.44371825857733,True,DS89864,3401.697233129646,DS100292,4448.067665930609
892a3391553ffff,Milton,0.0,23,42.22395334919698,-71.0764204871904,404250,51.06573834904393,True,DS89864,4121.90407387807,DS100292,5100.5598480496365
892a3391557ffff,Milton,0.0,10,42.22215663433956,-71.07509773509926,404231,9.19469954253815,True,DS89864,4476.961596490111,DS100292,5455.617370661676
892a339155bffff,Milton,0.0,5,42.22386925518587,-71.07910551641064,404243,11.952767916052808,True,DS89864,3670.3778072248124,DS100292,4716.748240025776
892a339158bffff,Quincy,0.0,4,42.2226238000468,-71.06274618751274,404038,8.265268413558417,True,DS100292,3128.3553339501,DS89864,3816.5320967488456
892a339158fffff,Quincy,0.0,2,42.222310184065975,-71.062499459172,404038,33.625907675923706,True,DS100292,3153.7159732124655,DS89864,3841.892736011211
892a339159bffff,Quincy,0.0,2,42.22521265,-71.06078835,404073,1.926555951568366,True,DS100292,2800.9113200870324,DS89864,3931.718242861
892a33915c3ffff,Milton,0.0,37,42.22664554986567,-71.07022418232255,404027,32.2226029896464,True,DS89864,3632.707685520704,DS100292,4014.751095028037
892a33915c7ffff,Milton,0.0,3,42.22496333942633,-71.06917664836764,404057,49.553479400660414,True,DS89864,3444.5727574194498,DS100292,3602.367952654529
892a33915c7ffff,Quincy,0.0,2,42.22316716612436,-71.06617764305399,404031,28.947121181363,True,DS100292,3465.845364468099,DS89864,4141.138653403945
892a3065527ffff,Newton,0.0,3,42.338745860766245,-71.16914086563537,330473,1.1948005671871136,True,DS2816,1812.346618819924,DS3391,1930.7723091183525
892a3065457ffff,Watertown,0.0,16,42.37269147156053,-71.19336730035367,314236,20.75090456411536,True,DS89981,478.37866339138446,DS1570,1176.9420188311124
892a3392693ffff,Quincy,0.0,4,42.26453197002182,-70.96111388058709,47627,32.24945123971625,True,DS3084,4420.585098215187,DS2951,4850.099414284915
892a3392813ffff,Weymouth,0.0,2,42.1848025915485,-70.94407037366,97830,27.90974907006296,True,DS3475,2417.7958485622207,DS3014,2893.073159784154
892a3065407ffff,Watertown,0.0,4,42.36663586268307,-71.18758878234352,313677,3.6430438317232934,True,DS1570,395.5086783952158,DS89981,775.9944469742106
892a3066cc3ffff,Boston,0.0,1,42.34067579684897,-71.03649329525973,192402,61.325025185405785,True,DS90196,693.2515505656446,DS2133,1358.6975250280166
892a3066c07ffff,Boston,0.0,2,42.329652893973694,-71.03297493633244,190088,18.987681634765536,True,DS90196,985.0602240367356,DS2133,1823.5263790365093
892a3066b83ffff,Boston,0.0,9,42.29818739108066,-71.05753595692613,179660,6.139755820956536,True,DS100187,345.3436728293115,DS3425,737.4609186472802
892a33914b7ffff,Milton,0.0,44,42.234152051313465,-71.068289386412,404108,124.42796936771478,True,DS100292,3844.1905707172937,DS1967,4650.431977549141
892a3066963ffff,Boston,0.0,1,42.2891999,-71.0420003,173770,24.776510126713887,True,DS89736,726.278269746696,DS2936,1353.0845580698992
892a3066973ffff,Boston,0.0,55,42.29079204034129,-71.0408234084177,173671,75.28087460966047,True,DS89736,895.6832633801948,DS2936,1522.489551703398
892a306540fffff,Watertown,0.0,3,42.36631813796658,-71.18952306447834,313666,21.566986300827093,True,DS1570,506.0776541918943,DS3530,715.1517936988104
892a3065443ffff,Watertown,0.0,1,42.3726896811017,-71.20047334562389,303061,16.98951813541403,True,DS2849,887.8111839486836,DS89981,949.5168316996622
892a3392883ffff,Weymouth,0.0,1,42.18732417202724,-70.93671857634888,97875,42.50309216862439,True,DS3524,2841.4054628375816,DS3475,2981.2718170091575
892a339288bffff,Weymouth,0.0,26,42.18584697955559,-70.9421072846026,97859,43.304125126072876,True,DS3475,2522.8197549345587,DS3014,3208.6987641553396
892a33928a7ffff,Weymouth,0.0,29,42.17659769896239,-70.93161488005114,88941,50.4261694855007,True,DS3475,2442.1597326175115,DS3524,4219.3525218460845
892a3065393ffff,Newton,0.0,2,42.34043440026208,-71.20708931017064,285800,92.45316238950505,True,DS1736,1091.9512115772877,DS90399,1310.7285827571359
892a339144bffff,Milton,0.0,35,42.24023247466154,-71.09783663857624,272880,76.02835588696051,True,DS89797,3467.8669938451876,DS3239,3698.503166552923
892a339144fffff,Milton,0.0,12,42.23775321077832,-71.09671778395534,272907,15.290639186835229,True,DS89797,3450.366179504285,DS3239,3681.0023522120205
892a3066c6bffff,Boston,0.0,5,42.32625544884368,-71.04829582146559,184725,27.01040620239912,True,DS3338,1095.9778870829573,DS100146,1150.4645295388925
892a3066c73ffff,Boston,0.0,3,42.33002781727553,-71.04039827436897,190151,31.81591680218421,True,DS90196,970.4952202315792,DS2133,1313.2783929489142
892a3066c7bffff,Boston,0.0,1,42.32968648569447,-71.04647191995366,184818,32.33815967751303,True,DS2133,990.4129549070377,DS100087,1081.1518052534964
892a3066cbbffff,Boston,0.0,5,42.33217563677807,-71.02685998760705,190095,24.75820253605084,True,DS90196,1220.1333837286852,DS2133,2058.5995387284593
892a3066ed7ffff,Boston,0.0,8,42.33933269516695,-71.06206954256061,161872,46.48445657742175,True,DS90269,1197.7032222045862,DS89861,1313.837202979569
892a3066e8bffff,Boston,0.0,11,42.336776706189184,-71.0608775026531,162247,7.255717639357893,True,DS100146,1382.4363734797098,DS89861,1611.2940697068252
892a33906c7ffff,Braintree,0.0,11,42.223553497928,-71.03566152894011,25086,2.8558546906877917,True,DS100292,56.731690265948814,DS89991,1738.0184104526977
892a33906d7ffff,Braintree,0.0,5,42.226124745997126,-71.03345072944877,24769,10.220449516479675,True,DS100292,496.68360117894616,DS89991,1394.0116185817192
892a3066d97ffff,Boston,0.0,5,42.318702643532845,-71.00675510965496,179033,7.349297842342669,True,DS2932,4484.432697733624,DS100309,6300.496839934278
892a3066e13ffff,Boston,0.0,8,42.33523505229976,-71.06323866410773,161902,3.722513130016873,True,DS100146,1124.6633948722165,DS89861,1353.521091099332
892a30652b7ffff,Newton,0.0,2,42.34848744999999,-71.219621975,286573,51.0778687123675,True,DS17594,994.5031464423811,DS90349,1121.371217894013
892a33928b7ffff,Weymouth,0.0,72,42.17794755236381,-70.93004491153366,97673,43.99051680083307,True,DS3475,2514.6538232841335,DS3524,3798.058930899995
892a33928d7ffff,Weymouth,0.0,4,42.18837874734584,-70.94348781215632,97907,20.631059037564498,True,DS3014,2129.8433268884496,DS3475,3220.0151184023416
892a3392947ffff,Weymouth,0.0,33,42.16201413792612,-70.94082287611087,79584,80.75364651774767,True,DS89637,2009.9585134905196,DS3475,2352.9073398229934
892a339294fffff,Weymouth,0.0,12,42.162024997822414,-70.94202595248203,79530,20.24901145319135,True,DS89637,1779.9014197116865,DS3475,2142.1005325620813
892a3390673ffff,Braintree,0.0,4,42.21603744659399,-71.0430743665483,25350,27.150770543752284,True,DS100292,1039.5589746010032,DS89991,2810.308873138307
892a3390683ffff,Braintree,0.0,2,42.2249703483515,-71.02823473729444,24457,20.998807451750412,True,DS100292,1105.9357819666843,DS89991,1749.1595680731757
892a3390687ffff,Braintree,0.0,5,42.2212815718084,-71.02496247971274,24333,62.8870947803521,True,DS89991,428.39720874986506,DS100292,1843.528858490153
892a339068bffff,Braintree,0.0,10,42.22409036880405,-71.03332544482171,24711,115.10455795356295,True,DS100292,766.8157135591556,DS89991,1394.5865417128734
892a3390693ffff,Braintree,0.0,3,42.22726770906625,-71.0263539330766,24429,9.84083570470891,True,DS100292,1120.3991017561837,DS89991,1772.033601357607
892a339069bffff,Braintree,0.0,7,42.22658799219456,-71.03068352863113,24743,25.125380895561115,True,DS100292,721.5439146996723,DS89991,1373.1784143010964
892a3066eb7ffff,Boston,0.0,2,42.328681543831365,-71.05089249267778,184792,32.810698735708804,True,DS100146,772.2874322913335,DS2133,1254.4360296453
892a3066ec7ffff,Boston,0.0,8,42.33630656247851,-71.06350601527137,161887,9.881274610124205,True,DS100146,1243.8817278210945,DS89861,1472.7394240482097
892a306528bffff,Newton,0.0,8,42.35503523087626,-71.22956705433295,291419,11.673664405491778,True,DS17594,909.4538103275735,DS2125,2013.7745452862491
892a30652a3ffff,Newton,0.0,2,42.34803674342661,-71.22186649302256,286659,117.60664001400568,True,DS17594,666.9277986270448,DS90349,1504.6830691841415
892a339296bffff,Weymouth,0.0,12,42.15717104283565,-70.94583905198674,79498,13.968319533376706,True,DS89637,1051.6827881593092,DS3475,2300.386422164893
892a339299bffff,Weymouth,0.0,44,42.170444764977496,-70.92420721153964,88821,34.04250363132397,True,DS3475,3546.0681132911227,DS3524,4534.769194906791
892a33929d3ffff,Weymouth,0.0,12,42.17384388744726,-70.92911881732857,88956,42.387678980842736,True,DS3475,3253.7144217387686,DS3524,4440.774903264616
892a3392a23ffff,Weymouth,0.0,8,42.17356860641222,-70.9732096498684,57751,33.6401381049152,True,DS3475,2371.201398606986,DS2116,2779.803226769529
892a3392a27ffff,Weymouth,0.0,2,42.171737725075886,-70.97267561632869,57747,23.2348490163887,True,DS3475,2570.6101003999547,DS2116,2979.2119285624976
892a339060bffff,Braintree,0.0,5,42.21844293796738,-71.040480643353,25061,46.61692831676041,True,DS100292,720.5960870348356,DS89991,2491.3459855721403
892a339060fffff,Braintree,0.0,3,42.21674020007376,-71.04048976319292,25364,19.818897138596462,True,DS100292,948.4837062057119,DS89991,2719.2336047430163
892a339061bffff,Braintree,0.0,6,42.22089650261669,-71.03865390443006,25154,19.786379871632388,True,DS100292,541.9104886944102,DS89991,2312.660387231715
892a30651cbffff,Newton,0.0,4,42.33934564536136,-71.19325311008917,332005,30.771850991611977,True,DS2146,1006.6789293323375,DS90289,1196.6787072464867
892a3065207ffff,Newton,0.0,4,42.34652541355843,-71.23210894711745,290003,5.727796227809233,True,DS17594,705.1808911331727,DS2125,1501.3308511757675
892a3065217ffff,Newton,0.0,2,42.35069635,-71.229581725,289582,16.185350085424517,True,DS17594,518.2403244896909,DS2125,1648.1700372610446
892a3392b17ffff,Weymouth,0.0,3,42.16316942614621,-70.95600304980952,77751,14.21963724471526,True,DS3475,1092.7735664209545,DS89637,1342.7170767461646
892a3392b27ffff,Weymouth,0.0,3,42.15083144167022,-70.95560558108656,78454,38.07244521709913,True,DS89637,376.4697828618523,DS3475,2409.7763433379178
892a3392b37ffff,Weymouth,0.0,1,42.15344911262069,-70.95317311126867,78302,24.18917107016459,True,DS89637,140.51804853377988,DS3475,2303.2689684550346
892a3392bb7ffff,Weymouth,0.0,1,42.15790545,-70.9460187,79517,16.64394101459643,True,DS89637,1138.85372511595,DS3475,2231.726750295279
892a3392bcbffff,Weymouth,0.0,2,42.17012487000432,-70.96852228049501,57727,70.18419448361449,True,DS3475,1273.6236898507493,DS89637,2836.361927029509
892a3392bdbffff,Weymouth,0.0,1,42.17267430337387,-70.96650073775218,57723,14.92081523014711,True,DS3475,2818.3347253582947,DS2116,2952.819999310159
892a3067013ffff,Cambridge,0.0,1,42.38979904774914,-71.13948150667551,276008,12.829473404419524,True,DS1556,903.8338401458951,DS2535,2023.6700661599177
892a306514fffff,Newton,0.0,5,42.330289618650646,-71.20269202846973,284816,33.06201519190164,True,DS1736,465.2491997267625,DS2146,957.744741070271
892a306517bffff,Newton,0.0,7,42.32933966860403,-71.2007179146582,284842,40.01205091859989,True,DS1736,656.2508268678341,DS2146,735.957617816112
892a306506fffff,Newton,0.0,1,42.34301494894647,-71.21484302471497,285748,105.09200654914446,True,DS90399,1336.4288137781407,DS90349,1379.7372581018783
892a3392c9bffff,Weymouth,0.0,1,42.2071051581707,-70.92489473285072,100509,18.334762977268177,True,DS3083,1185.856859347754,DS3524,2538.1301020975625
892a3392cc3ffff,Weymouth,0.0,61,42.20794286146022,-70.93052524338573,99133,15.935006084764565,True,DS3083,1489.4598946450044,DS3014,2204.723607613851
892a3067183ffff,Cambridge,0.0,15,42.37460052441726,-71.11749110881196,357531,11.186686816656607,True,DS89959,289.6498606176607,DS1058,834.195830434601
892a3067103ffff,Cambridge,0.0,1,42.369736202834375,-71.12585976121206,356585,18.520369522757345,True,DS89959,947.3042905906409,DS90185,1744.3503633294927
892a3067133ffff,Boston,0.0,8,42.36325230576512,-71.12169587840428,361560,54.367393909697554,True,DS90185,1101.7653445137132,DS89959,1516.8504365785413
892a3067137ffff,Boston,0.0,10,42.36113304081283,-71.1194065604855,361503,48.28650241409767,True,DS90185,540.6176853542406,DS3060,1474.566853629605
892a33904dbffff,Quincy,0.0,2,42.22976341896995,-71.01024529502618,31199,104.04475631835574,True,DS100288,1338.1773842326897,DS90190,2221.6091145834716
892a339051bffff,Braintree,0.0,3,42.20366849255867,-70.9920791023277,26891,17.57090218506189,True,DS90182,1306.9521773098986,DS2172,2360.5838869738177
892a306728bffff,Belmont,0.0,3,42.39356364352508,-71.16867149852585,270169,14.361547033510535,True,DS100291,789.0779898162226,DS90389,952.6837034262018
892a339048fffff,Braintree,0.0,1,42.22198014189569,-70.9974816475352,30154,49.216372059805025,True,DS89903,1302.0603493092717,DS90182,3017.326625826542
892a3067203ffff,Belmont,0.0,1,42.38863585,-71.17370704999999,269619,25.42732132334201,True,DS100291,1049.6624283444678,DS3374,1097.8540110751144
892a3067213ffff,Belmont,0.0,13,42.390793802157006,-71.16912435088966,269600,52.0845879778003,True,DS100291,1090.8003363890439,DS90389,1282.0942191968572
892a3392cd3ffff,Weymouth,0.0,28,42.21027072322436,-70.92884994714669,100069,74.33189385080264,True,DS3083,1080.1056636832739,DS3014,2645.868892362164
892a3392cd7ffff,Weymouth,0.0,97,42.207836978311605,-70.92748078221453,99127,46.82270330735025,True,DS3083,1497.123870975013,DS3014,2302.6591722692515
892a3392d63ffff,Weymouth,0.0,74,42.17555834745792,-70.92368561887555,88842,30.824247308859167,True,DS3475,3215.469832485152,DS3524,3893.7576087637526
892a3392d67ffff,Weymouth,0.0,22,42.17321423768226,-70.92311304397145,88836,19.51722729601048,True,DS3475,3402.927758413551,DS3524,4185.87917534086
892a3392d6bffff,Weymouth,0.0,58,42.17584691333422,-70.92782342191057,88937,69.28736448330802,True,DS3475,2895.580281160196,DS3524,4178.985388776058
892a3065003ffff,Newton,0.0,1,42.35057849946576,-71.20579602612554,286296,12.946121708396317,True,DS90399,206.58114568158913,DS90349,358.57040158335633
892a3065027ffff,Newton,0.0,5,42.33989139745572,-71.19960192348307,285831,58.458237254697835,True,DS90399,1602.9140915125172,DS2146,1628.308476152082
892a306502bffff,Newton,0.0,6,42.34207242643468,-71.20673577882002,285888,13.776857904995746,True,DS90399,951.16561190349,DS90349,1223.1942442010816
892a306503bffff,Newton,0.0,3,42.344340800997365,-71.20608411887694,285879,30.066817289127684,True,DS90399,900.7062684266837,DS90349,1172.734900724275
892a3065047ffff,Newton,0.0,1,42.34997765774412,-71.21157093842194,286452,19.87604478142144,True,DS90349,377.0783826793914,DS90399,432.3201310413629
892a3392d6fffff,Weymouth,0.0,57,42.17322811620984,-70.92575196650368,97498,33.15858075578443,True,DS3475,3115.5990769098657,DS3524,4302.659558435712
892a3392d73ffff,Weymouth,0.0,21,42.17831214530801,-70.92263595846535,88424,42.54050772684976,True,DS3475,3161.433530014797,DS3524,3487.1914465408295
892a3392d7bffff,Weymouth,0.0,90,42.17844035011039,-70.92619244335154,97667,14.088925739911394,True,DS3475,2752.985252781815,DS3524,3882.6424830501915
892a339305bffff,Milton,0.0,6,42.26011196197775,-71.04926064259361,14965,20.25544363444197,True,DS1967,834.3391193547859,DS2163,2128.1545787356645
892a3064db7ffff,Milton,0.0,1,42.27131649652579,-71.06762170941116,168208,23.697109698548076,True,DS1003,482.3939133307885,DS2289,2276.979036087306
892a3064e0bffff,Boston,0.0,69,42.29364931388061,-71.13255238662148,243221,18.865457025124115,True,DS3335,1175.241642367554,DS1243,1197.5900315937079
892a3064ccfffff,Boston,0.0,2,42.298222675000005,-71.10294400000001,262634,1.6152123750086698,True,DS2973,2368.8691170063407,DS1966,2553.876561278612
892a3064d23ffff,Milton,0.0,136,42.26693665609656,-71.08018756044898,407497,37.546042739538414,True,DS1003,1654.2371103031344,DS89826,1807.9010734133567
892a3064d2bffff,Milton,0.0,51,42.26639651790581,-71.08303571322979,407481,63.544301471540884,True,DS89826,1638.2243520151633,DS1003,1974.9919137173254
892a3064d2fffff,Milton,0.0,49,42.26433583934998,-71.08220695676262,407514,52.770880715603035,True,DS89826,1684.979880065963,DS1003,1944.2748014557226
892a3064d33ffff,Milton,0.0,36,42.26855076499496,-71.07702456814282,407578,83.22230511047688,True,DS1003,1352.0375565446054,DS89826,2152.9752421452986
892a3393083ffff,Quincy,0.0,59,42.26102234235737,-71.02605315121428,16604,46.00142798608571,True,DS1534,1002.5004612274807,DS2163,1548.829173720007
892a3393087ffff,Quincy,0.0,68,42.25972292294552,-71.02508109054979,16605,46.34413402465066,True,DS1534,1250.6542807024643,DS2163,1322.2022474834346
892a339308fffff,Quincy,0.0,49,42.25945128917489,-71.02872120928429,15907,68.85494178458703,True,DS1534,1359.0257400557493,DS2163,1361.2964742795787
892a33930c3ffff,Quincy,0.0,13,42.26454753980234,-71.03750277928592,15278,3.590450618157985,True,DS1967,865.1356381822873,DS100309,1312.829548693315
892a33930c7ffff,Milton,0.0,7,42.26113609141227,-71.03550396468283,15304,76.60689870867287,True,DS1967,1213.058665649567,DS2163,1545.2223752179689
892a3064c4fffff,Boston,0.0,2,42.29461390830641,-71.10818277520977,261021,35.641061414229355,True,DS2973,1766.456564907339,DS89725,2321.2885859577514
892a3064c53ffff,Boston,0.0,2,42.29845605362127,-71.1046546603219,262689,77.59665709662025,True,DS2973,2414.8885261017,DS1966,2599.895970373971
892a3064c57ffff,Boston,0.0,3,42.29749440908871,-71.10335236892155,262692,25.265104657406013,True,DS2973,2320.1279426857877,DS1966,2505.135386958059
892a3064c6fffff,Boston,0.0,7,42.2856987109901,-71.10729526990322,262204,44.01622802365923,True,DS2973,1307.3977638488534,DS90243,2223.9503402616897
892a3064c7bffff,Boston,0.0,2,42.29200915,-71.10915172499999,261037,25.835581887219394,True,DS2973,1414.929649658385,DS89725,2200.8756819098426
892a3064bb7ffff,Boston,0.0,27,42.25258922573066,-71.11236049151161,250297,43.895013647674325,True,DS3239,1567.8547302631987,DS89797,2025.5989751948232
892a3064c03ffff,Boston,0.0,11,42.29371327628228,-71.09544466551036,268131,43.265077313782974,True,DS89725,943.0239240655682,DS2289,2152.0103056578805
892a3064c2bffff,Boston,0.0,13,42.28637303121401,-71.09826061969194,262465,41.50887945402399,True,DS2289,1145.9117863185481,DS89725,1362.6045322263337
892a3064c43ffff,Boston,0.0,11,42.29648673150859,-71.10781087343982,261013,35.57209147747601,True,DS2973,2080.3467111580935,DS1966,2425.437324858588
892a33930cbffff,Milton,0.0,2,42.263006625,-71.042882325,15092,72.5493051965113,True,DS1967,589.3800637541048,DS100309,1841.663076892303
892a3393107ffff,Quincy,0.0,13,42.23529530122713,-71.01810813410012,23940,11.250605556754149,True,DS100288,637.6855053732966,DS90190,2272.179626195096
892a3393117ffff,Quincy,0.0,76,42.23769855670649,-71.01692893059851,23934,46.38541030721244,True,DS100288,1255.859669809674,DS90190,1866.598805549915
892a3393123ffff,Quincy,0.0,2,42.22914168962516,-71.0176376652264,31117,12.907862748570103,True,DS100288,1330.9646408399105,DS90190,2777.55925770111
892a3393133ffff,Quincy,0.0,4,42.23229916159464,-71.01704463415136,31138,30.001137336460335,True,DS100288,687.5152591531191,DS90190,2322.0093799749184
892a3393137ffff,Quincy,0.0,7,42.22961872692832,-71.01372925517201,31180,21.707046870611144,True,DS100288,1189.786567596471,DS90190,2636.3811844576708
892a339313bffff,Quincy,0.0,2,42.23287574132982,-71.02057308341125,24041,4.16573998374942,True,DS100288,792.0786591014257,DS90190,2426.5727799232254
892a30674bbffff,Medford,0.0,2,42.407452480773074,-71.11567973431079,317119,4.080187382835844,True,DS1530,1553.0142498680716,DS3560,1629.5781480604862
892a30673dbffff,Belmont,0.0,189,42.37967676227829,-71.16169675970748,271405,8.655828308249916,True,DS90038,1179.0756444100568,DS2481,1554.7289171692591
892a3067407ffff,Somerville,0.0,2,42.40438717720049,-71.12197097365072,287934,2.414041169273696,True,DS100488,979.9111510293458,DS3560,1194.3737618545074
892a30673c3ffff,Watertown,0.0,2,42.375884895762994,-71.15901919110605,319275,37.48162018570809,True,DS90038,637.6266902631394,DS2481,1005.4240688507412
892a30673cbffff,Belmont,0.0,74,42.37777951497553,-71.1624785740178,271367,93.41421390466171,True,DS90038,959.6187598314762,DS2481,1391.4714756241247
892a30673d3ffff,Belmont,0.0,1,42.3803484461508,-71.15807837378676,271441,17.318884366487435,True,DS90038,1119.0923952025992,DS2481,1459.3411606678076
892a3393053ffff,Milton,0.0,3,42.26204596666667,-71.04271808333334,15093,38.466661793575355,True,DS1967,365.6910335539879,DS2163,1814.4365554206365
892a306730fffff,Watertown,0.0,11,42.36699124504971,-71.16008893265494,318754,16.421769127888822,True,DS90038,604.0807917034194,DS90016,1069.1073817418373
892a306732fffff,Boston,0.0,3,42.35671926723338,-71.15695804403377,325028,28.957207281944108,True,DS89690,856.0383546568844,DS2816,1117.6785266335346
892a3064b2fffff,Boston,0.0,1,42.24607278955622,-71.12955542110242,245749,39.96343709300745,True,DS3239,881.0854456370918,DS89797,1379.3447565979222
892a3064b7bffff,Boston,0.0,1,42.25303672043154,-71.14188918292778,244783,30.85207769411593,True,DS2770,1869.9278789800485,DS3239,2411.685402018519
892a3064ba7ffff,Boston,0.0,67,42.25063333110609,-71.11460754517297,250310,40.21219079421071,True,DS3239,1344.341921628899,DS89797,1679.5015170773179
892a33931a7ffff,Quincy,0.0,2,42.23092790012839,-71.00919271214372,30762,39.70662457282651,True,DS100288,1176.1524576942024,DS90190,1996.6203772601777
892a33931afffff,Quincy,0.0,3,42.23160073120015,-71.01239241540122,31214,28.889060407016995,True,DS100288,787.3710126377595,DS90190,2083.2600180894283
892a3393203ffff,Milton,0.0,43,42.25655209112836,-71.06763047658514,407804,31.525662760930903,True,DS1003,2107.8583644168916,DS1967,2440.893612380543
892a3393207ffff,Milton,0.0,1,42.25273773224694,-71.0669406208322,408292,45.38548005347505,True,DS1003,2553.5141893335867,DS1967,2794.5053828847745
892a339320bffff,Milton,0.0,18,42.25624108805709,-71.07126044597273,407770,27.08789349788625,True,DS1003,2269.2646152252973,DS1967,2739.587486088729
892a339320fffff,Milton,0.0,7,42.25333388656164,-71.0687142990326,407782,28.469283675841606,True,DS1003,2452.8153115561063,DS1967,2923.1381824195378
892a3393213ffff,Milton,0.0,38,42.25891883075229,-71.06554156363777,407915,36.69321425933396,True,DS1003,1919.46356814326,DS1967,2495.8271979247406
892a3393217ffff,Milton,0.0,23,42.25657971083689,-71.06186504777898,407880,44.342660194890534,True,DS1967,2231.643715679578,DS1003,2420.1326698038165
892a3393223ffff,Milton,0.0,13,42.24935396434073,-71.0656987414574,408286,55.59201698315107,True,DS1967,2634.429419348969,DS1003,3138.97135487942
892a339322bffff,Milton,0.0,6,42.249288996574855,-71.07052794481457,407144,15.247935171602585,True,DS1003,2936.1851209456536,DS1967,3066.788827851169
892a3393233ffff,Milton,0.0,33,42.2507976550179,-71.06237033233728,408266,29.37402751229505,True,DS1967,2354.2602880446802,DS1003,3063.259012284447
892a339323bffff,Milton,0.0,43,42.25027238030792,-71.06725395583187,408323,12.339938608396078,True,DS1967,2823.0451049040967,DS1003,3084.361652311912
892a3393247ffff,Milton,0.0,78,42.25610102080912,-71.07640665643476,407726,27.923237489181684,True,DS1003,2345.906215853157,DS89826,2543.8811677058306
892a339324fffff,Milton,0.0,41,42.25702912284064,-71.07913839030995,407389,25.10641591532375,True,DS89826,2272.9681554084013,DS1003,2441.636144935357
892a3393263ffff,Milton,0.0,48,42.25027710608693,-71.07516027841542,407180,85.69448843148618,True,DS1003,3078.3448996704046,DS89826,3113.5288196266124
892a3393267ffff,Milton,0.0,66,42.24847156652008,-71.07391487152557,407114,192.3670571618878,True,DS89826,3456.407524487547,DS1003,3632.1129636871224
892a3393273ffff,Milton,0.0,75,42.2532851484373,-71.07412285918164,407752,67.40080494652953,True,DS1003,2767.1180136833036,DS89826,2909.5150412860644
892a3393277ffff,Milton,0.0,100,42.25062095715813,-71.07161981746712,407146,88.05418420907354,True,DS1003,3031.801842634357,DS1967,3210.0448968934566
892a339327bffff,Milton,0.0,17,42.25380170139431,-71.07706570254058,407158,37.323628624022625,True,DS1003,2612.61279345087,DS89826,2647.7967134070777
892a306761bffff,Arlington,0.0,4,42.40983975234444,-71.15899457138607,258608,19.92706997989738,True,DS89739,1161.4201832758413,DS1370,1471.3471090090795
892a3067643ffff,Arlington,0.0,1,42.40833932604762,-71.16927902513602,258856,49.40735570842829,True,DS89739,1579.4804977356714,DS90389,1890.9481694970727
892a3067647ffff,Arlington,0.0,2,42.40631795216124,-71.16342011248773,258744,22.992719097255637,True,DS90389,1365.534712121268,DS89739,1620.4904276206285
892a3067647ffff,Belmont,0.0,1,42.40507548259034,-71.16524224338725,258778,27.97467228398129,True,DS90389,1165.7840385128497,DS100291,1442.1502582755443
892a306764bffff,Arlington,0.0,4,42.40920017161751,-71.17197755459716,259002,43.81239412404241,True,DS89739,1507.8996808590982,DS90389,1853.9494198917512
892a306764fffff,Belmont,0.0,2,42.40677832857398,-71.16886749629384,259027,41.54936478875071,True,DS90389,1347.0302001213308,DS100291,1623.3964198840258
892a306765bffff,Arlington,0.0,2,42.41331260494141,-71.1703389830395,258937,42.58232631996546,True,DS89739,1167.062018686913,DS90389,2229.893229649355
892a306766bffff,Belmont,0.0,8,42.40223057431603,-71.1699747506203,259036,15.199350529090712,True,DS90389,686.0240669291233,DS100291,962.3902866918177
892a3067603ffff,Arlington,0.0,14,42.40638341801933,-71.15485622035517,294357,40.266158091663065,True,DS1370,1597.0554051408017,DS2822,1717.4311599697826
892a30674abffff,Somerville,0.0,1,42.40509534643958,-71.11765163328174,317340,27.832418526893527,True,DS3560,1209.522301245068,DS100488,1320.217264031629
892a306e0b3ffff,Waltham,0.0,2,42.36897031350644,-71.26836874471466,154121,87.39670958512875,True,DS89647,1693.5316327596668,DS100539,1693.5316327596668
892a339304bffff,Milton,0.0,113,42.25874823373329,-71.05125232537857,15006,22.20334658473746,True,DS1967,1056.6605066647232,DS2163,2350.475966045602
892a306e42bffff,Waltham,0.0,1,42.37855722953088,-71.2662569676128,148920,26.05959490680485,True,DS89647,476.8539477522844,DS100539,476.8539477522844
892a3393043ffff,Milton,0.0,164,42.258605358034565,-71.04692059004906,14883,22.313785549350115,True,DS1967,597.0052866521786,DS2163,1890.820746033057
892a339301bffff,Milton,0.0,1,42.25942035238409,-71.0365069674127,15307,55.151901730772884,True,DS1967,657.701507182761,DS2163,1245.8304992695032
892a3393013ffff,Quincy,0.0,1,42.25829728334463,-71.03171285985516,15973,15.077251567111505,True,DS2163,936.669188398427,DS1967,1172.1817298986891
892a3393287ffff,Milton,0.0,44,42.258631815819015,-71.05546010605354,408120,22.458250014908177,True,DS1967,1415.2918256513233,DS1003,2557.197665959658
892a3392ba7ffff,Weymouth,0.0,10,42.15728868928334,-70.94784969669081,78119,13.11404970115896,True,DS89637,1003.186132324735,DS3475,2081.215134855294
892a3393297ffff,Milton,0.0,4,42.26020569141446,-71.05301811428106,408101,32.645462122982636,True,DS1967,1155.1249730506047,DS1003,2248.0410756437786
892a33932a3ffff,Milton,0.0,98,42.25325826452074,-71.05571974019826,408187,33.467193788088736,True,DS1967,1710.7190018482684,DS2163,2927.881306672231
892a3393013ffff,Milton,0.0,15,42.2597646113212,-71.03467288665243,16008,15.862099178893791,True,DS1967,1029.8899508924133,DS2163,1285.0086520248506
892a33932abffff,Milton,0.0,9,42.252286248991616,-71.05955432486452,408265,73.4504940643417,True,DS1967,2201.9932854005588,DS2163,3318.8653488519294
892a33932afffff,Milton,0.0,86,42.25165521042933,-71.05822463819996,408216,80.57050861194911,True,DS1967,1966.3612077461662,DS2163,3083.233271197537
892a33932b3ffff,Milton,0.0,144,42.25638254108697,-71.05357491426993,408197,30.962618519895447,True,DS1967,1313.0638915974973,DS2163,2602.6589920767815
892a306499bffff,Milton,0.0,190,42.263987343449855,-71.09125245024349,268864,65.70059988947163,True,DS89826,989.0803417772461,DS2289,2482.5383965192227
892a306e557ffff,Waltham,0.0,41,42.37196604659997,-71.25534072939175,153233,35.425846898067874,True,DS2152,710.3318320977278,DS90428,896.572677781365
892a3076ed3ffff,Lynn,0.0,25,42.4743703981567,-70.95179786467602,67625,70.77358546694938,True,DS89936,804.873810469758,DS2686,910.1838075913189
892a3076edbffff,Lynn,0.0,8,42.47468141912841,-70.95727891293319,67960,36.98469607922002,True,DS89936,392.6847637734786,DS2686,679.6598392627523
892a3064e6fffff,Boston,0.0,1,42.28596258679902,-71.13809040598636,237349,20.14274926671511,True,DS3335,596.5573291672262,DS1243,636.6054858272279
892a3064e57ffff,Boston,0.0,2,42.29624840953064,-71.13266324748935,239156,39.893290312091345,True,DS3335,1574.2081661303312,DS1243,1596.556555356485
892a30672c7ffff,Belmont,0.0,5,42.39240691515021,-71.171224025893,270344,21.743213462874515,True,DS100291,831.4021746207674,DS90389,999.7406623688038
892a306e093ffff,Waltham,0.0,2,42.37674764735314,-71.26789594163597,148906,21.755645558527387,True,DS89647,353.5682613178298,DS100539,353.5682613178298
892a306e09bffff,Waltham,0.0,2,42.37727747548802,-71.2730085387126,148686,22.289504321461912,True,DS89647,704.2255190893864,DS100539,704.2255190893864
892a30672afffff,Belmont,0.0,37,42.381676572592,-71.16282198396807,271211,30.523852904829422,True,DS90038,1486.4357636880454,DS3374,1791.3891971052306
892a33932bbffff,Milton,0.0,15,42.25634951880231,-71.05744054626942,408158,10.07460870102753,True,DS1967,1928.501995363178,DS1003,2580.2879269542755
892a3393327ffff,Quincy,0.0,2,42.22748640066951,-71.04824666182324,25042,1.8288385323457677,True,DS100292,1821.1054246522463,DS89991,2830.9315460011744
892a3393363ffff,Milton,0.0,1,42.23134415185908,-71.06282656617995,404104,81.01218429004999,True,DS100292,3359.5271691233593,DS89991,4369.353290472288
892a339336bffff,Milton,0.0,61,42.23178452490064,-71.06557610070442,404096,42.962800021923144,True,DS100292,3613.9273210377874,DS89864,4506.840291147636
892a339336fffff,Milton,0.0,16,42.23027227704766,-71.06426505210608,404103,32.80449227647194,True,DS100292,3287.3943963439174,DS89864,4229.920441918478
892a3064963ffff,Milton,0.0,9,42.25019449558005,-71.1079137274156,272734,38.934337369642115,True,DS3239,2257.722392088569,DS89797,2279.2317591867145
892a306496bffff,Boston,0.0,116,42.25089651382033,-71.11147209595846,250285,19.91245234167503,True,DS3239,1692.568666088153,DS89797,1714.0780331862984
892a306496bffff,Milton,0.0,2,42.25159648294274,-71.1091025144067,250272,71.18050583299758,True,DS3239,1996.7659876606524,DS89797,2018.275354758798
892a306496fffff,Boston,0.0,24,42.24831998261445,-71.11046271467194,250258,20.44497210459087,True,DS3239,1887.6551120675165,DS89797,1889.4332144386356
892a306496fffff,Milton,0.0,22,42.24778004833249,-71.1085222244247,250248,6.979519519486615,True,DS3239,2138.750534050723,DS89797,2157.8013019738096
892a306497bffff,Boston,0.0,13,42.25271602756099,-71.11039125903469,250274,53.006831464045405,True,DS3239,1994.203285828077,DS89797,2158.4873578937495
892a3064983ffff,Milton,0.0,105,42.26147809645452,-71.08929788665488,268756,8.618084789591151,True,DS89826,1249.8942678615385,DS1003,2718.5733126878017
892a306498fffff,Milton,0.0,250,42.25893604500606,-71.09115997684282,268829,63.961263779970196,True,DS89826,1748.1987519834531,DS1003,2924.188087502727
892a3064993ffff,Milton,0.0,87,42.26401925673876,-71.0869848322322,407454,35.58206839651356,True,DS89826,1174.7274898725398,DS1003,2427.6980492654775
892a3393417ffff,Quincy,0.0,4,42.27664014134983,-71.01551145258497,174710,35.092232037464,True,DS2669,1384.2043097527653,DS1534,1429.670898059725
892a306e563ffff,Waltham,0.0,3,42.36365187944912,-71.26048010299772,153907,11.695046203423361,True,DS2152,1881.1795259457006,DS90428,2050.199269524329
892a306e56bffff,Waltham,0.0,1,42.36388090494116,-71.26117407869489,153910,16.784204481883027,True,DS2152,1944.3429724705857,DS90428,2113.3627160492138
892a306e56fffff,Waltham,0.0,1,42.36089069999999,-71.26183529999999,154547,14.566544660566834,True,DS2152,2113.769166943928,DS90428,2282.4095007507126
892a306e573ffff,Waltham,0.0,1,42.367553577183,-71.25582636072764,153434,13.333701412167295,True,DS2152,1562.9650203295341,DS90428,1731.9847639081627
892a306e57bffff,Waltham,0.0,6,42.36721334042208,-71.2605515991218,153736,28.613011125432095,True,DS2152,1852.8516578521053,DS89647,1910.0624898346803
892a306e43bffff,Waltham,0.0,2,42.38267205149058,-71.26480553149634,148980,28.409036584105376,True,DS90370,610.559510750159,DS90059,668.52693021897
892a306e467ffff,Waltham,0.0,2,42.37858436127362,-71.27332268152296,148669,22.184183414126075,True,DS89647,860.6017319584487,DS100539,860.6017319584487
892a306e4c7ffff,Waltham,0.0,1,42.393832089759485,-71.2637138928864,149576,49.270542401540375,True,DS2279,277.6985328662445,DS89875,1033.4963024530705
892a306e50bffff,Waltham,0.0,7,42.36874988986709,-71.2553171164033,153468,13.267024645205122,True,DS2152,1598.9757897259647,DS90428,1777.6314101300527
892a306e50fffff,Waltham,0.0,3,42.36605615618279,-71.2536861347799,292471,16.276493981326045,True,DS2152,1346.9531063597096,DS90428,1509.614936155241
892a30672a7ffff,Belmont,0.0,9,42.3817678829602,-71.16092705259872,271426,42.81025922589973,True,DS90038,1398.907361811464,DS2481,1773.2009590997138
892a3064947ffff,Milton,0.0,5,42.2572348184611,-71.10705785324288,272583,25.84293724026469,True,DS3239,2148.3322052304725,DS89826,2242.327953830508
892a306488bffff,Boston,0.0,1,42.2811925325741,-71.10706262546113,262279,12.743303667298937,True,DS2973,1346.6985818170979,DS2289,2164.341717516036
892a306488fffff,Boston,0.0,32,42.2772040305512,-71.10624674534081,262244,104.06533854758483,True,DS2289,2284.22401082446,DS89826,2611.3718405211275
892a3064893ffff,Boston,0.0,2,42.28376947358608,-71.10258585114414,262504,10.477487306123889,True,DS2289,1642.0304655163045,DS2973,1759.6397596825727
892a3393487ffff,Quincy,0.0,12,42.27633760602162,-71.00955244411345,174653,18.397450453764648,True,DS1534,1624.1007210195892,DS2932,1801.6037995547488
892a339348fffff,Quincy,0.0,103,42.27684843425188,-71.01340386198895,174669,87.4286420907012,True,DS1534,1494.6748981181356,DS2932,1556.2200305280794
892a33934b3ffff,Quincy,0.0,25,42.27485833880914,-71.0081768828485,178804,10.499589264005579,True,DS1534,1667.4480603022012,DS2932,2058.252654210576
892a33934bbffff,Quincy,0.0,161,42.27529438580607,-71.0108271907409,178798,84.97817089620257,True,DS1534,1480.999863257521,DS2932,2077.866098201693
892a306eca7ffff,Newton,0.0,70,42.32607152777341,-71.23710238270152,284322,16.64410924441385,True,DS89808,2423.652073487056,DS3522,2638.0716324334735
892a306ecafffff,Newton,0.0,85,42.32604865964532,-71.24164101220153,280569,8.635337164413471,True,DS89808,2076.6182440325656,DS3522,3085.9387690713197
892a306ecb3ffff,Newton,0.0,8,42.33000307223468,-71.23843251255036,284169,9.984167363333476,True,DS89808,2280.845469158879,DS3522,2912.7272190628796
892a306ecb7ffff,Newton,0.0,40,42.327982457615846,-71.23608681879497,284222,46.92982348669389,True,DS89808,2526.281999364685,DS3522,2617.9834543282013
892a306ecbbffff,Newton,0.0,47,42.33068464212236,-71.24150372700886,280851,18.628144157666117,True,DS89808,2023.0658594781198,DS2125,2807.4933032267845
892a306ec17ffff,Newton,0.0,5,42.32984629853725,-71.24647966817201,280746,21.687497920484844,True,DS89808,1456.930036676214,DS2125,2833.1813325944927
892a306e5cfffff,Waltham,0.0,94,42.373466496292494,-71.25371007894705,296083,32.52235129741083,True,DS2152,468.613008058261,DS90428,654.8538537418984
892a306e92fffff,Needham,0.0,32,42.28196800146903,-71.251703873955,169987,14.843281779818115,True,DS100070,1381.8084099604282,DS1023,1457.4716811821213
892a3390413ffff,Braintree,0.0,60,42.221604176538825,-71.0038394574424,30975,13.913378528382522,True,DS89903,807.2355281040485,DS89991,2184.976839712387
892a307432bffff,Malden,0.0,4,42.43603131266143,-71.0340956112084,9688,41.40694636299524,True,DS89753,776.2916944807212,DS90279,1426.845244468232
892a339040bffff,Braintree,0.0,109,42.21833968659184,-71.01062185288157,26262,107.21260444133229,True,DS89991,1498.941393126307,DS89903,1521.2438432777294
892a3067373ffff,Watertown,0.0,4,42.36647498480956,-71.16228818821452,318752,26.42107882063086,True,DS90038,787.0788316908006,DS90016,1257.5972230170014
892a306eca3ffff,Newton,0.0,89,42.32845824982719,-71.23960727552755,284195,6.849818546261291,True,DS89808,2112.663356534861,DS3522,2813.7233364034164
892a3064887ffff,Boston,0.0,74,42.27714399731288,-71.10087611142808,262432,41.71591031090921,True,DS89826,1381.262261552506,DS2289,1955.6393683331162
892a3064813ffff,Boston,0.0,1,42.27624977861137,-71.1102777470458,250747,19.603412594258533,True,DS2973,1334.829425297812,DS1716,1957.444833925993
892a30644cbffff,Boston,0.0,1,42.35802383474488,-71.1195422771598,361488,168.65916066705873,True,DS90185,842.70415137091,DS3060,1779.4117231556136
892a3064457ffff,Boston,0.0,1,42.35324210186136,-71.11780739254463,362635,23.060051114268774,True,DS2064,317.173540355006,DS3200,630.3937950705943
892a3064e1bffff,Boston,0.0,3,42.29697855758789,-71.13122059560236,239118,40.82509784080204,True,DS3335,1603.5295092957467,DS1243,1625.8778985219003
892a3393543ffff,Quincy,0.0,9,42.25987518976318,-71.017666261393,16580,24.54138318121314,True,DS1534,1054.2219691718053,DS2669,1721.2688015480978
892a339354bffff,Quincy,0.0,80,42.25944651943358,-71.02032532166558,16594,60.42985944669466,True,DS1534,1128.7340936855712,DS2669,1773.5244551335575
892a3064e0fffff,Boston,0.0,21,42.29193219220891,-71.13127906198955,239018,35.501855111052265,True,DS3335,907.9106440923721,DS1243,930.259033318526
892a3392edbffff,Weymouth,0.0,123,42.21050431628876,-70.96479311968966,55166,73.60773212631163,True,DS3025,1313.5974021259515,DS3014,2683.8105431318327
892a30642a3ffff,Brookline,0.0,8,42.3292605754942,-71.14700930335377,338107,16.585143003977542,True,DS3391,1079.9759316422887,DS90317,1710.489076741181
892a30642abffff,Brookline,0.0,1,42.329486747381786,-71.14952173026552,338127,17.67028216037004,True,DS3391,1079.3457906361848,DS90317,1709.8589357350766
892a30642bbffff,Brookline,0.0,4,42.33141602014005,-71.1484859805366,338004,53.5310555712561,True,DS3391,800.1717454263212,DS90317,1430.6848905252132
892a3392ecfffff,Weymouth,0.0,18,42.20567379278587,-70.96597640228069,55379,48.099638022723695,True,DS3025,1211.5028063271263,DS3014,2581.715947333007
892a3392ecbffff,Weymouth,0.0,126,42.20805080774298,-70.96701723140181,55362,34.97955731822129,True,DS3025,1123.2704730679266,DS3014,2493.4836140738066
892a3393583ffff,Quincy,0.0,6,42.26229842910829,-70.99420613397345,39584,36.37243245627308,True,DS3084,1329.3069264574622,DS2951,1769.057176422281
892a3393593ffff,Quincy,0.0,80,42.26381675931328,-70.99324282868481,39575,17.242974995744326,True,DS3084,1472.480329831217,DS2951,1912.2305797960357
892a3393597ffff,Quincy,0.0,101,42.26246556336805,-70.99209208952004,39588,22.151063379864073,True,DS3084,1320.2398643595034,DS2951,1753.859051871361
892a3393627ffff,Milton,0.0,6,42.264269610511526,-71.04633458845804,15078,44.177566159467794,True,DS1967,1059.8253819618428,DS100309,2286.4588525188383
892a3064253ffff,Boston,0.0,38,42.33770346058368,-71.16645069226853,337281,8.491903387942955,True,DS2816,1839.5040875651946,DS2712,1871.7046824896422
892a3392ec7ffff,Weymouth,0.0,12,42.20549413902997,-70.9586480058984,55466,34.21640447700218,True,DS3025,797.3680343195311,DS3014,1934.6487817845532
892a3074593ffff,Lynn,0.0,15,42.47170062614828,-70.97359583452986,52894,35.11743189080793,True,DS2686,1777.2260222633809,DS89936,1945.443937665009
892a3392ec3ffff,Weymouth,0.0,61,42.20845563565436,-70.96262205032157,55562,49.19916881539359,True,DS3025,1070.1712906960554,DS3014,2440.3844317019357
892a30763b7ffff,Lynn,0.0,112,42.478858421085256,-70.95290087914977,67652,25.729120888348547,True,DS89936,608.975173143343,DS2328,1123.7324794933998
892a30763bbffff,Lynn,0.0,138,42.48245459590474,-70.95952117133702,61395,33.845125762174185,True,DS2328,665.7660212693214,DS89936,1005.6765033343777
892a30763c3ffff,Lynn,0.0,8,42.491097692390085,-70.97074412250484,61009,37.9860852504531,True,DS2328,1350.6996534046089,DS89936,2496.3123743760966
892a30763d3ffff,Lynn,0.0,138,42.49291872423149,-70.9687299425257,61003,59.12073214349566,True,DS2328,1844.844540853595,DS89936,2990.4572618250822
892a3392ebbffff,Weymouth,0.0,5,42.200909561706034,-70.95211942361212,56170,10.238973414763974,True,DS3014,860.3829145546393,DS3025,1234.3534987760713
892a306416bffff,Boston,0.0,42,42.30765608610744,-71.12450833216784,255641,32.898863644841036,True,DS1966,1167.6134525656255,DS2711,2062.135245106541
892a3392eb3ffff,Weymouth,0.0,7,42.20115517239395,-70.94768167185353,56040,47.880653358381,True,DS3014,458.56407852798037,DS3025,1335.8571924288015
892a306406bffff,Brookline,0.0,2,42.32719433898218,-71.14070300426349,338487,28.590040922710635,True,DS3391,1538.043912522577,DS3044,1898.735127900614
892a339366bffff,Milton,0.0,1,42.27030035752126,-71.0657105880431,168265,39.12252864496594,True,DS1003,756.93254812492,DS2289,2548.146490865263
892a33936c3ffff,Boston,0.0,57,42.28210454502059,-71.05388382199138,172507,71.57512840264648,True,DS2936,1091.326818614673,DS89736,1151.0578003768205
892a33936cfffff,Boston,0.0,153,42.28107348301187,-71.05542595315477,172684,51.58069178856012,True,DS2936,1056.1259944031115,DS89736,1453.316425448171
892a33936d7ffff,Boston,0.0,5,42.28417425595621,-71.04848521252669,172888,5.355607276097174,True,DS2936,564.7340492813383,DS89736,589.8714003764674
892a3397653ffff,Weymouth,0.0,1,42.150438072729024,-70.95544690847905,78448,25.805195709926966,True,DS89637,505.9331514193366,DS3475,2539.2397118954013
892a3397657ffff,Weymouth,0.0,1,42.14685312906708,-70.95353720141108,78359,32.175773843123196,True,DS89637,993.7031569962328,DS3475,3043.2916333199983
892a3062bb3ffff,Arlington,0.0,8,42.42689057017476,-71.15810637895494,254516,48.54325609700584,True,DS89739,1587.6316740421455,DS1370,2544.0425047388826
892a307482bffff,Revere,0.0,1,42.39913697172216,-71.0037658973129,28434,163.5285391603112,True,DS90024,493.1965345927499,DS89834,739.196003414106
892a3074863ffff,Chelsea,0.0,3,42.40104515924854,-71.01142353685515,28553,39.70220960658888,True,DS2701,1252.8286749554154,DS3586,1580.606796679737
892a307486fffff,Chelsea,0.0,2,42.40022491778128,-71.01274821307804,20226,73.31498313846721,True,DS2701,894.3749657794713,DS3586,1222.153087503793
892a3076367ffff,Lynn,0.0,3,42.47281097444954,-70.97553691313253,52889,12.408625155962962,True,DS2686,2076.725016310275,DS2162,2090.330038029536
892a3392e8fffff,Weymouth,0.0,13,42.202288836403895,-70.9533684191563,55980,29.242472278758214,True,DS3025,806.8469691257649,DS3014,1387.1474502611766
892a3076377ffff,Lynn,0.0,1,42.47674093483739,-70.9711390906937,53004,71.64866068812415,True,DS2328,1590.4299714696986,DS89936,1798.9756309290528
892a30763a3ffff,Lynn,0.0,30,42.48011580195461,-70.95702278307104,67705,33.65655609339104,True,DS89936,760.7312108362286,DS2328,942.0285601122768
892a30763a7ffff,Lynn,0.0,123,42.476850768256426,-70.95482190640753,67647,54.12555774505081,True,DS89936,326.9625256891632,DS2686,980.4632794887342
892a30763afffff,Lynn,0.0,1,42.47667131464291,-70.95780542497518,67917,17.273660546809158,True,DS89936,137.18894515399126,DS2686,853.0402438366142
892a3062bcbffff,Arlington,0.0,5,42.43317030001153,-71.1759000841599,253997,34.96183431079257,True,DS2798,1575.4027717957094,DS89739,2593.5592873987894
892a3392e8bffff,Weymouth,0.0,14,42.20510686107035,-70.9560759090462,55438,11.44340913209463,True,DS3025,324.75641908085976,DS3014,1348.0748557503348
892a3062b57ffff,Arlington,0.0,10,42.42873659033882,-71.17900973074401,254148,9.919933806739198,True,DS2798,994.1353689256048,DS89739,2250.822763832903
892a3062b87ffff,Arlington,0.0,66,42.42835155492088,-71.15977995292766,254506,27.56264907092971,True,DS89739,1727.858625755025,DS1370,2684.2694564517624
892a3062b93ffff,Arlington,0.0,2,42.432688674410336,-71.15867556109319,254457,52.96235707280487,True,DS89739,2238.3695905623294,DS2798,2926.7886074794937
892a3062b97ffff,Arlington,0.0,69,42.43065230014148,-71.15745061837251,254492,36.99701646925714,True,DS89739,2006.7151656615522,DS1370,2945.766721185033
892a33976cbffff,Weymouth,0.0,2,42.15288673895978,-70.9527913439706,78303,13.925686102980121,True,DS89637,208.32273131592848,DS3475,2371.073651237183
892a33976d3ffff,Weymouth,0.0,1,42.15562440322242,-70.94678099897308,78332,2.7719441167190078,True,DS89637,814.8125129574722,DS3475,2296.5573042647957
892a3074a17ffff,Revere,0.0,1,42.40788416033668,-71.02763592132628,19218,45.22806175065494,True,DS3586,1324.061484951345,DS2701,1758.5425226964055
892a30749b7ffff,Winthrop,0.0,1,42.38508089076917,-70.97316722169744,36577,34.5382320334401,True,DS2729,1893.0947783721558,DS89660,2578.950585544998
892a30749cfffff,Boston,0.0,1,42.39178695,-70.99025624999999,27785,2.624125960693429,True,DS89834,1964.7605095833,DS90024,2020.1564893297775
892a30762a7ffff,Lynn,0.0,87,42.49528259762496,-70.96960476877334,61000,60.489612560094685,True,DS2328,1958.9929477250569,DS89936,3208.6834084726347
892a3076317ffff,Lynn,0.0,26,42.48292688860644,-70.9629958228944,61243,52.53878583062322,True,DS2328,691.2102517738292,DS89936,1098.7232479739507
892a3062b43ffff,Arlington,0.0,3,42.42733116118735,-71.18091815082593,248218,16.763892070039855,True,DS2798,765.182058464139,DS89739,2150.5607285410633
892a3062943ffff,Arlington,0.0,7,42.42869921734698,-71.15334351815287,295096,52.89872373251152,True,DS89739,1893.0629303324656,DS1370,2766.9301653781554
892a306294bffff,Arlington,0.0,85,42.42844147244218,-71.15575268452436,254521,36.85275204516862,True,DS89739,1738.5301156331977,DS1370,2612.3973506788875
892a306295bffff,Arlington,0.0,33,42.43052027579549,-71.15473110439503,295118,86.41077175917994,True,DS90146,2426.9515752063407,DS90427,3247.1240310118756
892a306297bffff,Arlington,0.0,3,42.42263369072689,-71.15337804003242,295030,65.97780148950294,True,DS89739,1202.3455845402389,DS1370,1798.6211836707796
892a3062987ffff,Medford,0.0,1,42.42798806764355,-71.13042926119036,305742,26.32051707668342,True,DS90146,1158.535369175692,DS90427,1570.9737028868622
892a30629a3ffff,Medford,0.0,2,42.42160762300604,-71.12925565991546,289069,28.284446844915873,True,DS90146,496.5622006167694,DS1530,1535.5706804234685
892a3061d77ffff,Waltham,0.0,5,42.420033384317016,-71.26739242913132,134779,23.46999098272633,True,DS3385,3250.2774745980114,DS3271,3919.636048166322
892a306282bffff,Arlington,0.0,5,42.43544500117074,-71.15698177254265,254480,47.61848309358248,True,DS89739,3217.295954553146,DS2798,3506.0551204561502
892a306282fffff,Arlington,0.0,21,42.43285938074678,-71.15567761109844,254489,62.48285093413918,True,DS89739,2214.609890217252,DS1370,3088.477125262941
892a3062867ffff,Arlington,0.0,1,42.434976808140114,-71.1612568924523,254462,19.549921244332587,True,DS89739,2702.3987309329927,DS2798,2991.157896835997
892a339a42fffff,Dedham,0.0,4,42.24477747696034,-71.16096648527196,224278,25.75004893493634,True,DS2770,1283.235391019486,DS89988,1423.7071125252965
892a3064eb7ffff,Boston,0.0,1,42.29240366794339,-71.11218274487001,261067,37.96109449001784,True,DS2973,1361.2147208840815,DS90243,2218.640776818706
892a339a453ffff,Boston,0.0,22,42.26220582988016,-71.16663951642396,229312,38.72942010096882,True,DS3163,2157.1764744592183,DS3207,2923.2280908089547
892a3060d9bffff,Arlington,0.0,11,42.41542627200966,-71.18115042715867,259243,48.640005929227634,True,DS2798,1487.1531216495357,DS89739,2190.763760022518
892a3060da7ffff,Belmont,0.0,1,42.40246966580343,-71.17332193740964,259066,48.96590721123768,True,DS90389,1135.5652385764447,DS100291,1399.4731920021686
892a3060db7ffff,Belmont,0.0,1,42.40251953955783,-71.17160531278829,259046,56.96471598669339,True,DS90389,820.23451697376,DS100291,1096.6007367364546
892a3060dc3ffff,Arlington,0.0,6,42.41396407057319,-71.18921386642783,260315,57.039408320362874,True,DS2798,1781.4740312962704,DS90389,2466.048248987529
892a3060ddbffff,Arlington,0.0,60,42.41795368312453,-71.19098252206503,260359,41.448599350080904,True,DS2798,1238.4919371807316,DS90389,2881.1930716719266
892a306190bffff,Waltham,0.0,9,42.40659445059329,-71.28379898184008,136036,36.13865514158318,True,DS2279,2959.5349359796814,DS89875,3724.655525893351
892a3061913ffff,Waltham,0.0,2,42.409905535448814,-71.27967789433042,135674,41.20871754957164,True,DS2279,3880.787956596977,DS89875,4645.908546510648
892a3064e9bffff,Boston,0.0,1,42.30054300366759,-71.11986215672154,255367,61.94977706237366,True,DS1966,1711.6828355329392,DS90243,1754.0014490641804
892a3074ac7ffff,Revere,0.0,21,42.41331128007863,-71.03169337536872,11349,49.25881215268851,True,DS2539,1669.9041428183725,DS3586,1810.3480581066065
892a3074ac3ffff,Revere,0.0,29,42.414548320336834,-71.03260544879106,11348,43.611904084255904,True,DS2539,1520.2871843971714,DS1377,2215.2584235715804
892a3076177ffff,Lynn,0.0,73,42.47744007048858,-70.94123777609978,67305,43.40284548212171,True,DS100557,751.2928762046521,DS2239,868.4444467377155
892a3392e87ffff,Weymouth,0.0,111,42.20213578410532,-70.949545173066,56052,24.48214236125069,True,DS3014,705.8904828149332,DS3025,1029.835405267974
892a30761c3ffff,Lynn,0.0,78,42.490001063947005,-70.94008486797432,62846,22.685161324206568,True,DS2813,1177.3211417740729,DS100557,1351.7317018160263
892a30761c7ffff,Lynn,0.0,34,42.48810127524759,-70.93883294716079,62830,54.62550327886334,True,DS2813,877.6944903444639,DS100557,1074.5600153741955
892a30761cbffff,Lynn,0.0,128,42.489976614528416,-70.94369930179052,61498,52.1726252164042,True,DS100557,1411.5358235819303,DS2239,1436.36300053749
892a30761cfffff,Lynn,0.0,74,42.48787111522607,-70.9419376328891,62856,32.25529137752359,True,DS100557,1069.1844508592915,DS2239,1094.0116278148514
892a30761d3ffff,Lynn,0.0,6,42.49147627500617,-70.93796632363063,62766,36.33349647980278,True,DS2813,972.7676357675532,DS100557,1661.833043873196
892a30761d7ffff,Lynn,0.0,13,42.49026234952715,-70.93666320483645,62843,68.14704120505347,True,DS2813,967.5436705895806,DS100557,1656.6090786952234
892a30761dbffff,Lynn,0.0,42,42.49202579746831,-70.94235243614438,62762,4.883352204542045,True,DS2813,1433.0024261427368,DS100557,1573.5739549987748
892a306191bffff,Waltham,0.0,9,42.40883544899084,-71.28108290390003,135668,82.25735194499781,True,DS2279,2990.031099682957,DS89875,3755.1516895966265
892a30619c7ffff,Waltham,0.0,7,42.41114502263255,-71.28062592228942,135673,9.829024591952324,True,DS2279,3659.491775890924,DS89875,4424.612365804595
892a3061d23ffff,Waltham,0.0,5,42.41692331707962,-71.26240230149907,135073,21.48441759886404,True,DS3385,2694.8182109357804,DS3271,3364.176784504091
892a3061d2bffff,Waltham,0.0,4,42.4178734566142,-71.26495153917053,135079,25.89320219719527,True,DS3385,2911.660209765837,DS3271,3581.0187833341474
892a3061d3bffff,Waltham,0.0,2,42.41922484148931,-71.26641171902162,135579,79.50690001688643,True,DS3385,3093.699821390873,DS3271,3763.0583949591833
892a3060cabffff,Arlington,0.0,64,42.42226939701668,-71.19452886012822,260620,22.593764244908762,True,DS2798,864.2580582193193,DS89739,3332.742696656912
892a3060cafffff,Arlington,0.0,126,42.42028856553353,-71.19334607009522,260623,28.05036931661611,True,DS2798,799.2135352597746,DS89739,3164.452579026266
892a3060b57ffff,Waltham,0.0,1,42.39118964661766,-71.24249731522639,220684,40.53497316322943,True,DS3271,1964.9786913379987,DS2821,2024.109250082049
892a3060b87ffff,Waltham,0.0,2,42.389169127474176,-71.22330107220924,222503,22.355821269667445,True,DS2494,2043.932936297495,DS90089,2185.194249478928
892a3060ba3ffff,Waltham,0.0,5,42.38507283802544,-71.22346052856443,222346,40.82051803391409,True,DS2494,1305.792495395162,DS90089,1842.7993310183447
892a3060bb7ffff,Waltham,0.0,2,42.38566728595001,-71.21889519453028,222601,49.94016241976636,True,DS2494,1755.8602732289692,DS90089,2453.134895628732
892a3060c23ffff,Arlington,0.0,13,42.41798802416144,-71.19882550973217,260722,26.25550815652933,True,DS2798,1386.4593741502292,DS90389,3460.7931131892938
892a3060c33ffff,Arlington,0.0,61,42.419595185638485,-71.1971804006937,260789,10.911690573065188,True,DS2798,1147.8990662268832,DS89739,3464.6780104671648
892a3060ca7ffff,Arlington,0.0,57,42.41989779154505,-71.19028639077841,260364,31.34666944359444,True,DS2798,902.7010448452879,DS89739,2900.051846714393
892a3392e83ffff,Weymouth,0.0,3,42.20412849033505,-70.95222435964926,55983,18.533530438232805,True,DS3025,659.5645750017998,DS3014,983.8841376352077
892a339a4c3ffff,Boston,0.0,105,42.26433854195231,-71.16181900085914,229148,33.95497347683071,True,DS3163,1926.3041487640587,DS2770,2296.9901880524717
892a339a4c7ffff,Boston,0.0,96,42.26153293720216,-71.1592411821645,226038,10.994712806467179,True,DS2770,1917.5488463938514,DS2667,2409.3569531777284
892a339a4cfffff,Boston,0.0,107,42.26178450069393,-71.16345411879017,229181,8.447369534234452,True,DS2770,1935.1089169020952,DS2667,2007.6333807505055
892a339a4d3ffff,Boston,0.0,27,42.26617260935622,-71.16047278108304,226010,33.71468074140029,True,DS3163,1691.7362978315928,DS3207,2262.33903761269
892a339a4d7ffff,Boston,0.0,30,42.26380238872407,-71.1584704885275,226030,8.799081635753195,True,DS2770,1842.7665497326611,DS3163,1999.7575618229853
892a30609cbffff,Waltham,0.0,2,42.396172257789,-71.2087677652489,223380,105.76139261705224,True,DS3194,1733.0747965279033,DS3374,2769.6257089038663
892a3060a2fffff,Waltham,0.0,1,42.3947972,-71.24773195,220667,34.54203186174888,True,DS2279,1945.4215323129793,DS3271,2163.223318478822
892a3075823ffff,Malden,0.0,7,42.41789771757541,-71.07787732033047,404665,32.30529761840394,True,DS90048,799.0953364129085,DS2205,1236.7984828233878
892a307582bffff,Malden,0.0,40,42.41744839303041,-71.08120520081395,404721,24.46725474866284,True,DS90048,1086.7075837263296,DS90148,1245.8461915719947
892a307582fffff,Malden,0.0,2,42.41638255,-71.07860572499999,404659,14.322841883789662,True,DS90048,1092.5736294303188,DS2205,1530.276775840798
892a3076143ffff,Lynn,0.0,123,42.48525004424548,-70.94878812738945,61489,31.130148375311613,True,DS2328,1180.978249819329,DS100557,1253.2167378176828
892a307614fffff,Lynn,0.0,32,42.48126396991007,-70.95001703072361,67501,50.68669633253034,True,DS89936,1299.7201942066436,DS100557,1643.6100743531067
892a3076153ffff,Lynn,0.0,127,42.48739049549172,-70.94656887772149,61496,54.87948841796089,True,DS100557,1298.1600391656914,DS2239,1322.9872161212513
892a3076157ffff,Lynn,0.0,79,42.484828079449,-70.94507107944284,61474,6.424325586061041,True,DS100557,919.9938730427817,DS2239,944.8210499983417
892a306093bffff,Waltham,0.0,162,42.382267657467104,-71.20316449961595,264991,66.10850950536604,True,DS2849,1322.1143296847324,DS3194,1810.6303709601661
892a3060967ffff,Waltham,0.0,37,42.37983514329164,-71.20859115863058,223014,73.07934033417229,True,DS2849,785.8371671622456,DS2494,1790.3985581561712
892a3060977ffff,Waltham,0.0,43,42.38172427896938,-71.20660316085902,223082,30.534313981304635,True,DS2849,1187.1140150394383,DS3194,1845.8903936607712
892a306097bffff,Waltham,0.0,1,42.38521471438732,-71.2162355952792,223285,19.84086975117344,True,DS2494,1098.434775614219,DS2849,2115.839804961563
892a30609abffff,Waltham,0.0,68,42.384857987938815,-71.19644562352832,264782,45.398988285022696,True,DS3194,828.4259723673661,DS3374,1609.529812546161
892a339a4dbffff,Boston,0.0,139,42.26667850351584,-71.16390051232182,229170,79.66569869265132,True,DS3163,1821.5313934834664,DS3207,2407.370820155552
892a3392e57ffff,Weymouth,0.0,10,42.20365892569642,-70.96801659413163,55383,53.46658656690081,True,DS3025,1431.438868680225,DS3014,2801.6520096861054
892a3060827ffff,Waltham,0.0,4,42.3944466306645,-71.21405151989181,223318,52.16993863160314,True,DS3194,2895.550558997488,DS3271,3094.384778139326
892a3075a0bffff,Medford,0.0,3,42.4253956335751,-71.11343990036197,316347,70.132741288547,True,DS1530,1016.9661993826288,DS90146,2281.2463430076486
892a3075a17ffff,Medford,0.0,37,42.42551996446847,-71.1055136823028,313063,20.37487533254584,True,DS1530,1145.7475535267254,DS90148,1628.5067977560357
892a3075a1bffff,Medford,0.0,59,42.42863157780906,-71.11118900929148,305965,24.777367984838307,True,DS1530,1264.4441823891862,DS90148,2244.53735338283
892a3392e53ffff,Weymouth,0.0,48,42.20530373381452,-70.968729259655,55380,54.83642212338918,True,DS3025,1430.2396226231963,DS3014,2800.4527636290763
892a307594bffff,Medford,0.0,10,42.40866587957599,-71.07905429385393,382781,84.72847496884242,True,DS2912,698.3660963133595,DS100163,1299.719919686257
892a3075867ffff,Malden,0.0,28,42.41812160876657,-71.08428775801148,311477,35.075105870166055,True,DS90148,1005.7781326872317,DS90258,1005.7781326872317
892a307587bffff,Medford,0.0,1,42.42372961678805,-71.09071953370007,311277,27.31966082577607,True,DS90148,221.4660745213615,DS90258,221.4660745213615
892a3076027ffff,Lynn,0.0,100,42.49014251965052,-70.94849063230411,61505,40.17664075634552,True,DS100557,1857.3386419444212,DS2239,1882.165818899981
892a3076037ffff,Lynn,0.0,63,42.492519142566096,-70.94693488854963,61544,61.39171804852312,True,DS100557,1940.6750896845806,DS2239,1965.5022666401405
892a307610fffff,Lynn,0.0,35,42.47846382661884,-70.94112350096833,67461,19.87580983441782,True,DS100557,740.8973967271089,DS2239,858.0489672601723
892a3060843ffff,Waltham,0.0,5,42.41026269431331,-71.22971685396755,226495,33.173526036742814,True,DS3385,643.0056319323191,DS3271,1295.3833458104361
892a3060853ffff,Waltham,0.0,1,42.41092639774648,-71.22639333105124,226491,15.803301848156995,True,DS3385,988.5237244021068,DS3271,1640.9014382802238
892a306085bffff,Waltham,0.0,29,42.41147686067112,-71.23175606288473,227295,51.94164978845029,True,DS3385,413.814753646882,DS3271,1425.6369469990316
892a3075a73ffff,Medford,0.0,21,42.42153839919841,-71.11595956496348,316479,58.3434369145738,True,DS1530,485.1177086350107,DS90146,1703.8874334010668
892a3029907ffff,Quincy,0.0,12,42.27134575933574,-70.9550083054191,216366,32.79570744701903,True,DS3084,4897.961081626562,DS2951,5327.47539769629
892a3029923ffff,Quincy,0.0,37,42.26761826993824,-70.95558047585305,47733,40.813431823750456,True,DS3084,4739.993933707927,DS2951,5169.508249777655
892a302992bffff,Quincy,0.0,2,42.2669337185216,-70.96271396376274,47633,101.53146052899046,True,DS3084,4241.411925783324,DS2951,4670.9262418530525
892a302992fffff,Quincy,0.0,20,42.26453013972033,-70.96026088959962,47628,24.572700425210783,True,DS3084,4311.479434857199,DS2951,4740.993750926927
892a3029967ffff,Quincy,0.0,5,42.26671801528482,-70.96514085194333,47475,49.52985984010997,True,DS3084,3873.22707286869,DS2951,4302.741388938417
892a30299abffff,Quincy,0.0,43,42.27149815219236,-70.95247719281618,216358,8.78535936831756,True,DS3084,5033.111570016595,DS2951,5462.625886086323
892a339b44bffff,Needham,0.0,79,42.27738367168077,-71.25160051659921,169962,72.03680029336357,True,DS100070,1667.3752083821958,DS1023,1743.0384796038886
892a339b45bffff,Needham,0.0,59,42.28000153994192,-71.24924516070001,170074,49.8421066567219,True,DS100070,1119.6292342166219,DS1023,1195.2925054383147
892a3392e47ffff,Weymouth,0.0,7,42.200769870447495,-70.97082492361032,69128,48.22029349912336,True,DS3025,1792.7577207037032,DS2116,3092.5570987288525
892a3392e43ffff,Weymouth,0.0,25,42.20245749309931,-70.97037094568535,55336,11.527102462562826,True,DS3025,1814.9130630430934,DS2116,3114.7124410682422
892a3065d07ffff,Boston,0.0,20,42.29147237542115,-71.1547442313782,232165,33.011185378373845,True,DS1981,926.7113274838755,DS3207,1161.7685804757214
892a3065d17ffff,Boston,0.0,31,42.29254479929202,-71.15401503230633,232172,25.024210831900167,True,DS1981,812.6464347298303,DS3207,1302.1550493926554
892a3065d23ffff,Boston,0.0,59,42.28528773037197,-71.15774098710254,229963,89.14935959400464,True,DS3207,195.86589334764747,DS3163,1330.8927827390717
892a3065d2bffff,Boston,0.0,142,42.2854578440958,-71.16100416239289,230072,13.172499552634768,True,DS3207,643.6666716203628,DS3163,1413.9624798107156
892a3392e17ffff,Weymouth,0.0,11,42.20046037240482,-70.95617607642627,56182,27.304983839911387,True,DS3025,864.7357875241066,DS3014,1263.8874301307326
892a339b483ffff,Needham,0.0,2,42.27989450155347,-71.22946216408087,175440,34.7365991975962,True,DS1023,647.612934283627,DS100070,735.0277598155503
892a3060923ffff,Waltham,0.0,62,42.38016925634282,-71.2020404725824,265003,20.580295909580073,True,DS2849,1152.7221315242136,DS3194,1609.460109099391
892a306092bffff,Waltham,0.0,101,42.379896439541305,-71.20528438416821,223058,48.645320428771605,True,DS2849,817.9525213246299,DS3194,1814.8852855791438
892a3060933ffff,Waltham,0.0,50,42.382517478240864,-71.19953167617919,264950,70.80301096151697,True,DS3194,1357.9309183340965,DS2849,1360.5954568342322
892a339a587ffff,Boston,0.0,1,42.24132593736474,-71.13281038312135,245321,19.141450259768952,True,DS89797,1946.5160611620686,DS3239,1978.9290339017066
892a3392e13ffff,Weymouth,0.0,30,42.20258252543858,-70.95749298583519,55419,2.640254944617629,True,DS3025,1159.9903949750858,DS3014,1631.2654374755825
892a302d263ffff,Weymouth,0.0,1,42.21364016518729,-70.92444848603083,100172,33.21391441933567,True,DS3083,459.25080152721455,DS3014,3019.552591810071
892a302d26bffff,Weymouth,0.0,8,42.21191421270022,-70.92711913489666,100091,32.40775267047996,True,DS3083,939.0898867808199,DS3014,2879.291596766304
892a3075a7bffff,Medford,0.0,1,42.42391084590723,-71.12065733483323,288896,19.308431286132507,True,DS1530,948.5582069145536,DS90146,1338.42793744627
892a3075a83ffff,Medford,0.0,1,42.4323342,-71.10112785000001,310715,21.925641330663783,True,DS90148,1911.6538743017163,DS90258,1911.6538743017163
892a3075a8fffff,Medford,0.0,4,42.428166084980745,-71.10443240990331,306028,8.104141211073225,True,DS1530,1452.6548380709387,DS90148,1761.233008388112
892a3075a93ffff,Medford,0.0,2,42.43356952608923,-71.09857378362867,310722,17.81867741862735,True,DS90148,2014.8339028445503,DS90258,2014.8339028445503
892a3075aabffff,Medford,0.0,12,42.42213727428816,-71.10121042032897,312988,51.596763285176166,True,DS90148,1330.3730206760029,DS90258,1330.3730206760029
892a3075e07ffff,Medford,0.0,8,42.44114792865993,-71.09302607764901,310616,40.13216923415857,True,DS90148,2734.2839648007734,DS90258,2734.2839648007734
892a3075e23ffff,Medford,0.0,12,42.43621382049288,-71.09106275872338,310879,43.63982991329203,True,DS90148,2100.3353681873095,DS90258,2100.3353681873095
892a3075bc7ffff,Medford,0.0,1,42.41293869842555,-71.09563223191692,312050,65.89034463812717,True,DS1530,1648.7524551929841,DS2912,1679.1503855697158
