geoid,city,wkt,area,lat,lon,households,no_vehicle,no_vehicle_moe
250250203042,Boston,"POLYGON ((-71.063388 42.364193, -71.062941 42.364547, -71.060673 42.365777, -71.059421 42.364629, -71.058958 42.363385, -71.062195 42.362258, -71.062911 42.361229, -71.063721 42.361241, -71.063716 42.362198, -71.063388 42.364193))",1.1705033000000104e-05,42.363789,-71.0612813926996,205,149,97.62171889492625
250214162006,Boston,"MULTILINESTRING ((-71.109465 42.25241, -71.109544 42.255412), (-71.109544 42.255412, -71.112392 42.258116))",0.0,42.255412,-71.109544,391,0,19.79898987322333
250173594002,Cambridge,"POLYGON ((-71.112329 42.362677, -71.108241 42.36405, -71.109753 42.362716, -71.110326 42.362214, -71.110928 42.361735, -71.11278 42.36013, -71.113815 42.359196, -71.116681 42.358736, -71.116597 42.359185, -71.116704 42.361255, -71.112329 42.362677))",1.6109438999991176e-05,42.361495000000005,-71.11358526897747,802,228,101.24228365658294
250250820002,Boston,"POLYGON ((-71.083724 42.313236, -71.083553 42.313186, -71.082922 42.311984, -71.083251 42.310604, -71.083919 42.310576, -71.085862 42.311689, -71.088319 42.312895, -71.089399 42.313257, -71.088331 42.31461, -71.083724 42.313236))",1.2480637500025658e-05,42.312439499999996,-71.08527606114188,336,113,100.9752444909147
250250920004,Boston,"POLYGON ((-71.071569 42.30243, -71.071426 42.303407, -71.067367 42.301007, -71.071256 42.300055, -71.072299 42.299937, -71.072011 42.301464, -71.071569 42.30243))",8.376989499989962e-06,42.301947,-71.07037338750001,396,217,132.74034804836094
250250104042,Boston,"POLYGON ((-71.090331 42.342605, -71.087823 42.342221, -71.087307 42.34199, -71.088067 42.34156, -71.091003 42.340442, -71.091188 42.340949, -71.090331 42.342605))",4.24452750000631e-06,42.341254500000005,-71.08994958956507,288,249,86.49277426467485
250250404012,Boston,"POLYGON ((-71.068217 42.375124, -71.067489 42.375265, -71.06497 42.377305, -71.064259 42.376844, -71.063092 42.374689, -71.061873 42.375951, -71.064207 42.37283, -71.061885 42.371107, -71.061079 42.370578, -71.059795 42.368767, -71.062994 42.368391, -71.064059 42.369001, -71.067115 42.371816, -71.070545 42.372356, -71.067907 42.374627, -71.068217 42.375124))",3.7670395999977476e-05,42.3737285,-71.06624288418973,353,89,60.14149981501958
250250501013,Boston,"POLYGON ((-71.033423 42.380522, -71.032781 42.379486, -71.034924 42.378685, -71.035764 42.379936, -71.039211 42.378634, -71.039252 42.380545, -71.033423 42.380522))",8.132728500001117e-06,42.379711,-71.03779689323696,452,134,83.24061508662703
250250602001,Boston,"POLYGON ((-71.029234 42.335729, -71.031283 42.334832, -71.031254 42.334002, -71.031226 42.333186, -71.031191 42.33236, -71.031896 42.333169, -71.03328 42.333146, -71.0333 42.333978, -71.033346 42.335661, -71.029234 42.335729))",6.311985999992946e-06,42.334417,-71.03229024940583,429,144,75.16648189186454
250250403001,Boston,"POLYGON ((-71.058956 42.379668, -71.05989 42.378061, -71.062639 42.378985, -71.06139 42.380696, -71.058956 42.379668))",5.364602500012741e-06,42.379326500000005,-71.06077209662641,214,93,59.23681287847955
250250907003,Boston,"POLYGON ((-71.061012 42.322425, -71.057691 42.321286, -71.056779 42.321633, -71.056769 42.320722, -71.056764 42.319852, -71.056724 42.318663, -71.056726 42.31849, -71.058717 42.318738, -71.058834 42.3186, -71.059596 42.318869, -71.060846 42.319911, -71.061481 42.3205, -71.061313 42.321574, -71.061012 42.322425))",1.2767173499992029e-05,42.3202055,-71.0589647658046,381,124,96.0260381354974
250251206002,Boston,"POLYGON ((-71.105795 42.318404, -71.106673 42.317268, -71.110478 42.318837, -71.111669 42.31954, -71.110693 42.320753, -71.105795 42.318404))",8.355203000017052e-06,42.3191885,-71.10925214719029,370,141,128.7866452703851
250251006012,Boston,"POLYGON ((-71.054651 42.293703, -71.052158 42.289137, -71.055347 42.288242, -71.055703 42.289158, -71.057352 42.291864, -71.057296 42.293125, -71.054651 42.293703))",1.6509127499958746e-05,42.290510999999995,-71.05471784658343,420,0,19.79898987322333
250250108013,Boston,"POLYGON ((-71.079464 42.354275, -71.077357 42.354938, -71.079312 42.354172, -71.076583 42.353425, -71.080862 42.352267, -71.081595 42.353704, -71.079464 42.354275))",5.302195999999215e-06,42.353564500000005,-71.07930823745505,701,372,124.06449935416659
250251404002,Boston,"POLYGON ((-71.106243 42.267138, -71.105693 42.26804, -71.104367 42.269534, -71.101243 42.266829, -71.104608 42.263574, -71.106486 42.263411, -71.10756 42.265754, -71.106243 42.267138))",2.0890332500049837e-05,42.2662915,-71.1044235924775,353,65,74.33034373659252
250173703013,Cambridge,"MULTILINESTRING ((-71.150301 42.374483, -71.149864 42.374451), (-71.149864 42.374451, -71.145937 42.375195), (-71.145937 42.375195, -71.145695 42.375217), (-71.145695 42.375217, -71.143831 42.375278), (-71.143831 42.375278, -71.143925 42.374074), (-71.143925 42.374074, -71.139992 42.373569), (-71.139992 42.373569, -71.140599 42.370017), (-71.140599 42.370017, -71.142461 42.367017), (-71.142461 42.367017, -71.1439 42.365628))",0.0,42.374074,-71.143925,583,181,93.60021367496978
250250903001,Boston,"POLYGON ((-71.075822 42.311366, -71.074649 42.312841, -71.073171 42.312222, -71.071623 42.311881, -71.070217 42.311334, -71.072334 42.310213, -71.072564 42.310067, -71.073953 42.309155, -71.078526 42.310965, -71.077927 42.311629, -71.075822 42.311366))",1.417021150000365e-05,42.3111495,-71.07446249392251,306,122,94.04786015641186
250173512034,Cambridge,"MULTILINESTRING ((-71.101611 42.374366, -71.103204 42.374327), (-71.103204 42.374327, -71.105427 42.376332), (-71.105427 42.376332, -71.105943 42.376819))",0.0,42.374327,-71.103204,315,35,30.4138126514911
250250107012,Boston,"POLYGON ((-71.080862 42.352267, -71.080296 42.351121, -71.07986 42.350304, -71.082193 42.349678, -71.083173 42.351651, -71.080862 42.352267))",5.166490000002188e-06,42.3507125,-71.08139242093259,398,179,77.3692445355388
250250706001,Boston,"POLYGON ((-71.074488 42.344297, -71.074872 42.345105, -71.072746 42.345657, -71.071863 42.343833, -71.073755 42.342831, -71.074586 42.342408, -71.075936 42.343915, -71.074488 42.344297))",7.021171500013535e-06,42.344106,-71.07360357976974,542,219,87.65842800324451
250251204002,Boston,"POLYGON ((-71.110908 42.312146, -71.110712 42.312061, -71.107345 42.310622, -71.110299 42.306069, -71.110411 42.307081, -71.11038 42.307901, -71.111846 42.308394, -71.112924 42.309557, -71.112114 42.311912, -71.110908 42.312146))",1.6984425500032597e-05,42.3089755,-71.11039912705908,575,93,154.63505424062166
250173567011,Cambridge,"MULTILINESTRING ((-71.134514 42.404167, -71.134921 42.402562), (-71.134921 42.402562, -71.136253 42.401071))",0.0,42.402562,-71.134921,656,16,28.653097563788805
250250919001,Boston,"POLYGON ((-71.077264 42.304745, -71.076782 42.305189, -71.076185 42.305046, -71.074161 42.30491, -71.073117 42.304672, -71.071426 42.303407, -71.071569 42.30243, -71.075132 42.301475, -71.077516 42.303572, -71.078232 42.302969, -71.078425 42.303227, -71.077264 42.304745))",1.5655338999970522e-05,42.303317,-71.07433263656078,281,47,49.92995093127971
250250712013,Boston,"POLYGON ((-71.065542 42.339149, -71.068351 42.337172, -71.070365 42.338783, -71.068646 42.34014, -71.065542 42.339149))",7.211316999991035e-06,42.3379775,-71.06828225682852,252,59,44.41846462902562
250173739012,Boston,"MULTILINESTRING ((-71.164702 42.30383, -71.169808 42.300443), (-71.169808 42.300443, -71.178636 42.294595))",0.0,42.300443,-71.169808,516,9,20.518284528683193
250250203052,Boston,"POLYGON ((-71.064678 42.365515, -71.063388 42.364193, -71.063716 42.362198, -71.065134 42.362404, -71.065368 42.364831, -71.068696 42.365486, -71.067606 42.366426, -71.064678 42.365515))",7.910399000006824e-06,42.364512000000005,-71.06451826093831,1521,935,229.91520175925731
250250502003,Boston,"POLYGON ((-71.030235 42.379663, -71.02982 42.379051, -71.034096 42.37745, -71.034511 42.378069, -71.030235 42.379663))",3.2948405000001984e-06,42.37856,-71.03216262056299,187,70,62.5859409132754
250250814002,Boston,"POLYGON ((-71.096275 42.330532, -71.095351 42.331554, -71.0944 42.331412, -71.093806 42.331331, -71.093894 42.32945, -71.095668 42.32767, -71.092905 42.326878, -71.093472 42.323288, -71.095398 42.32325, -71.096523 42.326202, -71.098398 42.324934, -71.098917 42.325025, -71.096275 42.330532))",2.490852549997997e-05,42.327274,-71.09606226770475,233,79,65.39113089708727
250251403004,Boston,"POLYGON ((-71.116427 42.267112, -71.110995 42.269039, -71.111622 42.267359, -71.110828 42.266065, -71.115 42.264727, -71.11788 42.264024, -71.117999 42.26458, -71.11827 42.266595, -71.116427 42.267112))",1.954596899999922e-05,42.266329999999996,-71.11461248206457,137,48,78.26237921249263
250250604005,Boston,"POLYGON ((-71.045695 42.335452, -71.045444 42.335452, -71.044269 42.33547, -71.044161 42.332938, -71.0465 42.332193, -71.047456 42.332966, -71.047508 42.334599, -71.045695 42.335452))",8.686993999981391e-06,42.3337825,-71.04583951066351,205,109,100.34440691936945
250251003003,Boston,"POLYGON ((-71.080175 42.28246, -71.078529 42.280418, -71.07796 42.27905, -71.078891 42.278567, -71.080438 42.27896, -71.081102 42.279394, -71.082634 42.280368, -71.083191 42.281638, -71.080175 42.28246))",1.1589284999983618e-05,42.281028,-71.08097208438924,356,25,41.43669871020132
250173573002,Cambridge,"MULTILINESTRING ((-71.157792 42.382211, -71.155623 42.381481), (-71.155623 42.381481, -71.156231 42.380636), (-71.156231 42.380636, -71.154706 42.376088), (-71.154706 42.376088, -71.154373 42.375095))",0.0,42.380636,-71.156231,600,54,46.84015371452148
250214002021,Boston,"LINESTRING (-71.120286 42.351557, -71.115808 42.351017)",0.0,42.351017,-71.115808,522,328,169.57889019568444
250173542001,Cambridge,"POLYGON ((-71.144042 42.380141, -71.140007 42.380935, -71.138776 42.38117, -71.137318 42.381306, -71.137868 42.378754, -71.137281 42.376826, -71.143831 42.375278, -71.145695 42.375217, -71.147067 42.37839, -71.144042 42.380141))",4.0839487000024576e-05,42.377608,-71.14212397632792,495,25,27.784887978899608
250250104044,Boston,"POLYGON ((-71.086598 42.342612, -71.085796 42.343332, -71.084958 42.34277, -71.086614 42.341474, -71.087307 42.34199, -71.087823 42.342221, -71.090331 42.342605, -71.090204 42.343189, -71.086598 42.342612))",3.914854000007486e-06,42.342413,-71.08724558333333,275,144,58.180752831155424
250251106074,Boston,"POLYGON ((-71.132978 42.296829, -71.130068 42.298184, -71.129332 42.296362, -71.130463 42.293156, -71.130903 42.291679, -71.132959 42.290245, -71.134373 42.291449, -71.137305 42.293356, -71.13601 42.294429, -71.132978 42.296829))",3.263896949994977e-05,42.2938925,-71.13343034022147,200,0,19.79898987322333
250251001005,Boston,"POLYGON ((-71.090548 42.287234, -71.091106 42.285564, -71.091569 42.284214, -71.09286 42.28513, -71.093887 42.287668, -71.093652 42.287787, -71.090548 42.287234))",6.690980500000722e-06,42.286399,-71.09210024999999,173,78,78.10249675906654
250251402022,Boston,"POLYGON ((-71.118937 42.246634, -71.116529 42.244274, -71.12567 42.239527, -71.126184 42.241615, -71.126233 42.242667, -71.118937 42.246634))",2.929240649998097e-05,42.2434705,-71.12141573693845,451,27,33.83784863137726
250251301014,Boston,"POLYGON ((-71.168281 42.290664, -71.165318 42.287479, -71.167734 42.28586, -71.169841 42.28447, -71.171569 42.287972, -71.171044 42.288593, -71.168281 42.290664))",2.00846575000185e-05,42.2877255,-71.16849734372818,239,37,33.1058907144937
250250008052,Boston,"POLYGON ((-71.131396 42.356105, -71.130225 42.354135, -71.130167 42.352828, -71.132106 42.353061, -71.13456 42.353352, -71.135801 42.353497, -71.137341 42.35359, -71.131396 42.356105))",1.1730903500008493e-05,42.35512,-71.13226742992047,279,74,47.12748667179272
250173538002,Cambridge,"POLYGON ((-71.109725 42.372772, -71.108615 42.372318, -71.109614 42.370806, -71.113067 42.37173, -71.112446 42.373839, -71.109725 42.372772))",7.60954799999476e-06,42.372545,-71.11099851066857,654,401,278.36127604248406
250214004022,Boston,"LINESTRING (-71.137824 42.343876, -71.135985 42.345366)",0.0,42.345366,-71.135985,319,9,19.1049731745428
250250811022,Boston,"POLYGON ((-71.110239 42.333044, -71.109591 42.333199, -71.109561 42.330967, -71.108901 42.330715, -71.108501 42.330597, -71.108067 42.328787, -71.106463 42.328171, -71.107181 42.326898, -71.108333 42.327318, -71.110832 42.329073, -71.111297 42.330066, -71.112298 42.332003, -71.110239 42.333044))",1.4301118999981627e-05,42.329569500000005,-71.10965956353591,804,533,244.63237725207185
250250909012,Boston,"POLYGON ((-71.048933 42.320084, -71.0441 42.31847, -71.0400298066474 42.3196532414466, -71.033099 42.316116, -71.032777 42.313472, -71.036893 42.310513, -71.037904 42.310435, -71.040961 42.312152, -71.042335 42.311693, -71.0423475868322 42.3115348119403, -71.0467 42.313016, -71.050925 42.320876, -71.050604 42.320758, -71.048933 42.320084))",0.00010424772778286813,42.314794,-71.04029686577609,819,285,95.03683496413377
250250911001,Boston,"POLYGON ((-71.05257 42.319363, -71.052166 42.318815, -71.051981 42.314975, -71.052574 42.31623, -71.054122 42.316457, -71.056686 42.316922, -71.056726 42.31849, -71.056724 42.318663, -71.05257 42.319363))",1.180254750002387e-05,42.317706,-71.0544092858073,547,83,57.28001396647874
250250813012,Boston,"POLYGON ((-71.100023 42.322772, -71.099319 42.323994, -71.098917 42.325025, -71.098398 42.324934, -71.09862 42.324196, -71.098412 42.319572, -71.098308 42.315789, -71.098451 42.315644, -71.101192 42.318215, -71.102944 42.319298, -71.100023 42.322772))",2.014665349996996e-05,42.321172000000004,-71.0999261401603,815,390,150.88074761214565
250173515002,Cambridge,"MULTILINESTRING ((-71.086985 42.373275, -71.087512 42.373402), (-71.087512 42.373402, -71.089783 42.373948), (-71.089783 42.373948, -71.092826 42.374185), (-71.092826 42.374185, -71.094749 42.374292), (-71.094749 42.374292, -71.097416 42.374428))",0.0,42.374185,-71.092826,414,139,66.85057965343307
250250006014,Boston,"POLYGON ((-71.144176 42.354889, -71.145056 42.353323, -71.148496 42.354214, -71.150358 42.354193, -71.149082 42.356151, -71.144176 42.354889))",9.276754999982134e-06,42.3545515,-71.14724501297947,440,127,59.464274989274024
250250104033,Boston,"POLYGON ((-71.087455 42.346635, -71.085796 42.343332, -71.086805 42.343436, -71.087669 42.345293, -71.08826 42.346399, -71.087455 42.346635))",2.873441499999862e-06,42.3443645,-71.08677579722979,338,185,95.1892851112981
250250501012,Boston,"POLYGON ((-71.043264 42.383594, -71.039262 42.386831, -71.039306 42.386624, -71.039315 42.382606, -71.039252 42.380545, -71.039211 42.378634, -71.040029 42.37865, -71.044982 42.378543, -71.044298 42.383209, -71.043264 42.383594))",3.2784020499987094e-05,42.3829075,-71.04182826113184,779,385,141.4814475470194
250251010011,Boston,"POLYGON ((-71.107526 42.278302, -71.1037 42.276747, -71.099503 42.279119, -71.100542 42.279606, -71.09845 42.281698, -71.097928 42.281262, -71.098332 42.279577, -71.098124 42.277644, -71.10141 42.274538, -71.104297 42.276047, -71.10553 42.275946, -71.108415 42.273505, -71.109191 42.274363, -71.10858 42.275395, -71.107526 42.278302))",2.903932900001692e-05,42.277195500000005,-71.10075245945282,263,0,19.79898987322333
250250902002,Boston,"POLYGON ((-71.081723 42.30841, -71.078407 42.306153, -71.078056 42.304655, -71.07894 42.303937, -71.079561 42.304622, -71.080563 42.30544, -71.081634 42.306343, -71.083254 42.308469, -71.083078 42.308772, -71.081723 42.30841))",9.396458999997606e-06,42.307376500000004,-71.08131304791156,193,55,45.221676218380054
250251403006,Boston,"POLYGON ((-71.115 42.264727, -71.110828 42.266065, -71.10842 42.262591, -71.1092 42.262085, -71.115672 42.260424, -71.11788 42.264024, -71.115 42.264727))",3.0682020000003256e-05,42.263307499999996,-71.11317859400114,518,139,136.82105101189657
250250704021,Boston,"POLYGON ((-71.064434 42.347186, -71.063039 42.34685, -71.060705 42.346253, -71.060911 42.345709, -71.061716 42.343964, -71.062215 42.342915, -71.062529 42.343009, -71.064406 42.343501, -71.06593 42.343936, -71.064801 42.34586, -71.064434 42.347186))",1.3456617999992395e-05,42.3448365,-71.06335754404887,1192,504,97.01546268507923
250250818001,Boston,"POLYGON ((-71.081605 42.325549, -71.0796 42.324161, -71.077516 42.323261, -71.080241 42.320956, -71.081923 42.321727, -71.083308 42.325959, -71.081605 42.325549))",1.3942440499998489e-05,42.323711,-71.08056515028356,634,222,118.82760622010359
250250711013,Boston,"POLYGON ((-71.072504 42.339615, -71.070949 42.338306, -71.073217 42.336453, -71.074995 42.337931, -71.072504 42.339615))",6.263038500007589e-06,42.3381185,-71.07294806984301,738,347,170.07351351694948
250251005002,Boston,"POLYGON ((-71.071168 42.287965, -71.06701 42.289069, -71.065104 42.287452, -71.064303 42.285699, -71.066696 42.28513, -71.071177 42.285348, -71.07117 42.286443, -71.071168 42.287965))",2.0047993499985093e-05,42.2869475,-71.06802140768968,501,90,78.26237921249263
250250108023,Boston,"POLYGON ((-71.081595 42.353704, -71.080862 42.352267, -71.083173 42.351651, -71.083803 42.352985, -71.085733 42.352455, -71.085915 42.352526, -71.081595 42.353704))",3.9547115000132554e-06,42.3527555,-71.08240289731752,293,146,54.3415126767741
250173540002,Cambridge,"POLYGON ((-71.1267 42.382045, -71.124887 42.382889, -71.124235 42.384443, -71.122383 42.381212, -71.121525 42.379784, -71.124186 42.378966, -71.123718 42.378337, -71.127503 42.380407, -71.126117 42.38138, -71.1267 42.382045))",1.617572749999179e-05,42.3817125,-71.12453919258743,549,227,104.5609869884557
250251302004,Boston,"POLYGON ((-71.16146 42.286068, -71.159597 42.287419, -71.154983 42.284355, -71.156374 42.283563, -71.158894 42.282141, -71.159808 42.28152, -71.161635 42.283932, -71.165318 42.287479, -71.163971 42.288311, -71.16146 42.286068))",2.8052313499985552e-05,42.2852115,-71.15961817029051,284,0,19.79898987322333
250173512033,Cambridge,"LINESTRING (-71.097416 42.374428, -71.101611 42.374366)",0.0,42.374428,-71.097416,594,174,103.3537614216338
250251101061,Boston,"POLYGON ((-71.119171 42.291205, -71.11882 42.292527, -71.118415 42.293409, -71.116735 42.296236, -71.116026 42.295933, -71.115368 42.294572, -71.116356 42.294027, -71.116804 42.292341, -71.11704 42.291151, -71.11726 42.289864, -71.119282 42.290235, -71.119259 42.290486, -71.119171 42.291205))",1.1513423999978161e-05,42.292968,-71.1176274475089,190,24,32.28002478313795
250250918002,Boston,"POLYGON ((-71.072334 42.310213, -71.071637 42.309649, -71.067008 42.306245, -71.068344 42.305206, -71.069938 42.305513, -71.072822 42.309471, -71.072564 42.310067, -71.072334 42.310213))",1.0761932999997347e-05,42.307857999999996,-71.07042407885463,370,89,81.21576201698781
250250004011,Boston,"POLYGON ((-71.144543 42.344623, -71.143109 42.343878, -71.144358 42.342526, -71.145923 42.341897, -71.147007 42.341782, -71.147256 42.34271, -71.144543 42.344623))",6.028863999995685e-06,42.343294,-71.14503814257168,894,272,95.2732911156112
250250004021,Boston,"POLYGON ((-71.157831 42.343571, -71.157721 42.344589, -71.1562 42.344324, -71.153462 42.343183, -71.154734 42.341206, -71.155288 42.340337, -71.157528 42.339782, -71.157878 42.33973, -71.159758 42.340058, -71.157831 42.343571))",1.7933345999982486e-05,42.342194500000005,-71.15634202853687,626,136,63.60031446463138
250250302001,Boston,"POLYGON ((-71.05595 42.365508, -71.055441 42.365176, -71.055835 42.363613, -71.056614 42.363872, -71.05675 42.3654, -71.05595 42.365508))",1.8049414999874695e-06,42.364524,-71.05613869356989,555,319,126.11502686040232
250251801013,Boston,"MULTILINESTRING ((-70.988281 42.387107, -70.986621 42.387138), (-70.986621 42.387138, -70.986053 42.388116))",0.0,42.387138,-70.986621,316,178,144.6789549312546
250250202001,Boston,"POLYGON ((-71.065161 42.361201, -71.065048 42.359368, -71.066823 42.359352, -71.066911 42.361141, -71.065161 42.361201))",3.195706499996671e-06,42.3602545,-71.06598502204439,728,616,160.64868502418562
250250108012,Boston,"POLYGON ((-71.075219 42.355507, -71.074401 42.354022, -71.076583 42.353425, -71.079312 42.354172, -71.077357 42.354938, -71.075219 42.355507))",5.4773075000042146e-06,42.354555,-71.0765145493266,517,204,150.86749152816188
250250901003,Boston,"POLYGON ((-71.084389 42.303525, -71.082906 42.303848, -71.080786 42.302317, -71.082236 42.3017, -71.084704 42.300423, -71.085903 42.301381, -71.085246 42.303446, -71.084389 42.303525))",9.961117500014128e-06,42.3020085,-71.08360717736078,180,36,28.30194339616981
250259811002,Boston,"POLYGON ((-71.112075 42.296178, -71.109596 42.299098, -71.105517 42.298831, -71.104661 42.300271, -71.103291 42.299806, -71.096402 42.293235, -71.096181 42.292886, -71.09633 42.292862, -71.0971 42.292628, -71.09753 42.292392, -71.097738 42.292127, -71.097995 42.292263, -71.098575 42.292743, -71.098948 42.292972, -71.101948 42.292979, -71.105666 42.289745, -71.107947 42.288616, -71.112628 42.292191, -71.1134 42.293118, -71.114 42.29374, -71.115368 42.294572, -71.112075 42.296178))",0.00010975031200001095,42.294156,-71.10602578564907,0,0,19.79898987322333
250250921011,Boston,"POLYGON ((-71.056265 42.295762, -71.054437 42.295922, -71.052954 42.296039, -71.05157 42.297247, -71.047456 42.293594, -71.047986 42.293079, -71.050633 42.292782, -71.052431 42.294476, -71.054651 42.293703, -71.057296 42.293125, -71.056917 42.29398, -71.056265 42.295762))",2.1405355499979653e-05,42.295119,-71.05283685645686,659,83,91.60785992479029
250250005021,Boston,"POLYGON ((-71.154681 42.332867, -71.15354 42.33514, -71.15126 42.336341, -71.152262 42.337185, -71.150658 42.337495, -71.149839 42.337665, -71.150309 42.336842, -71.148701 42.337267, -71.147266 42.337201, -71.148482 42.336253, -71.148295 42.335807, -71.150104 42.335282, -71.149853 42.334635, -71.156262 42.330847, -71.157015 42.331138, -71.154681 42.332867))",1.7698043000017395e-05,42.333751,-71.15279295440646,654,376,148.0979405663698
250250004014,Boston,"POLYGON ((-71.153462 42.343183, -71.153274 42.34465, -71.153072 42.345106, -71.151018 42.344993, -71.150039 42.344553, -71.150151 42.343353, -71.148633 42.341814, -71.149972 42.341466, -71.151382 42.340423, -71.153778 42.340855, -71.154734 42.341206, -71.153462 42.343183))",1.699261200002049e-05,42.342498500000005,-71.15160528326042,1107,855,292.33542378576016
250251204001,Boston,"POLYGON ((-71.107236 42.316377, -71.106673 42.317268, -71.104475 42.317022, -71.106293 42.312329, -71.107345 42.310622, -71.110712 42.312061, -71.108438 42.313797, -71.107236 42.316377))",1.7751782000062144e-05,42.315087000000005,-71.10653079544002,269,55,50.96076922496363
250251203012,Boston,"POLYGON ((-71.099481 42.314606, -71.099191 42.314356, -71.096248 42.312492, -71.096832 42.312246, -71.097848 42.311067, -71.101567 42.312474, -71.100473 42.313594, -71.099481 42.314606))",9.111728499970358e-06,42.313043,-71.09906458112738,328,118,87.13208364316786
250259811004,Boston,"POLYGON ((-71.099632 42.282336, -71.09845 42.281698, -71.100542 42.279606, -71.099503 42.279119, -71.1037 42.276747, -71.107526 42.278302, -71.105771 42.280324, -71.099632 42.282336))",2.546339449999524e-05,42.279362500000005,-71.10331401817507,0,0,19.79898987322333
250251401051,Boston,"POLYGON ((-71.12867 42.273895, -71.128245 42.274245, -71.125794 42.273468, -71.124914 42.272699, -71.123587 42.271416, -71.121776 42.270676, -71.12331 42.263508, -71.123565 42.262206, -71.12613 42.263534, -71.127334 42.264503, -71.130147 42.266151, -71.130049 42.266746, -71.132547 42.2699, -71.131121 42.273047, -71.12867 42.273895))",7.78875130000045e-05,42.268322999999995,-71.12678877887835,844,20,21.93171219946131
250250911003,Boston,"POLYGON ((-71.056686 42.316922, -71.054122 42.316457, -71.055387 42.312569, -71.057207 42.31296, -71.056664 42.31542, -71.056686 42.316922))",8.550950999990275e-06,42.314189999999996,-71.0558975456533,420,44,54.817880294662984
250173515004,Cambridge,"MULTILINESTRING ((-71.080932 42.382133, -71.080701 42.381039), (-71.080701 42.381039, -71.075657 42.380196), (-71.075657 42.380196, -71.072689 42.373222), (-71.072689 42.373222, -71.074353 42.37255), (-71.074353 42.37255, -71.074946 42.372918), (-71.074946 42.372918, -71.075911 42.374005), (-71.075911 42.374005, -71.080984 42.374043))",0.0,42.374005,-71.075911,234,145,70.40596565632774
250250912003,Boston,"POLYGON ((-71.0652 42.317071, -71.064643 42.31737, -71.063572 42.318618, -71.061847 42.318045, -71.062092 42.317478, -71.062718 42.316006, -71.063382 42.314524, -71.064602 42.314769, -71.06564 42.314849, -71.067429 42.314603, -71.0652 42.317071))",1.1232597499987469e-05,42.3165385,-71.0640862378703,327,123,108.4665847162157
250250102053,Boston,"POLYGON ((-71.100982 42.344881, -71.100327 42.344566, -71.099554 42.34311, -71.101823 42.342503, -71.102519 42.343375, -71.100982 42.344881))",3.991910000009111e-06,42.3439705,-71.10096104357774,816,465,145.27904184706065
250250102041,Boston,"POLYGON ((-71.101143 42.347758, -71.103352 42.347156, -71.105067 42.346696, -71.106001 42.348404, -71.106894 42.348588, -71.106854 42.348759, -71.101143 42.347758))",4.5220025000153315e-06,42.347457,-71.10386532201406,115,72,52.88667128870941
250250904003,Boston,"POLYGON ((-71.07271 42.319285, -71.071276 42.32016, -71.069698 42.318947, -71.070388 42.317441, -71.073011 42.317035, -71.074789 42.318157, -71.076009 42.318422, -71.077814 42.318296, -71.077749 42.319284, -71.07271 42.319285))",1.3027426500020297e-05,42.3186845,-71.07380335485689,309,199,128.47178678604885
250259819001,Boston,"POLYGON ((-71.177653 42.280409, -71.177016 42.280401, -71.174941 42.278088, -71.172382 42.276867, -71.173223 42.275352, -71.174565 42.275576, -71.174972 42.276004, -71.177461 42.276868, -71.183159 42.275913, -71.185307 42.279497, -71.177653 42.280409))",3.731558649997218e-05,42.277478,-71.17887974996023,0,0,19.79898987322333
250173536003,Cambridge,"POLYGON ((-71.119229 42.387022, -71.119464 42.388156, -71.119556 42.388463, -71.117737 42.387556, -71.11686 42.386685, -71.116159 42.385843, -71.116079 42.383869, -71.116309 42.381564, -71.119798 42.381746, -71.119464 42.38483, -71.119229 42.387022))",1.9137325999991115e-05,42.3853365,-71.11777408614208,644,260,129.6919426949878
250173550002,Cambridge,"POLYGON ((-71.134514 42.404167, -71.133628 42.403483, -71.1313 42.40158, -71.130724 42.400922, -71.12879 42.398723, -71.130319 42.397395, -71.130905 42.397903, -71.132965 42.399467, -71.136253 42.401071, -71.134921 42.402562, -71.134514 42.404167))",1.9618405500011015e-05,42.4001945,-71.13227022741066,574,147,62.24146527838174
250251603002,Boston,"MULTILINESTRING ((-71.047284 42.385284, -71.048186 42.385686), (-71.048186 42.385686, -71.055295 42.387097))",0.0,42.385686,-71.048186,1011,381,151.46286673637206
250173507013,Cambridge,"MULTILINESTRING ((-71.130724 42.400922, -71.1313 42.40158), (-71.1313 42.40158, -71.133628 42.403483))",0.0,42.40158,-71.1313,531,73,72.3671196055225
250173531021,Cambridge,"POLYGON ((-71.087331 42.363952, -71.084389 42.362713, -71.083848 42.362359, -71.078237 42.361818, -71.075657 42.361613, -71.076092 42.36038, -71.077952 42.358735, -71.085175 42.356333, -71.088299 42.361058, -71.088207 42.362608, -71.087331 42.363952))",5.263941899999544e-05,42.3595575,-71.08216446169313,407,267,64.53681120105021
250173546011,Cambridge,"POLYGON ((-71.141121 42.392092, -71.137663 42.391504, -71.135437 42.391123, -71.138678 42.390657, -71.141637 42.38719, -71.14164 42.387051, -71.143724 42.388284, -71.144134 42.38868, -71.14428 42.392638, -71.141121 42.392092))",2.2308977999977224e-05,42.3896685,-71.14184606188515,0,0,19.79898987322333
250173549021,Cambridge,"POLYGON ((-71.132213 42.397276, -71.132136 42.397733, -71.130905 42.397743, -71.130854 42.395785, -71.13081 42.393601, -71.131037 42.393383, -71.130342 42.390303, -71.132728 42.390686, -71.133105 42.393502, -71.133262 42.397335, -71.132213 42.397276))",1.5986431499996266e-05,42.394693,-71.13199289172971,686,20,35.84689665786984
250173541001,Cambridge,"POLYGON ((-71.124492 42.375965, -71.122151 42.376534, -71.119141 42.375151, -71.118822 42.374355, -71.118581 42.373366, -71.120151 42.372577, -71.120965 42.371634, -71.122454 42.369816, -71.126269 42.37308, -71.124949 42.374741, -71.124492 42.375965))",2.9287995999991862e-05,42.373222999999996,-71.12251045383962,435,222,104.27847332982968
250173704021,Boston,"MULTILINESTRING ((-71.161508 42.358972, -71.163888 42.358523), (-71.163888 42.358523, -71.167625 42.360073))",0.0,42.358523,-71.163888,261,16,27.784887978899608
250173549024,Cambridge,"POLYGON ((-71.136998 42.393767, -71.133105 42.393502, -71.132728 42.390686, -71.135437 42.391123, -71.137663 42.391504, -71.137034 42.392003, -71.136998 42.393767))",1.0771216499991778e-05,42.3927525,-71.13501168131994,233,77,55.44366510251645
250173521011,Cambridge,"POLYGON ((-71.071759 42.370797, -71.070545 42.372356, -71.067115 42.371816, -71.064059 42.369001, -71.069478 42.369046, -71.070575 42.368015, -71.070644 42.367949, -71.073113 42.369131, -71.072785 42.369598, -71.071759 42.370797))",2.095909500002126e-05,42.3701975,-71.0688149678508,387,115,67.60177512462228
250173510012,Cambridge,"MULTILINESTRING ((-71.110643 42.38164, -71.111656 42.381749), (-71.111656 42.381749, -71.115584 42.385158), (-71.115584 42.385158, -71.116159 42.385843), (-71.116159 42.385843, -71.11686 42.386685), (-71.11686 42.386685, -71.117737 42.387556), (-71.117737 42.387556, -71.118159 42.388025))",0.0,42.385158,-71.115584,617,201,163.6001222493431
250173594003,Cambridge,"POLYGON ((-71.113508 42.367741, -71.113512 42.368564, -71.113448 42.369285, -71.109438 42.367779, -71.109984 42.367274, -71.110172 42.366683, -71.109892 42.364827, -71.113901 42.364478, -71.113578 42.365884, -71.113508 42.367741))",1.444031649999274e-05,42.3669785,-71.1118073712978,796,189,103.81233067415451
250173549011,Cambridge,"POLYGON ((-71.143593 42.397412, -71.151577 42.396583, -71.15494 42.397564, -71.152245 42.400816, -71.143593 42.397412))",2.396515749999799e-05,42.399190000000004,-71.15085233519389,265,111,81.21576201698781
250214004011,Boston,"LINESTRING (-71.135985 42.345366, -71.135155 42.346023)",0.0,42.345366,-71.135985,966,461,132.1854757528224
250214021011,Boston,"MULTILINESTRING ((-71.174847 42.273729, -71.173583 42.271415), (-71.173583 42.271415, -71.173342 42.270849))",0.0,42.271415,-71.173583,226,0,19.79898987322333
250250102051,Boston,"POLYGON ((-71.097412 42.343694, -71.096493 42.341843, -71.098408 42.340791, -71.099554 42.34311, -71.097412 42.343694))",5.0740075000011415e-06,42.342476500000004,-71.09802423164797,519,312,220.44500447957535
250250303021,Boston,"POLYGON ((-71.062195 42.362258, -71.058958 42.363385, -71.058433 42.364641, -71.056972 42.363208, -71.056381 42.362884, -71.054925 42.362046, -71.052967 42.361029, -71.052809 42.360915, -71.051817 42.359615, -71.051582 42.358762, -71.055759 42.356913, -71.05771 42.356777, -71.058737 42.356988, -71.05829 42.35741, -71.062642 42.357977, -71.062817 42.358665, -71.062911 42.361229, -71.062195 42.362258))",5.432195350001305e-05,42.360265,-71.05759432917316,1076,755,147.36349615830918
250250203051,Boston,"POLYGON ((-71.064059 42.369001, -71.062994 42.368391, -71.059795 42.368767, -71.058525 42.366952, -71.060673 42.365777, -71.062941 42.364547, -71.063388 42.364193, -71.064678 42.365515, -71.067606 42.366426, -71.067339 42.366484, -71.068431 42.367037, -71.070575 42.368015, -71.069478 42.369046, -71.064059 42.369001))",3.207356999999659e-05,42.366718,-71.06337692393213,633,424,167.6007159889241
250250203041,Boston,"POLYGON ((-71.058525 42.366952, -71.058381 42.365266, -71.058433 42.364641, -71.058958 42.363385, -71.059421 42.364629, -71.060673 42.365777, -71.058525 42.366952))",3.816837999999256e-06,42.3649535,-71.05909094860627,575,307,105.92922165295089
250250005051,Boston,"POLYGON ((-71.141698 42.34602, -71.139804 42.345093, -71.141918 42.343189, -71.143109 42.343878, -71.141698 42.34602))",4.544577499997696e-06,42.3444855,-71.14159366255252,419,150,82.54089895318563
250250102061,Boston,"POLYGON ((-71.092871 42.347643, -71.095506 42.346183, -71.094451 42.345189, -71.094644 42.344549, -71.097412 42.343694, -71.098955 42.346815, -71.098115 42.347637, -71.092871 42.347643))",1.3461252499998232e-05,42.345686,-71.09668766525152,822,259,117.27318534089538
250250008071,Boston,"POLYGON ((-71.120729 42.354615, -71.120022 42.354717, -71.118126 42.355092, -71.114119 42.35239, -71.110732 42.351819, -71.110936 42.350446, -71.115808 42.351017, -71.120286 42.351557, -71.121311 42.351675, -71.12126 42.351872, -71.120729 42.354615))",2.5314185500010316e-05,42.353502500000005,-71.11835658607791,0,0,19.79898987322333
250250705012,Boston,"POLYGON ((-71.069897 42.342552, -71.067073 42.344308, -71.06593 42.343936, -71.068084 42.342014, -71.070707 42.34079, -71.072075 42.341286, -71.069897 42.342552))",7.07176799999372e-06,42.342282999999995,-71.06907115582356,326,48,33.421549934136806
250250703021,Boston,"POLYGON ((-71.068683 42.350487, -71.066868 42.350962, -71.066613 42.348761, -71.068193 42.347866, -71.069111 42.347945, -71.069716 42.349659, -71.068683 42.350487))",6.667269999994419e-06,42.34921,-71.06811126676945,251,98,96.88137075826292
250250813022,Boston,"POLYGON ((-71.098398 42.324934, -71.096523 42.326202, -71.095398 42.32325, -71.095108 42.321923, -71.093146 42.3208, -71.095305 42.318825, -71.097086 42.317028, -71.097701 42.316419, -71.098308 42.315789, -71.098412 42.319572, -71.09862 42.324196, -71.098398 42.324934))",2.85185194999759e-05,42.321361499999995,-71.0963097482699,516,290,166.5893153836704
250250705021,Boston,"POLYGON ((-71.071863 42.343833, -71.071584 42.343976, -71.069897 42.342552, -71.072075 42.341286, -71.073755 42.342831, -71.071863 42.343833))",5.2620055000063144e-06,42.3426915,-71.07183278753784,618,215,122.29881438509533
250250701023,Boston,"POLYGON ((-71.062516 42.35328, -71.062575 42.352399, -71.064562 42.352383, -71.064235 42.353394, -71.062516 42.35328))",1.7623949999959172e-06,42.3528395,-71.06347992433234,97,57,68.4470598345904
250250007011,Boston,"POLYGON ((-71.136447 42.345566, -71.136661 42.346767, -71.134674 42.34685, -71.134254 42.346577, -71.135155 42.346023, -71.135985 42.345366, -71.137824 42.343876, -71.138246 42.344126, -71.136447 42.345566))",3.15730650000463e-06,42.344746,-71.13711082601603,314,248,142.414886862294
250250005062,Boston,"POLYGON ((-71.148847 42.339358, -71.147571 42.340611, -71.146744 42.340269, -71.145796 42.339466, -71.144779 42.339657, -71.146215 42.338632, -71.146156 42.337442, -71.147266 42.337201, -71.148701 42.337267, -71.150309 42.336842, -71.149839 42.337665, -71.148847 42.339358))",9.796480500008482e-06,42.338995,-71.14738307142062,726,259,109.29318368498559
250251101041,Boston,"POLYGON ((-71.124217 42.292581, -71.121294 42.295199, -71.119916 42.294167, -71.122463 42.291749, -71.125965 42.288482, -71.127139 42.289161, -71.12618 42.290089, -71.124217 42.292581))",1.3529676000007559e-05,42.292165,-71.12328474913272,364,21,29.5296461204668
250250007013,Boston,"POLYGON ((-71.140366 42.348686, -71.139731 42.348977, -71.13758 42.348649, -71.13823 42.347588, -71.139804 42.345093, -71.141698 42.34602, -71.141522 42.346291, -71.140366 42.348686))",8.523856500008312e-06,42.346939500000005,-71.139924050442,734,470,185.32673849177834
250250701021,Boston,"POLYGON ((-71.063169 42.357748, -71.062642 42.357977, -71.05829 42.35741, -71.058737 42.356988, -71.061697 42.354364, -71.063308 42.355209, -71.061956 42.356534, -71.063169 42.357748))",9.171920000020482e-06,42.355871500000006,-71.0613142332317,438,326,145.38225476308997
250250612041,Boston,"POLYGON ((-71.054788 42.346871, -71.052188 42.351121, -71.047636 42.348963, -71.046084 42.348255, -71.051345 42.343798, -71.050159 42.341693, -71.051924 42.34253, -71.052357 42.342123, -71.057226 42.34354, -71.05647 42.346111, -71.054788 42.346871))",5.005789300004233e-05,42.346491,-71.05189760433026,644,277,210.95023109728987
250250708011,Boston,"POLYGON ((-71.083151 42.341622, -71.08174 42.340671, -71.080349 42.339363, -71.081969 42.338416, -71.084459 42.340067, -71.084681 42.340293, -71.083151 42.341622))",6.7540485000071644e-06,42.339715,-71.08232572906792,595,300,111.23398761170077
250214003003,Boston,"MULTILINESTRING ((-71.134254 42.346577, -71.133381 42.347122), (-71.133381 42.347122, -71.129746 42.34885), (-71.129746 42.34885, -71.12858 42.349696), (-71.12858 42.349696, -71.126215 42.350412), (-71.135155 42.346023, -71.134254 42.346577))",0.0,42.34885,-71.129746,622,193,158.14550262337528
250214008002,Boston,"MULTILINESTRING ((-71.110597 42.340405, -71.111551 42.337299), (-71.111551 42.337299, -71.110751 42.336168), (-71.110751 42.336168, -71.110808 42.335586), (-71.110808 42.335586, -71.111413 42.334525))",0.0,42.337299,-71.111551,462,63,56.04462507680822
250173509002,Cambridge,"MULTILINESTRING ((-71.117085 42.389581, -71.120214 42.392641), (-71.120214 42.392641, -71.120974 42.393706))",0.0,42.392641,-71.120214,557,80,66.49060083951716
250173561003,Cambridge,"MULTILINESTRING ((-71.142803 42.397878, -71.143557 42.397428), (-71.143557 42.397428, -71.143593 42.397412), (-71.143593 42.397412, -71.152245 42.400816))",0.0,42.397412,-71.143593,318,50,62.5859409132754
250173522001,Cambridge,"POLYGON ((-71.087512 42.373402, -71.086985 42.373275, -71.085443 42.374045, -71.081963 42.373616, -71.081037 42.37315, -71.082814 42.372813, -71.083464 42.370068, -71.088259 42.370645, -71.087866 42.372044, -71.087512 42.373402))",1.741436999998244e-05,42.3724285,-71.0853354084364,1024,459,133.82077566656082
250173525001,Cambridge,"POLYGON ((-71.098979 42.37219, -71.094785 42.368766, -71.095419 42.367111, -71.099001 42.36852, -71.10101 42.369317, -71.098979 42.37219))",1.4839694000019043e-05,42.370753500000006,-71.09860697765771,724,348,102.42070103255493
250173526002,Cambridge,"POLYGON ((-71.093279 42.372754, -71.088491 42.372119, -71.08945 42.370343, -71.092134 42.368116, -71.0938 42.367955, -71.094785 42.368766, -71.093279 42.372754))",1.858577949998748e-05,42.371230999999995,-71.09141231745235,905,362,145.67429423202984
250173533003,Cambridge,"POLYGON ((-71.116681 42.358736, -71.113815 42.359196, -71.11278 42.36013, -71.109585 42.358263, -71.112039 42.355995, -71.110303 42.35512, -71.110589 42.352616, -71.113196 42.35311, -71.116852 42.355385, -71.117165 42.356997, -71.116681 42.358736))",3.5004486499996144e-05,42.356496,-71.11428231708122,603,166,120.70211265756701
250173537004,Cambridge,"POLYGON ((-71.118581 42.373366, -71.117906 42.37311, -71.116076 42.372587, -71.113905 42.370836, -71.115954 42.371385, -71.118606 42.371973, -71.119122 42.372166, -71.120151 42.372577, -71.118581 42.373366))",5.543068500008587e-06,42.372069499999995,-71.11714918546545,104,24,31.304951684997057
250173538003,Cambridge,"POLYGON ((-71.107947 42.372056, -71.106831 42.371614, -71.105738 42.37119, -71.104793 42.370817, -71.105859 42.36975, -71.10692 42.370049, -71.109614 42.370806, -71.108615 42.372318, -71.107947 42.372056))",6.202641999987837e-06,42.3710035,-71.10737450446427,390,171,95.42536350467836
250173547002,Cambridge,"POLYGON ((-71.127685 42.389851, -71.124703 42.389381, -71.119556 42.388463, -71.119464 42.388156, -71.121656 42.387909, -71.124206 42.387207, -71.126943 42.386351, -71.127558 42.387402, -71.128701 42.389374, -71.129006 42.390072, -71.127685 42.389851))",1.6303752000018296e-05,42.388309500000005,-71.12379700012679,637,86,51.264022471905186
250250007043,Boston,"POLYGON ((-71.130868 42.350136, -71.130033 42.349218, -71.133246 42.34767, -71.134078 42.348625, -71.130868 42.350136))",4.2824080000022735e-06,42.3489215,-71.13204825954145,498,231,101.96568050084302
250251802001,Boston,"MULTILINESTRING ((-70.994239 42.384647, -70.988281 42.387107), (-70.994634 42.382711, -70.994239 42.384647))",0.0,42.384647,-70.994239,496,59,57.38466694161429
250250003013,Boston,"POLYGON ((-71.170293 42.352445, -71.167806 42.352837, -71.167584 42.351212, -71.167605 42.350604, -71.168111 42.350663, -71.168956 42.351016, -71.17352 42.353177, -71.17239 42.354358, -71.170293 42.352445))",7.790403999983698e-06,42.352641000000006,-71.17144791400095,229,62,60.63827174318213
250250003021,Boston,"POLYGON ((-71.169702 42.349411, -71.168111 42.350663, -71.167605 42.350604, -71.165392 42.350272, -71.163333 42.349115, -71.163093 42.349041, -71.162138 42.348989, -71.160437 42.348916, -71.161311 42.347576, -71.162118 42.346373, -71.164878 42.346426, -71.167664 42.346639, -71.171343 42.3492, -71.174265 42.349584, -71.174798 42.350265, -71.169702 42.349411))",2.9991710499978094e-05,42.348246,-71.16542326649746,466,5,17.204650534085253
250250101031,Boston,"POLYGON ((-71.104963 42.349907, -71.103624 42.349733, -71.100555 42.349357, -71.097168 42.348982, -71.100564 42.347918, -71.101143 42.347758, -71.106854 42.348759, -71.106702 42.349433, -71.104963 42.349907))",1.1299707999989436e-05,42.348870500000004,-71.10217636620946,231,136,79.42921376924235
250250104053,Boston,"POLYGON ((-71.084958 42.34277, -71.0849 42.342733, -71.084096 42.342192, -71.083151 42.341622, -71.084681 42.340293, -71.086469 42.341375, -71.086614 42.341474, -71.084958 42.34277))",4.292864499985374e-06,42.341548,-71.08487781815901,283,154,51.92301994298868
250250105002,Boston,"POLYGON ((-71.081821 42.345413, -71.08171 42.345339, -71.080911 42.344787, -71.084096 42.342192, -71.0849 42.342733, -71.084958 42.34277, -71.081821 42.345413))",4.22361400001805e-06,42.3437785,-71.08295489766512,693,565,375.085323626505
250250106001,Boston,"POLYGON ((-71.079676 42.347019, -71.078919 42.347693, -71.078718 42.347834, -71.076201 42.347911, -71.076028 42.347309, -71.078086 42.345821, -71.080082 42.344219, -71.080911 42.344787, -71.08171 42.345339, -71.081821 42.345413, -71.079676 42.347019))",9.688138000019147e-06,42.34642,-71.07886678930072,825,384,152.0526224699857
250250201011,Boston,"POLYGON ((-71.070293 42.357796, -71.06794 42.357448, -71.067642 42.356603, -71.071296 42.355771, -71.071997 42.357419, -71.070293 42.357796))",5.7609520000013205e-06,42.357011,-71.06980466892342,480,144,122.38463955905577
250250202002,Boston,"POLYGON ((-71.066911 42.361141, -71.066823 42.359352, -71.068629 42.359568, -71.068752 42.36108, -71.066911 42.361141))",3.001510500000846e-06,42.360324000000006,-71.0677806560928,613,283,111.73182178770737
250250305001,Boston,"POLYGON ((-71.057141 42.369982, -71.054995 42.370697, -71.0526194076875 42.370697, -71.052248 42.369201, -71.05048 42.368073, -71.0503521192944 42.3662546219372, -71.051271 42.36619, -71.05209 42.367012, -71.0534 42.367525, -71.056374 42.368292, -71.057369 42.367771, -71.058525 42.366952, -71.059795 42.368767, -71.057141 42.369982))",2.1713469257913753e-05,42.368529499999994,-71.0554121612596,326,143,67.62396025078685
250251006014,Boston,"POLYGON ((-71.06036 42.292351, -71.058624 42.288442, -71.060489 42.288294, -71.063796 42.287492, -71.062611 42.291809, -71.06036 42.292351))",1.4967775499999684e-05,42.2901255,-71.06122238115366,957,59,49.040799340956916
250251007002,Boston,"POLYGON ((-71.05253 42.280886, -71.048217 42.281917, -71.047609 42.281323, -71.046987 42.285706, -71.04415 42.286455, -71.043027 42.285922, -71.041659 42.285415, -71.03908 42.283966, -71.039293 42.283799, -71.040494 42.281898, -71.041594 42.278098, -71.042782 42.277102, -71.04488 42.276266, -71.049802 42.2781, -71.053284 42.277502, -71.053748 42.277996, -71.054694 42.28034, -71.05253 42.280886))",8.350962699999746e-05,42.2816105,-71.0440727120018,498,122,70.60453243241541
250251008005,Boston,"POLYGON ((-71.066503 42.277904, -71.06592 42.279928, -71.061509 42.28123, -71.0597 42.278429, -71.063514 42.2736, -71.066386 42.272396, -71.068018 42.272216, -71.067189 42.275504, -71.066503 42.277904))",4.212949549996349e-05,42.276703999999995,-71.06395421246634,319,106,93.05912099305473
250251009003,Boston,"POLYGON ((-71.073166 42.27805, -71.072774 42.278073, -71.072047 42.276081, -71.072077 42.275666, -71.072199 42.275001, -71.071858 42.273945, -71.075587 42.273342, -71.077615 42.273782, -71.078447 42.27574, -71.077251 42.277217, -71.080438 42.27896, -71.078891 42.278567, -71.073166 42.27805))",2.7325522000023542e-05,42.276649,-71.07498261745016,515,13,25.238858928247925
250251011022,Boston,"POLYGON ((-71.09349 42.278421, -71.093182 42.279386, -71.092968 42.280021, -71.092109 42.282601, -71.088015 42.280562, -71.088454 42.280096, -71.089939 42.278583, -71.092469 42.276627, -71.093618 42.276109, -71.093576 42.277248, -71.09349 42.278421))",1.7942830500022288e-05,42.2789845,-71.09142753871063,516,80,63.694583757176716
250251011021,Boston,"POLYGON ((-71.091569 42.284214, -71.089785 42.283936, -71.089298 42.283573, -71.089108 42.283134, -71.087048 42.281565, -71.088015 42.280562, -71.092109 42.282601, -71.091807 42.283523, -71.091569 42.284214))",8.917737999985145e-06,42.282083,-71.08939851861908,285,110,73.38937252763509
250251104032,Boston,"POLYGON ((-71.125127 42.28449, -71.124041 42.282998, -71.122433 42.281826, -71.124627 42.280108, -71.123592 42.278065, -71.124684 42.277552, -71.129082 42.280968, -71.127942 42.282665, -71.125127 42.28449))",2.26665199999813e-05,42.281397,-71.12588733527083,286,8,18.439088914585774
250251105011,Boston,"POLYGON ((-71.137424 42.286251, -71.137615 42.285847, -71.137227 42.280696, -71.142639 42.284226, -71.140547 42.286135, -71.137424 42.286251))",1.6973396000030153e-05,42.282461,-71.13864647447097,259,0,19.79898987322333
250251106012,Boston,"POLYGON ((-71.146029 42.293718, -71.143573 42.293135, -71.13601 42.294429, -71.137305 42.293356, -71.139746 42.291299, -71.143052 42.288604, -71.145124 42.288114, -71.145495 42.288805, -71.147059 42.29013, -71.146865 42.291846, -71.146029 42.293718))",3.377880749999166e-05,42.2907145,-71.14372796787379,395,25,22.825424421026653
250251205002,Boston,"POLYGON ((-71.104867 42.322721, -71.10465 42.320929, -71.103985 42.319977, -71.105131 42.319278, -71.106788 42.321156, -71.108452 42.322389, -71.104867 42.322721))",6.974820999991866e-06,42.321042500000004,-71.10567580031845,409,202,206.77040407176264
250251206003,Boston,"POLYGON ((-71.110478 42.318837, -71.106673 42.317268, -71.107236 42.316377, -71.110121 42.316584, -71.112764 42.317917, -71.111669 42.31954, -71.110478 42.318837))",9.440592000008218e-06,42.318377,-71.11090804874598,318,43,47.92702786528704
250251207001,Boston,"POLYGON ((-71.110832 42.329073, -71.108333 42.327318, -71.107181 42.326898, -71.105231 42.326114, -71.107337 42.325522, -71.109554 42.323371, -71.108452 42.322389, -71.109938 42.322025, -71.11209 42.321602, -71.112202 42.323125, -71.112259 42.324552, -71.110832 42.329073))",2.4474508999975557e-05,42.325036999999995,-71.10997139847795,310,87,62.5859409132754
250251302005,Boston,"POLYGON ((-71.165318 42.287479, -71.161635 42.283932, -71.159808 42.28152, -71.161148 42.280341, -71.161901 42.279768, -71.16605 42.283241, -71.167734 42.28586, -71.165318 42.287479))",2.6914149499991054e-05,42.2835865,-71.16382272544956,400,0,19.79898987322333
250251304042,Boston,"POLYGON ((-71.16271 42.267748, -71.161852 42.268879, -71.161356 42.268276, -71.160424 42.266823, -71.158713 42.265613, -71.157052 42.261202, -71.157521 42.26074, -71.161574 42.257546, -71.163393 42.259023, -71.163536 42.262238, -71.16271 42.267748))",4.48949854999838e-05,42.2639255,-71.16068029274363,490,0,19.79898987322333
250251401024,Boston,"POLYGON ((-71.143804 42.254436, -71.142834 42.255943, -71.140196 42.258456, -71.138103 42.255307, -71.139394 42.252523, -71.139343 42.249342, -71.136285 42.246316, -71.136277 42.245103, -71.140205 42.243253, -71.143339 42.243044, -71.144069 42.242819, -71.146127 42.252964, -71.143804 42.254436))",8.918494100005909e-05,42.2509325,-71.1425416964268,587,0,19.79898987322333
250251402021,Boston,"POLYGON ((-71.12541 42.246866, -71.124843 42.247607, -71.122439 42.250058, -71.12023 42.247891, -71.118937 42.246634, -71.126233 42.242667, -71.126066 42.245479, -71.12541 42.246866))",2.5350811499993938e-05,42.2460565,-71.12289599312268,254,11,22.02271554554524
250251404003,Boston,"POLYGON ((-71.107743 42.262975, -71.106486 42.263411, -71.104608 42.263574, -71.101787 42.26371, -71.099676 42.264841, -71.097899 42.262882, -71.103672 42.259723, -71.104062 42.259862, -71.105001 42.260804, -71.108405 42.261116, -71.106903 42.261928, -71.107743 42.262975))",2.5941913500000566e-05,42.262405,-71.10302819998122,343,37,45.221676218380054
250250404011,Boston,"POLYGON ((-71.069106 42.37941, -71.067827 42.378206, -71.065503 42.377791, -71.06497 42.377305, -71.067489 42.375265, -71.068217 42.375124, -71.070901 42.379871, -71.069987 42.380309, -71.069106 42.37941))",1.2048708500025044e-05,42.377548000000004,-71.06741202659575,913,222,112.40106761058811
250250504001,Boston,"POLYGON ((-71.037643 42.369577, -71.038689 42.368406, -71.038919 42.368504, -71.041255 42.369535, -71.040294 42.370739, -71.037643 42.369577))",4.251204000004511e-06,42.369556,-71.03944999834917,214,128,132.4424403278647
250250505001,Boston,"POLYGON ((-71.033923 42.371932, -71.032038 42.371811, -71.030359 42.370173, -71.031204 42.370181, -71.0326 42.368673, -71.033387 42.367734, -71.034754 42.36831, -71.036989 42.369287, -71.033923 42.371932))",1.451553950000868e-05,42.369730000000004,-71.03404849622379,974,264,79.92496481075234
250250510001,Boston,"POLYGON ((-71.014486 42.384772, -71.010842 42.386132, -71.010149 42.3851, -71.013395 42.382899, -71.011268 42.380653, -71.013454 42.380871, -71.013472 42.379547, -71.016008 42.380919, -71.021562 42.380143, -71.022636 42.381739, -71.014486 42.384772))",3.486628600004113e-05,42.382319,-71.01696160363619,1096,108,77.89736837660179
250250512003,Boston,"POLYGON ((-71.032623 42.364808, -71.029819 42.364564, -71.030272 42.363953, -71.033578 42.364286, -71.036831 42.365716, -71.035728 42.367125, -71.032623 42.364808))",6.930917500000966e-06,42.365262,-71.03451481623907,487,145,81.60882305241266
250250604003,Boston,"POLYGON ((-71.042609 42.332171, -71.041446 42.332187, -71.041428 42.331367, -71.037291 42.331432, -71.037248 42.329525, -71.039542 42.330052, -71.041528 42.330234, -71.044053 42.330192, -71.04274 42.330501, -71.042609 42.332171))",8.669798500003292e-06,42.330934,-71.039992902488,451,40,43.278170016764804
250250605015,Boston,"POLYGON ((-71.045559 42.338718, -71.043982 42.337988, -71.042475 42.33801, -71.045444 42.335452, -71.045695 42.335452, -71.04776 42.336812, -71.045559 42.338718))",8.302568000006752e-06,42.3374,-71.04513200140948,509,81,73.10950690573696
250250607002,Boston,"POLYGON ((-71.053928 42.337379, -71.052405 42.337488, -71.05389 42.33624, -71.057112 42.338333, -71.05624 42.338869, -71.053928 42.337379))",3.933837500017139e-06,42.3379105,-71.05560715652591,365,237,177.55280904564702
250250608003,Boston,"POLYGON ((-71.05084 42.338795, -71.04776 42.336812, -71.04932 42.335498, -71.050845 42.336485, -71.052405 42.337488, -71.05084 42.338795))",7.138449999984752e-06,42.33715,-71.05008213972931,652,155,144.55794685869054
250250707002,Boston,"POLYGON ((-71.078086 42.345821, -71.076538 42.34485, -71.075253 42.345884, -71.074872 42.345105, -71.074488 42.344297, -71.075936 42.343915, -71.0782 42.343266, -71.078561 42.343211, -71.080082 42.344219, -71.078086 42.345821))",8.180464000004817e-06,42.344573499999996,-71.07712985964946,778,149,78.5175139698144
250250801002,Boston,"POLYGON ((-71.07818 42.325885, -71.076624 42.327118, -71.075248 42.325965, -71.075076 42.3253, -71.075811 42.324146, -71.076664 42.322889, -71.077516 42.323261, -71.0796 42.324161, -71.078654 42.324867, -71.07818 42.325885))",1.0079239499997753e-05,42.3250835,-71.07688354281554,357,46,42.720018726587654
250250809001,Boston,"POLYGON ((-71.100306 42.335941, -71.09979 42.335401, -71.101321 42.33296, -71.102643 42.333447, -71.102427 42.335149, -71.100306 42.335941))",4.980176500012262e-06,42.334298000000004,-71.10150840188447,747,366,113.718951806636
250250810011,Boston,"POLYGON ((-71.108208 42.331824, -71.106724 42.331418, -71.105169 42.331012, -71.103081 42.330528, -71.102293 42.330354, -71.100861 42.330002, -71.098941 42.329133, -71.099368 42.327995, -71.101276 42.32935, -71.106264 42.330616, -71.108501 42.330597, -71.108901 42.330715, -71.108208 42.331824))",8.16611400001343e-06,42.329676,-71.10135057676015,272,42,33.1058907144937
250250817003,Boston,"POLYGON ((-71.0896 42.323394, -71.08942 42.323332, -71.085664 42.321317, -71.086003 42.320813, -71.086017 42.319164, -71.086225 42.318237, -71.090238 42.319213, -71.091606 42.320652, -71.092476 42.321307, -71.0896 42.323394))",2.0362372000004517e-05,42.32106,-71.08899239337968,282,82,57.723478758647246
250250818003,Boston,"POLYGON ((-71.081917 42.318021, -71.081789 42.31827, -71.081385 42.319802, -71.077814 42.318296, -71.078215 42.315871, -71.078823 42.314608, -71.080998 42.315755, -71.08285 42.316362, -71.082367 42.317233, -71.081917 42.318021))",1.5206285499985337e-05,42.3167975,-71.08033514659793,226,30,40.496913462633174
250250819004,Boston,"POLYGON ((-71.093821 42.314541, -71.092028 42.313668, -71.08993 42.312629, -71.092172 42.309859, -71.093132 42.31072, -71.093603 42.31215, -71.095145 42.313282, -71.094088 42.314142, -71.093821 42.314541))",1.1116760999989864e-05,42.3123895,-71.09202654635705,485,246,111.77208953938367
250250821002,Boston,"POLYGON ((-71.084843 42.307979, -71.083898 42.30759, -71.084299 42.307015, -71.084923 42.304428, -71.085011 42.305169, -71.089079 42.30753, -71.087425 42.309606, -71.084843 42.307979))",1.1479506999982685e-05,42.307272499999996,-71.08637737478315,282,132,103.9471019317037
250250904001,Boston,"POLYGON ((-71.074789 42.318157, -71.073011 42.317035, -71.072825 42.316544, -71.073145 42.314217, -71.075216 42.314373, -71.076947 42.31598, -71.076009 42.318422, -71.074789 42.318157))",1.2059036500011695e-05,42.316262,-71.07485123006708,429,118,73.55270219373317
250250907001,Boston,"POLYGON ((-71.052904 42.32287, -71.052456 42.321466, -71.052124 42.319836, -71.052166 42.318815, -71.05257 42.319363, -71.056724 42.318663, -71.056764 42.319852, -71.056769 42.320722, -71.056779 42.321633, -71.056844 42.324828, -71.05685 42.326289, -71.052904 42.32287))",2.352763050000317e-05,42.3222515,-71.05474911340838,368,141,83.57032966310472
250250911004,Boston,"POLYGON ((-71.059623 42.315986, -71.056664 42.31542, -71.057207 42.31296, -71.058881 42.312771, -71.05996 42.314264, -71.060018 42.314738, -71.059623 42.315986))",7.86470950001287e-06,42.314501,-71.05842792621951,226,33,30.805843601498726
250250913001,Boston,"POLYGON ((-71.065383 42.321234, -71.062131 42.320557, -71.061481 42.3205, -71.06211 42.320189, -71.063572 42.318618, -71.064643 42.31737, -71.0652 42.317071, -71.066837 42.317816, -71.067057 42.319055, -71.065383 42.321234))",1.2378764500016148e-05,42.319621999999995,-71.06462953334884,500,143,64.35060217278468
250250915003,Boston,"POLYGON ((-71.064362 42.308727, -71.061724 42.310556, -71.060746 42.310205, -71.061387 42.308742, -71.063907 42.308347, -71.06503 42.30808, -71.066298 42.309163, -71.064362 42.308727))",5.143450000002429e-06,42.309684000000004,-71.06197798641821,239,59,41.23105625617661
250250917003,Boston,"POLYGON ((-71.068798 42.304888, -71.068165 42.303072, -71.067588 42.301302, -71.067367 42.301007, -71.071426 42.303407, -71.070001 42.30407, -71.068798 42.304888))",5.7937700000279435e-06,42.302187,-71.0686195875,255,105,63.7808748764079
250250918003,Boston,"POLYGON ((-71.073912 42.307681, -71.073346 42.30847, -71.072822 42.309471, -71.069938 42.305513, -71.068344 42.305206, -71.068798 42.304888, -71.070001 42.30407, -71.071426 42.303407, -71.073117 42.304672, -71.074161 42.30491, -71.076185 42.305046, -71.076782 42.305189, -71.073912 42.307681))",1.991954050001707e-05,42.306597,-71.07294414223503,442,242,122.57650672131263
250250919002,Boston,"POLYGON ((-71.075132 42.301475, -71.071569 42.30243, -71.072011 42.301464, -71.072299 42.299937, -71.072927 42.299579, -71.073641 42.299371, -71.077489 42.302012, -71.078232 42.302969, -71.077516 42.303572, -71.075132 42.301475))",1.0267634000004255e-05,42.3014695,-71.07435352399787,273,64,55.21775076911409
250250921012,Boston,"POLYGON ((-71.060015 42.300759, -71.059796 42.301538, -71.059429 42.303127, -71.055973 42.304517, -71.055432 42.304323, -71.055697 42.302982, -71.055692 42.302498, -71.055569 42.301868, -71.055022 42.300592, -71.058106 42.299304, -71.060653 42.298647, -71.060163 42.300302, -71.060015 42.300759))",1.9285496000019664e-05,42.301703,-71.05762807918394,329,92,89.10667763978185
250250923004,Boston,"POLYGON ((-71.076289 42.297313, -71.075631 42.294889, -71.078481 42.294346, -71.078852 42.296708, -71.076289 42.297313))",6.771977500002544e-06,42.295798500000004,-71.07729351515346,206,4,15.652475842498529
250250923003,Boston,"POLYGON ((-71.075631 42.294889, -71.074979 42.293097, -71.074145 42.29084, -71.076105 42.291424, -71.078147 42.292022, -71.078481 42.294346, -71.075631 42.294889))",1.0604497999987187e-05,42.2925595,-71.07650231643007,398,173,90.37698822156003
250250924001,Boston,"POLYGON ((-71.080011 42.293788, -71.080916 42.296301, -71.08046 42.296388, -71.079538 42.296563, -71.078852 42.296708, -71.078481 42.294346, -71.078147 42.292022, -71.080876 42.292823, -71.082485 42.293287, -71.080011 42.293788))",9.189434000014669e-06,42.295323499999995,-71.07959925586269,258,123,115.84903970253703
250251001004,Boston,"POLYGON ((-71.091752 42.290622, -71.090005 42.292357, -71.089233 42.291222, -71.090548 42.287234, -71.093652 42.287787, -71.092677 42.288324, -71.091752 42.290622))",1.034287600002557e-05,42.289473,-71.09101210694584,322,112,92.76313923105448
250251002001,Boston,"POLYGON ((-71.081252 42.287794, -71.079187 42.288137, -71.079862 42.28726, -71.082052 42.285272, -71.082796 42.284533, -71.083818 42.283238, -71.085045 42.283461, -71.085405 42.284444, -71.085775 42.286774, -71.081252 42.287794))",1.5248754499964263e-05,42.286023,-71.08344021681808,386,45,38.8329756778952
250251004002,Boston,"POLYGON ((-71.064787 42.283999, -71.06592 42.279928, -71.069501 42.278813, -71.070961 42.281281, -71.071264 42.282009, -71.064787 42.283999))",1.8919447000002374e-05,42.281645,-71.06827732086711,301,38,36.76955262170047
250250002013,Boston,"POLYGON ((-71.165196 42.353316, -71.164303 42.355279, -71.162785 42.354822, -71.1629 42.352437, -71.163093 42.349041, -71.163333 42.349115, -71.165392 42.350272, -71.167605 42.350604, -71.167584 42.351212, -71.167806 42.352837, -71.167643 42.353787, -71.165196 42.353316))",1.9627382000019226e-05,42.3518245,-71.1653012431288,525,100,110.69326989478628
250250004013,Boston,"POLYGON ((-71.151235 42.345813, -71.149755 42.348185, -71.149047 42.347457, -71.146238 42.346106, -71.147794 42.344259, -71.150039 42.344553, -71.151018 42.344993, -71.153072 42.345106, -71.153067 42.346154, -71.151235 42.345813))",1.2935063499992718e-05,42.3468055,-71.1491540671862,450,114,148.66068747318505
250250004012,Boston,"POLYGON ((-71.147794 42.344259, -71.146238 42.346106, -71.145049 42.344963, -71.144543 42.344623, -71.147256 42.34271, -71.147007 42.341782, -71.148633 42.341814, -71.150151 42.343353, -71.150039 42.344553, -71.147794 42.344259))",1.117069300000465e-05,42.343806,-71.14790519115525,395,116,89.10667763978185
250250005024,Boston,"POLYGON ((-71.16674 42.339854, -71.166699 42.340009, -71.166126 42.340088, -71.162392 42.334377, -71.162732 42.333961, -71.167565 42.333441, -71.168886 42.335826, -71.168936 42.338449, -71.16674 42.339854))",2.7485709500000043e-05,42.3371375,-71.16655394326739,0,0,19.79898987322333
250250007014,Boston,"POLYGON ((-71.136379 42.350393, -71.135724 42.34904, -71.135042 42.348165, -71.135757 42.347968, -71.134674 42.34685, -71.136661 42.346767, -71.13823 42.347588, -71.13758 42.348649, -71.136379 42.350393))",6.409370999997783e-06,42.348407,-71.13647943903811,621,289,146.66969693839283
250214003001,Boston,"MULTILINESTRING ((-71.126215 42.350412, -71.124067 42.351552), (-71.124067 42.351552, -71.123518 42.351486))",0.0,42.351552,-71.124067,419,111,79.98124780221924
250173523002,Cambridge,"POLYGON ((-71.079403 42.367468, -71.079061 42.36879, -71.077388 42.368576, -71.078235 42.365216, -71.084472 42.365959, -71.087488 42.366315, -71.088203 42.36661, -71.087711 42.368497, -71.079403 42.367468))",2.3521680000006896e-05,42.367039000000005,-71.08293329917362,691,322,140.69825869569246
250173508001,Cambridge,"LINESTRING (-71.12879 42.398723, -71.130724 42.400922)",0.0,42.398723,-71.12879,498,76,38.58756276314948
250173533001,Cambridge,"POLYGON ((-71.106679 42.364557, -71.105702 42.363979, -71.104306 42.363136, -71.106541 42.361085, -71.107966 42.361937, -71.108166 42.361766, -71.109753 42.362716, -71.108241 42.36405, -71.106679 42.364557))",1.0176359500004547e-05,42.362926,-71.10702490930046,505,164,90.80198235721508
250173537003,Cambridge,"POLYGON ((-71.118378 42.375682, -71.114293 42.375471, -71.115165 42.372315, -71.116076 42.372587, -71.117906 42.37311, -71.118581 42.373366, -71.118822 42.374355, -71.118378 42.375682))",1.105187399998466e-05,42.3738605,-71.11671973986059,0,0,19.79898987322333
250173543002,Cambridge,"POLYGON ((-71.144123 42.381837, -71.1418 42.384844, -71.14164 42.387051, -71.141095 42.386266, -71.141274 42.384526, -71.140007 42.380935, -71.144042 42.380141, -71.147067 42.37839, -71.145695 42.375217, -71.145937 42.375195, -71.149864 42.374451, -71.146874 42.379672, -71.144123 42.381837))",2.5279299499935465e-05,42.380538,-71.14389904999999,406,31,30.0
250173514041,Boston,"LINESTRING (-71.079428 42.38332, -71.080932 42.382133)",0.0,42.38332,-71.079428,386,27,33.54101966249684
250173512043,Cambridge,"MULTILINESTRING ((-71.107272 42.378087, -71.108457 42.379112), (-71.108457 42.379112, -71.107855 42.379374), (-71.107855 42.379374, -71.109649 42.380833))",0.0,42.379112,-71.108457,693,232,96.56603957913983
250250601011,Boston,"POLYGON ((-71.025133 42.33831, -71.025071 42.335802, -71.029234 42.335729, -71.029317 42.338238, -71.025133 42.33831))",1.0474481000008668e-05,42.337019999999995,-71.0271889087505,568,91,69.85699678629192
250250910014,Boston,"POLYGON ((-71.052165 42.313844, -71.051981 42.314975, -71.052166 42.318815, -71.052124 42.319836, -71.052456 42.321466, -71.052093 42.321469, -71.051368 42.32141, -71.050925 42.320876, -71.0467 42.313016, -71.04586 42.309332, -71.048189 42.311678, -71.050731 42.311668, -71.052 42.310426, -71.052967 42.311219, -71.05315 42.311336, -71.052165 42.313844))",3.888146699996266e-05,42.316895,-71.05042929293893,709,256,143.69411957348845
250251401061,Boston,"POLYGON ((-71.138649 42.276901, -71.136344 42.27535, -71.134626 42.276784, -71.131642 42.274908, -71.132703 42.274037, -71.133781 42.274396, -71.136592 42.27151, -71.140653 42.275179, -71.140269 42.275474, -71.138649 42.276901))",2.288236650001174e-05,42.2742165,-71.13677175033962,741,109,58.42088667591412
250250605011,Boston,"POLYGON ((-71.035486 42.338141, -71.033393 42.337337, -71.033346 42.335661, -71.037431 42.335588, -71.037476 42.337283, -71.037522 42.338095, -71.035486 42.338141))",9.41205399998669e-06,42.336472,-71.03541160593332,259,33,38.47076812334269
250250605014,Boston,"POLYGON ((-71.029317 42.338238, -71.029234 42.335729, -71.033346 42.335661, -71.033393 42.337337, -71.035486 42.338141, -71.029317 42.338238))",1.1179635999980714e-05,42.336533,-71.03131552525562,507,37,40.496913462633174
250250921013,Boston,"POLYGON ((-71.055432 42.304323, -71.04946 42.300822, -71.049268 42.301197, -71.047478 42.304424, -71.0474393475483 42.3037469777322, -71.047616 42.303378, -71.044495 42.301496, -71.045971080436 42.2993124833707, -71.046786 42.298107, -71.048293 42.298315, -71.047456 42.293594, -71.05157 42.297247, -71.054245 42.299611, -71.055022 42.300592, -71.055569 42.301868, -71.055692 42.302498, -71.055697 42.302982, -71.055432 42.304323))",5.0463276768735196e-05,42.29881374168535,-71.04982554606937,304,31,54.817880294662984
250250408013,Boston,"POLYGON ((-71.055835 42.375634, -71.055231 42.376225, -71.052941 42.378428, -71.051312 42.380281, -71.044982 42.378543, -71.045195 42.377097, -71.046817295921 42.3730407567864, -71.047018 42.37312, -71.050598 42.372872, -71.052642 42.370788, -71.0526194076875 42.370697, -71.054995 42.370697, -71.058443 42.372116, -71.0578 42.374197, -71.055835 42.375634))",7.540218020048148e-05,42.3749155,-71.0514424958518,1375,201,89.5377015563835
250251401021,Boston,"POLYGON ((-71.133965 42.254313, -71.132195 42.253683, -71.130589 42.251776, -71.131126 42.248991, -71.132333 42.24823, -71.136434 42.249656, -71.13623 42.251046, -71.133965 42.254313))",2.340665250001942e-05,42.251411000000004,-71.13331816277761,435,38,59.665735560705194
250251202011,Boston,"POLYGON ((-71.110411 42.307081, -71.110299 42.306069, -71.113384 42.301492, -71.114461 42.301904, -71.11467 42.305491, -71.115245 42.306632, -71.110411 42.307081))",1.613099250001899e-05,42.3036975,-71.11323147192485,744,304,170.13524032369074
250251203013,Boston,"POLYGON ((-71.101567 42.312474, -71.097848 42.311067, -71.100716 42.306566, -71.10269 42.305966, -71.10245 42.308878, -71.104558 42.309435, -71.101567 42.312474))",2.136397100000536e-05,42.3091565,-71.10128467740502,677,165,109.20164833920778
250251104035,Boston,"POLYGON ((-71.132758 42.2786, -71.129029 42.276188, -71.127333 42.277514, -71.125673 42.275911, -71.127565 42.274935, -71.128245 42.274245, -71.12867 42.273895, -71.131121 42.273047, -71.132703 42.274037, -71.131642 42.274908, -71.134626 42.276784, -71.134785 42.276898, -71.132758 42.2786))",2.303250349996261e-05,42.275423,-71.12954008422176,355,29,44.27188724235731
250250603013,Boston,"POLYGON ((-71.037431 42.335588, -71.033346 42.335661, -71.0333 42.333978, -71.041511 42.333827, -71.04155 42.335518, -71.037431 42.335588))",1.3844931500012273e-05,42.334748000000005,-71.0374266435145,698,118,60.60528029800704
250251203014,Boston,"POLYGON ((-71.104475 42.317022, -71.103195 42.31667, -71.100473 42.313594, -71.101567 42.312474, -71.104558 42.309435, -71.107345 42.310622, -71.106293 42.312329, -71.104475 42.317022))",2.65309339999681e-05,42.313034,-71.10351994662263,771,99,89.88882021697692
250250101042,Boston,"POLYGON ((-71.094992 42.35057, -71.089862 42.351576, -71.089757 42.351363, -71.089497 42.350848, -71.091633 42.350282, -71.096041 42.349074, -71.097168 42.348982, -71.097626 42.349983, -71.098182 42.350735, -71.094992 42.35057))",9.373083499991506e-06,42.3501325,-71.09495753053227,444,252,102.95630140987001
250250511014,Boston,"POLYGON ((-71.005972 42.392821, -71.004015 42.392589, -70.998723 42.390881, -70.998233 42.390266, -70.995047 42.393566, -70.994454 42.393316, -70.996729 42.390291, -70.995347 42.389362, -70.999388 42.388331, -70.999965 42.388525, -70.999135 42.389522, -70.999967 42.390009, -71.006418 42.390562, -71.004774 42.39206, -71.005972 42.392821))",2.0901220499986822e-05,42.3914705,-71.00298521910634,271,50,86.14522621712709
250250104081,Boston,"POLYGON ((-71.094644 42.344549, -71.094611 42.34294, -71.096493 42.341843, -71.097412 42.343694, -71.094644 42.344549))",4.486826000009643e-06,42.343317,-71.09592177800538,880,521,104.80935072788114
250250808011,Boston,"POLYGON ((-71.095745 42.337727, -71.090654 42.335744, -71.090518 42.335665, -71.094446 42.332386, -71.096118 42.333212, -71.095089 42.334757, -71.099276 42.335999, -71.09979 42.335401, -71.100306 42.335941, -71.095745 42.337727))",2.1470352999993707e-05,42.335079,-71.09369725163498,424,171,156.62694531912445
250250107021,Boston,"POLYGON ((-71.07598 42.352264, -71.075606 42.351457, -71.071079 42.352673, -71.070655 42.351854, -71.070455 42.351417, -71.072822 42.350755, -71.072659 42.35041, -71.076683 42.349395, -71.077368 42.350075, -71.079508 42.349508, -71.07986 42.350304, -71.080296 42.351121, -71.07598 42.352264))",1.6902614500019935e-05,42.350938,-71.0761830092585,500,279,113.01769772916099
250250107023,Boston,"POLYGON ((-71.074401 42.354022, -71.072055 42.354655, -71.071079 42.352673, -71.075606 42.351457, -71.07598 42.352264, -71.076583 42.353425, -71.074401 42.354022))",1.0119546499990102e-05,42.353049,-71.0738259337839,471,160,69.81403870282824
250250512001,Boston,"POLYGON ((-71.038919 42.368504, -71.038689 42.368406, -71.039113 42.366706, -71.036831 42.365716, -71.033578 42.364286, -71.030272 42.363953, -71.029819 42.364564, -71.028866 42.365751, -71.028103 42.365426, -71.026916 42.363769, -71.029638 42.363352, -71.037999 42.363753, -71.0416821697615 42.3664873177287, -71.03997 42.367119, -71.038919 42.368504))",2.0972685586954387e-05,42.36611915886435,-71.03947327771014,579,110,105.57461816175325
250173501071,Boston,"LINESTRING (-71.077405 42.386167, -71.077638 42.385838)",0.0,42.386167,-71.077405,418,29,23.769728648009426
250173523003,Cambridge,"POLYGON ((-71.089181 42.367065, -71.088203 42.36661, -71.087488 42.366315, -71.084472 42.365959, -71.078235 42.365216, -71.078822 42.362627, -71.078237 42.361818, -71.083848 42.362359, -71.084389 42.362713, -71.087331 42.363952, -71.089432 42.36479, -71.089704 42.364891, -71.0899 42.364963, -71.089181 42.367065))",3.362795649998371e-05,42.364371,-71.08340404277713,892,443,175.55910685578235
250250305003,Boston,"POLYGON ((-71.05209 42.367012, -71.051271 42.36619, -71.052878 42.365771, -71.053965 42.366908, -71.0534 42.367525, -71.05209 42.367012))",2.5035765000006488e-06,42.366549000000006,-71.05262523847011,400,253,80.0812087820857
250251006013,Boston,"POLYGON ((-71.057296 42.293125, -71.057352 42.291864, -71.055703 42.289158, -71.058624 42.288442, -71.06036 42.292351, -71.057296 42.293125))",1.1909055000012713e-05,42.290510999999995,-71.05803517491685,383,0,19.79898987322333
250173544001,Cambridge,"POLYGON ((-71.141017 42.386907, -71.135794 42.3846, -71.136886 42.383218, -71.137318 42.381306, -71.138776 42.38117, -71.140007 42.380935, -71.141274 42.384526, -71.141095 42.386266, -71.14164 42.387051, -71.141637 42.38719, -71.141017 42.386907))",1.9972976499977e-05,42.383872,-71.138706243676,305,14,19.79898987322333
250250813021,Boston,"POLYGON ((-71.097086 42.317028, -71.094274 42.315634, -71.093559 42.315515, -71.093821 42.314541, -71.094088 42.314142, -71.095145 42.313282, -71.098308 42.315789, -71.097701 42.316419, -71.097086 42.317028))",8.882733000008454e-06,42.315028,-71.09551893558037,615,383,204.47982785595258
250251105013,Boston,"POLYGON ((-71.140547 42.286135, -71.142639 42.284226, -71.145368 42.281877, -71.145519 42.281804, -71.147025 42.283278, -71.147504 42.284177, -71.147775 42.285995, -71.140547 42.286135))",1.7404230499983038e-05,42.2837275,-71.14524132141337,367,10,21.2602916254693
250251010023,Boston,"POLYGON ((-71.093695 42.272877, -71.086926 42.279344, -71.086091 42.280216, -71.085504 42.280991, -71.082735 42.280409, -71.089885 42.273006, -71.089592 42.272119, -71.091454 42.270674, -71.090073 42.269948, -71.089403 42.26969, -71.090258 42.266639, -71.093736 42.267136, -71.093908 42.26714, -71.093881 42.267634, -71.093695 42.272877))",4.874481800000713e-05,42.276175,-71.08853364478662,870,302,153.63918770938616
250251205003,Boston,"POLYGON ((-71.104016 42.322819, -71.102465 42.322919, -71.101744 42.322892, -71.102519 42.321405, -71.103985 42.319977, -71.10465 42.320929, -71.104867 42.322721, -71.104016 42.322819))",5.526591000012737e-06,42.322063,-71.10348169075476,262,91,38.8329756778952
250173507022,Cambridge,"LINESTRING (-71.133628 42.403483, -71.134514 42.404167)",0.0,42.404167,-71.134514,688,395,210.4661492972207
250250712011,Boston,"POLYGON ((-71.068084 42.342014, -71.06593 42.343936, -71.064406 42.343501, -71.068646 42.34014, -71.070707 42.34079, -71.068084 42.342014))",7.075304999978656e-06,42.342757500000005,-71.06629735047088,654,154,78.10889834071403
250250708022,Boston,"POLYGON ((-71.08078 42.343744, -71.080082 42.344219, -71.078561 42.343211, -71.079207 42.342697, -71.081164 42.341123, -71.08174 42.340671, -71.083151 42.341622, -71.082648 42.342066, -71.08078 42.343744))",7.003136500016144e-06,42.3423815,-71.08094802312704,439,95,55.154328932550705
250251404007,Boston,"POLYGON ((-71.121456 42.273776, -71.121435 42.274639, -71.120303 42.27842, -71.119993 42.278819, -71.119534 42.276868, -71.117207 42.275871, -71.119167 42.270736, -71.120607 42.270284, -71.121776 42.270676, -71.123587 42.271416, -71.124914 42.272699, -71.121456 42.273776))",2.7374076000033092e-05,42.2742075,-71.11964372419669,575,93,102.95630140987001
250250703022,Boston,"POLYGON ((-71.067533 42.352513, -71.066868 42.350962, -71.068683 42.350487, -71.070455 42.351417, -71.070655 42.351854, -71.067533 42.352513))",4.643313000004645e-06,42.3516355,-71.06885588346228,360,160,106.66770832824712
250250818002,Boston,"POLYGON ((-71.080241 42.320956, -71.077516 42.323261, -71.076664 42.322889, -71.077146 42.322196, -71.077746 42.320431, -71.077749 42.319284, -71.077814 42.318296, -71.081385 42.319802, -71.081621 42.320732, -71.081923 42.321727, -71.080241 42.320956))",1.1649158000014581e-05,42.320844,-71.07963029868463,485,130,78.26237921249263
250250102042,Boston,"POLYGON ((-71.106001 42.348404, -71.105067 42.346696, -71.104344 42.344169, -71.105516 42.343812, -71.10674 42.34604, -71.107213 42.347049, -71.106894 42.348588, -71.106001 42.348404))",7.25858849998553e-06,42.346368,-71.10593345803734,373,155,58.137767414994535
250251302002,Boston,"POLYGON ((-71.153486 42.293265, -71.148751 42.287883, -71.148686 42.287152, -71.150071 42.28729, -71.151961 42.287527, -71.155656 42.292108, -71.154309 42.292974, -71.153486 42.293265))",1.7967790499974824e-05,42.2899955,-71.15228080907079,307,0,19.79898987322333
250250007042,Boston,"POLYGON ((-71.134078 42.348625, -71.133246 42.34767, -71.130033 42.349218, -71.129746 42.34885, -71.133381 42.347122, -71.134254 42.346577, -71.134674 42.34685, -71.135757 42.347968, -71.135042 42.348165, -71.134078 42.348625))",4.510037000003954e-06,42.347819,-71.13449423700185,463,152,75.02666192761077
250250814001,Boston,"POLYGON ((-71.093806 42.331331, -71.090527 42.331173, -71.088189 42.330611, -71.091441 42.330037, -71.091239 42.329939, -71.092276 42.328266, -71.092905 42.326878, -71.095668 42.32767, -71.093894 42.32945, -71.093806 42.331331))",1.2604393500020483e-05,42.328858,-71.0931965282484,334,139,87.13208364316786
250250702012,Boston,"POLYGON ((-71.064562 42.352383, -71.062761 42.351508, -71.06415 42.348405, -71.066613 42.348761, -71.066868 42.350962, -71.067533 42.352513, -71.064562 42.352383))",1.3207226000023296e-05,42.3498615,-71.06511926248791,542,382,101.96568050084302
250251201042,Boston,"POLYGON ((-71.118796 42.302996, -71.120002 42.304567, -71.119566 42.306432, -71.119203 42.306414, -71.116906 42.306502, -71.115339 42.306839, -71.115245 42.306632, -71.11467 42.305491, -71.114461 42.301904, -71.113384 42.301492, -71.115436 42.298206, -71.115434 42.298903, -71.12002 42.299817, -71.11696 42.302186, -71.118796 42.302996))",3.3725079499980946e-05,42.302591,-71.11618951435742,674,24,25.709920264364882
250250303011,Boston,"POLYGON ((-71.0498956435004 42.3597638415945, -71.049673 42.356598, -71.0482832741435 42.356018539708, -71.049595 42.354497, -71.05106 42.355131, -71.050926 42.357385, -71.051582 42.358762, -71.051817 42.359615, -71.0498956435004 42.3597638415945))",8.6388220298177e-06,42.3569915,-71.05032503355869,712,173,73.0
250250003022,Boston,"POLYGON ((-71.167664 42.346639, -71.164878 42.346426, -71.162118 42.346373, -71.165999 42.341593, -71.166126 42.340088, -71.166699 42.340009, -71.174265 42.349584, -71.171343 42.3492, -71.167664 42.346639))",4.0558553499994956e-05,42.343983,-71.16694884315928,893,113,57.28001396647874
250251008006,Boston,"POLYGON ((-71.064303 42.285699, -71.063735 42.285923, -71.063395 42.285239, -71.061681 42.285593, -71.061139 42.284446, -71.05989 42.281721, -71.061509 42.28123, -71.06592 42.279928, -71.064787 42.283999, -71.064303 42.285699))",2.0681830500005095e-05,42.28286,-71.06275802708488,628,91,79.20858539325141
250250805002,Boston,"POLYGON ((-71.081969 42.338416, -71.079266 42.336538, -71.077621 42.336001, -71.080297 42.333796, -71.080625 42.333367, -71.082026 42.334355, -71.083983 42.33734, -71.081969 42.338416))",1.5254013999998721e-05,42.335178,-71.08059268272656,1019,500,203.48218595248088
250250711012,Boston,"POLYGON ((-71.07337 42.33361, -71.074357 42.332847, -71.075037 42.33349, -71.076119 42.332813, -71.075783 42.334493, -71.077621 42.336001, -71.076941 42.336527, -71.07337 42.33361))",5.1915229999879744e-06,42.335247,-71.07603801011314,503,375,140.46351839534705
250250709011,Boston,"POLYGON ((-71.076941 42.336527, -71.077621 42.336001, -71.079266 42.336538, -71.081969 42.338416, -71.080349 42.339363, -71.076941 42.336527))",6.694371499992558e-06,42.337477,-71.07935005394923,627,331,212.5770448566825
250259811001,Boston,"POLYGON ((-71.113431 42.279941, -71.112232 42.280214, -71.112183 42.281936, -71.109428 42.284652, -71.105401 42.286718, -71.099632 42.282336, -71.105771 42.280324, -71.107526 42.278302, -71.10858 42.275395, -71.109191 42.274363, -71.110374 42.275065, -71.114188 42.2771, -71.115342 42.278039, -71.113431 42.279941))",7.979112250001386e-05,42.281130000000005,-71.10775883676396,0,0,19.79898987322333
250250810012,Boston,"POLYGON ((-71.109362 42.333223, -71.107055 42.333264, -71.105582 42.333782, -71.10491 42.33419, -71.105605 42.332406, -71.105169 42.331012, -71.106724 42.331418, -71.108208 42.331824, -71.108901 42.330715, -71.109561 42.330967, -71.109591 42.333199, -71.109362 42.333223))",8.746855999989567e-06,42.3328025,-71.10751810230573,585,404,199.49185447030163
250173537005,Cambridge,"POLYGON ((-71.114293 42.375471, -71.113293 42.376801, -71.112358 42.377006, -71.112242 42.3752, -71.112446 42.373839, -71.113067 42.37173, -71.113905 42.370836, -71.116076 42.372587, -71.115165 42.372315, -71.114293 42.375471))",1.148430450001999e-05,42.3745195,-71.11344994930292,313,196,82.20097323024831
250250401001,Boston,"POLYGON ((-71.060427 42.372126, -71.06164 42.373657, -71.060008 42.376072, -71.059326 42.37583, -71.0578 42.374197, -71.058443 42.372116, -71.054995 42.370697, -71.057141 42.369982, -71.059795 42.368767, -71.061079 42.370578, -71.061885 42.371107, -71.060427 42.372126))",2.199046200000532e-05,42.3728915,-71.05961844065354,600,125,68.59300255857006
250251402025,Boston,"POLYGON ((-71.110942 42.253855, -71.109465 42.25241, -71.109347 42.24799, -71.112057 42.246585, -71.116613 42.250945, -71.110942 42.253855))",3.1238237499980445e-05,42.2494675,-71.11222776242269,277,0,19.79898987322333
250251403005,Boston,"POLYGON ((-71.11788 42.264024, -71.115672 42.260424, -71.1092 42.262085, -71.10842 42.262591, -71.107743 42.262975, -71.106903 42.261928, -71.108405 42.261116, -71.11146 42.260769, -71.11326 42.258926, -71.114246 42.258162, -71.11543 42.257861, -71.119786 42.260215, -71.118957 42.261923, -71.11788 42.264024))",2.5974957999994836e-05,42.2609425,-71.111792095876,490,94,78.26237921249263
250250820001,Boston,"POLYGON ((-71.08285 42.316362, -71.080998 42.315755, -71.078823 42.314608, -71.079683 42.313219, -71.080088 42.312691, -71.080312 42.312418, -71.082012 42.310256, -71.082668 42.309535, -71.083251 42.310604, -71.082922 42.311984, -71.083553 42.313186, -71.083641 42.313545, -71.083715 42.314213, -71.08285 42.316362))",1.7895713499976624e-05,42.3129385,-71.08166061452266,644,323,126.57408897558773
250250507002,Boston,"POLYGON ((-71.034096 42.37745, -71.033678 42.376827, -71.031044 42.37732, -71.033949 42.374828, -71.035834 42.376031, -71.036256 42.376652, -71.034096 42.37745))",6.2899614999960855e-06,42.376341499999995,-71.0341148335674,569,242,192.50974001333023
250250006013,Boston,"POLYGON ((-71.148496 42.354214, -71.145056 42.353323, -71.146033 42.351182, -71.145612 42.350786, -71.147079 42.350165, -71.147862 42.350345, -71.146743 42.352294, -71.150881 42.35335, -71.150358 42.354193, -71.148496 42.354214))",9.878484000012392e-06,42.351738,-71.14642075167112,239,33,41.43669871020132
250214001002,Boston,"MULTILINESTRING ((-71.10674 42.34604, -71.105516 42.343812), (-71.105516 42.343812, -71.108225 42.342272), (-71.108225 42.342272, -71.110597 42.340405))",0.0,42.342272,-71.108225,640,239,129.75746606650424
250250005052,Boston,"POLYGON ((-71.141518 42.342952, -71.139977 42.34214, -71.141298 42.34107, -71.141754 42.340396, -71.144619 42.340636, -71.141518 42.342952))",5.553786999996845e-06,42.341605,-71.14197953044041,361,165,95.03683496413377
250250701022,Boston,"POLYGON ((-71.061697 42.354364, -71.062516 42.35328, -71.064235 42.353394, -71.063308 42.355209, -71.061697 42.354364))",2.8320210000064964e-06,42.353879,-71.06302536187903,601,312,107.70329614269008
250250705022,Boston,"POLYGON ((-71.074586 42.342408, -71.073755 42.342831, -71.072075 42.341286, -71.071826 42.340056, -71.072504 42.339615, -71.074995 42.337931, -71.075269 42.339211, -71.077372 42.340931, -71.074586 42.342408))",1.3863611499995948e-05,42.340493499999994,-71.07437582350751,1245,393,135.09256086106296
250173546023,Cambridge,"POLYGON ((-71.138678 42.390657, -71.135437 42.391123, -71.132728 42.390686, -71.13252 42.388475, -71.130986 42.386175, -71.131791 42.385861, -71.134087 42.38384, -71.135794 42.3846, -71.141017 42.386907, -71.141637 42.38719, -71.138678 42.390657))",4.686333250001973e-05,42.3878325,-71.13659006117211,629,120,103.00485425454472
250251304061,Boston,"POLYGON ((-71.145529 42.259229, -71.144116 42.25932, -71.142834 42.255943, -71.143804 42.254436, -71.146127 42.252964, -71.146306 42.253933, -71.146642 42.255755, -71.150386 42.25746, -71.149905 42.259334, -71.145529 42.259229))",2.693099200001052e-05,42.256701500000005,-71.14592118053531,1007,121,134.72935834479432
250173514035,Boston,"LINESTRING (-71.078727 42.384306, -71.079428 42.38332)",0.0,42.384306,-71.078727,273,149,116.10340218959993
250251401052,Boston,"POLYGON ((-71.121776 42.270676, -71.120607 42.270284, -71.11827 42.266595, -71.117999 42.26458, -71.11788 42.264024, -71.118957 42.261923, -71.122036 42.262921, -71.12331 42.263508, -71.121776 42.270676))",3.0124439500002335e-05,42.2655875,-71.1204997365374,426,99,82.0
250250603012,Boston,"POLYGON ((-71.035296 42.332293, -71.035207 42.32935, -71.037248 42.329525, -71.037291 42.331432, -71.037314 42.332265, -71.035296 42.332293))",5.757106999999746e-06,42.3304785,-71.03625531362556,437,101,60.40695324215582
250250107013,Boston,"POLYGON ((-71.086243 42.34991, -71.084699 42.350297, -71.083749 42.34838, -71.085602 42.347884, -71.087758 42.3473, -71.087916 42.347461, -71.08871 42.349252, -71.086243 42.34991))",8.869578000020394e-06,42.348816,-71.08624088793604,440,188,104.01922899156675
250251805004,Boston,"MULTILINESTRING ((-70.9668748754428 42.3570563182718, -70.967048 42.356954), (-70.967048 42.356954, -70.967257 42.357069), (-70.967257 42.357069, -70.968935 42.355925), (-70.968935 42.355925, -70.9700244514225 42.3552840314789))",0.0,42.355925,-70.968935,444,24,26.076809620810597
250250813011,Boston,"POLYGON ((-71.098451 42.315644, -71.098308 42.315789, -71.095145 42.313282, -71.096248 42.312492, -71.099191 42.314356, -71.099481 42.314606, -71.098451 42.315644))",5.881313000007031e-06,42.313818999999995,-71.09708283305403,293,210,101.96568050084302
250214012011,Boston,"MULTILINESTRING ((-71.1503 42.29553, -71.152113 42.294588), (-71.152113 42.294588, -71.153691 42.295746), (-71.153691 42.295746, -71.164702 42.30383))",0.0,42.295746,-71.153691,687,32,41.43669871020132
250251005005,Boston,"POLYGON ((-71.074145 42.29084, -71.071996 42.290217, -71.071602 42.290218, -71.071119 42.288735, -71.071168 42.287965, -71.07117 42.286443, -71.074885 42.286322, -71.075556 42.288627, -71.076105 42.291424, -71.074145 42.29084))",1.8393376500029343e-05,42.289476,-71.07354149017178,454,69,85.15867542417507
250250203021,Boston,"POLYGON ((-71.063721 42.361241, -71.062911 42.361229, -71.062817 42.358665, -71.062642 42.357977, -71.063169 42.357748, -71.06499 42.357195, -71.065069 42.358856, -71.065048 42.359368, -71.065161 42.361201, -71.063721 42.361241))",8.295833000010445e-06,42.359112,-71.06394594383775,631,470,73.43023900274328
250250924005,Boston,"POLYGON ((-71.086992 42.298142, -71.086065 42.297203, -71.085373 42.295702, -71.087839 42.294911, -71.087997 42.294939, -71.088028 42.295498, -71.089635 42.297498, -71.086992 42.298142))",7.777758999983306e-06,42.2964525,-71.087256970375,309,166,119.82069938036582
250250007031,Boston,"POLYGON ((-71.126957 42.35087, -71.125024 42.352236, -71.124236 42.352242, -71.12126 42.351872, -71.121311 42.351675, -71.122855 42.351861, -71.123518 42.351486, -71.124067 42.351552, -71.126215 42.350412, -71.12858 42.349696, -71.129746 42.34885, -71.130033 42.349218, -71.130868 42.350136, -71.131071 42.350499, -71.126957 42.35087))",8.03337449999982e-06,42.3506845,-71.12735777631579,569,454,123.06502346320826
250251401072,Boston,"POLYGON ((-71.128591 42.254552, -71.127157 42.253834, -71.128219 42.252341, -71.130115 42.251171, -71.130589 42.251776, -71.132195 42.253683, -71.133965 42.254313, -71.132354 42.25604, -71.128591 42.254552))",1.5514174499983573e-05,42.253012,-71.12968580747597,272,36,34.92849839314596
250173508002,Cambridge,"LINESTRING (-71.127719 42.397503, -71.12879 42.398723)",0.0,42.397503,-71.127719,368,35,22.20360331117452
250173529001,Cambridge,"POLYGON ((-71.102062 42.373897, -71.10305 42.374018, -71.103204 42.374327, -71.101611 42.374366, -71.100834 42.373748, -71.098979 42.37219, -71.10101 42.369317, -71.103717 42.370389, -71.101281 42.373781, -71.102062 42.373897))",1.1979554999994972e-05,42.3712895,-71.10134294197266,556,105,68.60029154456998
250250102052,Boston,"POLYGON ((-71.098408 42.340791, -71.099062 42.34061, -71.101823 42.342503, -71.099554 42.34311, -71.098408 42.340791))",3.847598000000972e-06,42.341647,-71.09970275695608,728,490,191.38704240360684
250250612011,Boston,"POLYGON ((-71.061009 42.334782, -71.060042 42.336564, -71.059702 42.336859, -71.057225 42.338802, -71.057112 42.338333, -71.056733 42.337375, -71.053151 42.33152, -71.052766 42.330487, -71.052659 42.329356, -71.052624 42.328597, -71.056928 42.328552, -71.056915 42.328035, -71.057845 42.328139, -71.057749 42.328376, -71.058241 42.329734, -71.059288 42.329973, -71.063553 42.330791, -71.062798 42.331973, -71.061009 42.334782))",6.118154399997641e-05,42.3333775,-71.05809544513237,954,185,97.29337079164233
250251304022,Boston,"POLYGON ((-71.165411 42.273427, -71.16504 42.27312, -71.161972 42.274873, -71.160225 42.274799, -71.161836 42.271147, -71.162 42.269239, -71.161852 42.268879, -71.16271 42.267748, -71.165627 42.268954, -71.166262 42.269031, -71.165411 42.273427))",2.4906591000046985e-05,42.272133499999995,-71.1635311146893,551,0,19.79898987322333
250250105001,Boston,"POLYGON ((-71.085602 42.347884, -71.084742 42.346195, -71.081821 42.345413, -71.084958 42.34277, -71.085796 42.343332, -71.087455 42.346635, -71.087758 42.3473, -71.085602 42.347884))",1.3605253500001168e-05,42.3443725,-71.08468729562384,453,293,131.24404748406687
250250401002,Boston,"POLYGON ((-71.061873 42.375951, -71.061235 42.377154, -71.060492 42.376923, -71.060008 42.376072, -71.06164 42.373657, -71.060427 42.372126, -71.061885 42.371107, -71.064207 42.37283, -71.061873 42.375951))",1.1443129000003756e-05,42.374804,-71.06179782688838,644,82,55.10898293381942
250251010015,Boston,"POLYGON ((-71.098299 42.270209, -71.097876 42.270029, -71.101243 42.266829, -71.104367 42.269534, -71.103358 42.271002, -71.098299 42.270209))",1.4354524500001752e-05,42.2681815,-71.10131245820313,340,142,135.72398461583714
250251105023,Boston,"POLYGON ((-71.134701 42.282872, -71.132699 42.282201, -71.136998 42.278323, -71.137227 42.280696, -71.137615 42.285847, -71.134701 42.282872))",1.5498300499947537e-05,42.281448499999996,-71.13540843721796,345,70,76.32168761236873
250251303002,Boston,"POLYGON ((-71.149901 42.286762, -71.150071 42.28729, -71.148686 42.287152, -71.147746 42.286654, -71.147775 42.285995, -71.147504 42.284177, -71.147025 42.283278, -71.149409 42.281371, -71.151312 42.279353, -71.154626 42.281557, -71.156374 42.283563, -71.154983 42.284355, -71.149901 42.286762))",3.981787499998255e-05,42.283420500000005,-71.1516753767732,420,17,19.4164878389476
250250604002,Boston,"POLYGON ((-71.037336 42.33308, -71.037314 42.332265, -71.037291 42.331432, -71.041428 42.331367, -71.041446 42.332187, -71.041479 42.333016, -71.037336 42.33308))",6.821607500005551e-06,42.332226,-71.03938023782106,670,141,131.55227098001768
250250805001,Boston,"POLYGON ((-71.083983 42.33734, -71.082026 42.334355, -71.080625 42.333367, -71.080943 42.332931, -71.085345 42.335071, -71.087462 42.334126, -71.088494 42.334896, -71.083983 42.33734))",1.1446956000003493e-05,42.3362055,-71.08465810310908,410,172,93.05912099305473
250250901005,Boston,"POLYGON ((-71.079871 42.300429, -71.079538 42.296563, -71.08046 42.296388, -71.08141 42.299002, -71.083907 42.299709, -71.079871 42.300429))",6.826307500014439e-06,42.2977825,-71.08030492110763,179,70,69.42621983083913
250250921015,Boston,"POLYGON ((-71.061371 42.296066, -71.056659 42.297276, -71.054437 42.295922, -71.056265 42.295762, -71.056917 42.29398, -71.057296 42.293125, -71.06036 42.292351, -71.062611 42.291809, -71.062259 42.29301, -71.061371 42.296066))",2.2701840499995464e-05,42.294871,-71.05915461910995,1084,334,247.68528418135784
250251005001,Boston,"POLYGON ((-71.065048 42.289595, -71.065544 42.292043, -71.06459 42.292347, -71.062259 42.29301, -71.062611 42.291809, -71.063796 42.287492, -71.064303 42.285699, -71.065104 42.287452, -71.06701 42.289069, -71.065048 42.289595))",1.3971380000009995e-05,42.289332,-71.06465996351633,862,422,341.287269027135
250250817005,Boston,"POLYGON ((-71.085184 42.328854, -71.083448 42.32865, -71.08311 42.32812, -71.08327 42.326127, -71.084788 42.325116, -71.084831 42.323735, -71.086241 42.323486, -71.08789 42.32571, -71.086996 42.327782, -71.085184 42.328854))",1.6594341499994587e-05,42.3269545,-71.08527830328944,215,100,72.11102550927978
250251401071,Boston,"POLYGON ((-71.128195 42.260509, -71.126922 42.261867, -71.127334 42.264503, -71.12613 42.263534, -71.123565 42.262206, -71.124708 42.257227, -71.125307 42.255653, -71.125592 42.255613, -71.126018 42.254666, -71.127157 42.253834, -71.128591 42.254552, -71.132354 42.25604, -71.128928 42.258084, -71.130756 42.258303, -71.133615 42.261021, -71.131509 42.262221, -71.128195 42.260509))",5.2889688500024586e-05,42.259406,-71.12806199966073,878,203,85.70297544426332
250251708004,Boston,"MULTILINESTRING ((-70.986053 42.388116, -70.987289 42.388734), (-70.987289 42.388734, -70.987974 42.392817), (-70.987974 42.392817, -70.989771 42.39324), (-70.989771 42.39324, -70.994454 42.393316))",0.0,42.39324,-70.989771,384,29,31.304951684997057
250251003001,Boston,"POLYGON ((-71.079862 42.28726, -71.079187 42.288137, -71.078537 42.289335, -71.077813 42.28799, -71.077085 42.284425, -71.076631 42.283775, -71.076257 42.28316, -71.080175 42.28246, -71.080585 42.283001, -71.081147 42.284255, -71.082052 42.285272, -71.079862 42.28726))",2.0067394000008098e-05,42.286266,-71.07920897307153,424,111,67.54257916307313
250250606042,Boston,"POLYGON ((-71.04557 42.351705, -71.047636 42.348963, -71.052188 42.351121, -71.050039 42.353855, -71.04557 42.351705))",1.68893040000294e-05,42.351413,-71.04887424577663,751,423,188.36666371733614
250250601012,Boston,"POLYGON ((-71.025026 42.334095, -71.025009 42.333281, -71.031226 42.333186, -71.031254 42.334002, -71.025026 42.334095))",5.0734525000015635e-06,42.3336415,-71.02812907938588,439,80,62.0966987850401
250250501011,Boston,"POLYGON ((-71.033395 42.382611, -71.033423 42.380522, -71.039252 42.380545, -71.039315 42.382606, -71.033395 42.382611))",1.2189430000017314e-05,42.3815755,-71.03634618968405,518,119,102.41581909060729
250251011012,Boston,"POLYGON ((-71.096316 42.285818, -71.094318 42.284777, -71.096266 42.283632, -71.096547 42.282574, -71.094948 42.280524, -71.093182 42.279386, -71.09349 42.278421, -71.093576 42.277248, -71.094976 42.278239, -71.097928 42.281262, -71.09845 42.281698, -71.099632 42.282336, -71.096316 42.285818))",1.8701733999997697e-05,42.28148,-71.09694134,642,141,93.05912099305473
250250814004,Boston,"POLYGON ((-71.098941 42.329133, -71.098495 42.330067, -71.097603 42.330772, -71.097185 42.331782, -71.095351 42.331554, -71.096275 42.330532, -71.098917 42.325025, -71.099278 42.326361, -71.100113 42.326418, -71.099368 42.327995, -71.098941 42.329133))",1.0569427999983194e-05,42.328564,-71.09818682699292,110,17,22.847319317591726
250214001005,Boston,"LINESTRING (-71.115808 42.351017, -71.110936 42.350446)",0.0,42.350446,-71.110936,946,263,160.0312469488381
250251010013,Boston,"POLYGON ((-71.096029 42.268845, -71.093881 42.267634, -71.093908 42.26714, -71.097483 42.263089, -71.097899 42.262882, -71.099676 42.264841, -71.099623 42.265501, -71.096029 42.268845))",1.716463100000974e-05,42.2663205,-71.09668672039271,464,133,127.76932339180638
250251304021,Boston,"POLYGON ((-71.167118 42.275821, -71.165411 42.273427, -71.166262 42.269031, -71.166802 42.266856, -71.167393 42.262197, -71.168604 42.26316, -71.168424 42.265927, -71.171865 42.268741, -71.172728 42.271444, -71.167118 42.275821))",4.854900749998842e-05,42.268885999999995,-71.16910464742878,493,90,63.41135544995076
250251006032,Boston,"POLYGON ((-71.03988 42.292455, -71.037974 42.288675, -71.039306 42.285495, -71.0381271228924 42.284715047516, -71.03908 42.283966, -71.041659 42.285415, -71.043027 42.285922, -71.042992 42.287722, -71.0437321577228 42.2929582753061, -71.043697 42.292899, -71.03988 42.292455))",3.415866013810093e-05,42.2881985,-71.040616472385,271,0,19.79898987322333
250173528001,Cambridge,"POLYGON ((-71.093279 42.372754, -71.094785 42.368766, -71.098979 42.37219, -71.100834 42.373748, -71.093279 42.372754))",1.5904517999998756e-05,42.370478000000006,-71.09551024623872,796,332,84.17244204607586
250250706002,Boston,"POLYGON ((-71.078561 42.343211, -71.0782 42.343266, -71.075936 42.343915, -71.074586 42.342408, -71.077372 42.340931, -71.079014 42.342551, -71.079207 42.342697, -71.078561 42.343211))",7.45791850001054e-06,42.342479499999996,-71.07679579005361,619,132,67.20863039818622
250251303003,Boston,"POLYGON ((-71.156374 42.283563, -71.154626 42.281557, -71.151312 42.279353, -71.148024 42.27727, -71.145231 42.276332, -71.145705 42.27505, -71.146749 42.275663, -71.151073 42.275902, -71.15733 42.280292, -71.159808 42.28152, -71.158894 42.282141, -71.156374 42.283563))",3.514502499997576e-05,42.2783115,-71.15208761178815,343,32,32.202484376209235
250251403001,Boston,"POLYGON ((-71.120898 42.258054, -71.119786 42.260215, -71.11543 42.257861, -71.114246 42.258162, -71.115465 42.256873, -71.1184 42.253924, -71.118894 42.253161, -71.11937 42.253657, -71.12126 42.255869, -71.121577 42.256, -71.120898 42.258054))",2.451962550003425e-05,42.2564365,-71.11866606600388,512,165,157.99050604387594
250173530002,Cambridge,"POLYGON ((-71.10175 42.368302, -71.10101 42.369317, -71.099001 42.36852, -71.100719 42.366029, -71.101438 42.36503, -71.102033 42.364432, -71.103953 42.365561, -71.103146 42.366344, -71.10175 42.368302))",1.0581345499997399e-05,42.367323,-71.10113727519068,296,74,75.31268153505093
250173527001,Cambridge,"POLYGON ((-71.097416 42.374428, -71.094749 42.374292, -71.092826 42.374185, -71.093279 42.372754, -71.100834 42.373748, -71.101611 42.374366, -71.097416 42.374428))",8.93889300000923e-06,42.373250999999996,-71.09508908438154,388,172,117.23907198540937
250173550001,Cambridge,"POLYGON ((-71.136253 42.401071, -71.132965 42.399467, -71.130905 42.397903, -71.130905 42.397743, -71.132136 42.397733, -71.140216 42.398202, -71.141436 42.398959, -71.140372 42.399831, -71.136253 42.401071))",2.0328433000007698e-05,42.399213,-71.1368782604824,514,109,71.80529228406496
250250702011,Boston,"POLYGON ((-71.06415 42.348405, -71.064434 42.347186, -71.066158 42.347589, -71.068193 42.347866, -71.066613 42.348761, -71.06415 42.348405))",3.599824500003234e-06,42.3481355,-71.06596501108382,397,354,136.444127759314
250250811021,Boston,"POLYGON ((-71.106264 42.330616, -71.101276 42.32935, -71.099368 42.327995, -71.100113 42.326418, -71.101346 42.326419, -71.104618 42.326092, -71.105231 42.326114, -71.107181 42.326898, -71.106463 42.328171, -71.108067 42.328787, -71.108501 42.330597, -71.106264 42.330616))",2.7493513500014322e-05,42.328479,-71.10365726457565,385,23,19.235384061671343
250251101062,Boston,"POLYGON ((-71.116804 42.292341, -71.116356 42.294027, -71.115368 42.294572, -71.114 42.29374, -71.1134 42.293118, -71.1139 42.292482, -71.114432 42.291572, -71.114402 42.290649, -71.116587 42.289111, -71.11726 42.289864, -71.11704 42.291151, -71.116804 42.292341))",1.2102915500011568e-05,42.2919565,-71.11554373458307,596,130,93.05912099305473
250250812001,Boston,"POLYGON ((-71.107337 42.325522, -71.105231 42.326114, -71.104618 42.326092, -71.104099 42.32434, -71.104016 42.322819, -71.104867 42.322721, -71.108452 42.322389, -71.109554 42.323371, -71.107337 42.325522))",1.4165234999985917e-05,42.3238555,-71.1065635975176,346,76,49.73932046178355
250251101042,Boston,"POLYGON ((-71.119916 42.294167, -71.121294 42.295199, -71.12016 42.295952, -71.115434 42.298903, -71.115436 42.298206, -71.116735 42.296236, -71.118415 42.293409, -71.11882 42.292527, -71.119171 42.291205, -71.119259 42.290486, -71.120853 42.291179, -71.122463 42.291749, -71.119916 42.294167))",1.9391390999996138e-05,42.294683,-71.11913145030067,331,155,98.00510190801293
250250701042,Boston,"POLYGON ((-71.058022 42.35549, -71.05771 42.356777, -71.055759 42.356913, -71.051582 42.358762, -71.050926 42.357385, -71.05106 42.355131, -71.051414 42.354758, -71.053637 42.35368, -71.053847 42.35388, -71.055306 42.353211, -71.056246 42.352903, -71.058009 42.35235, -71.059828 42.352548, -71.061051 42.352516, -71.058022 42.35549))",3.243687449998998e-05,42.3561335,-71.05443320075422,219,130,89.35882720806042
250173549022,Cambridge,"POLYGON ((-71.140216 42.398202, -71.132136 42.397733, -71.132213 42.397276, -71.133262 42.397335, -71.133105 42.393502, -71.136998 42.393767, -71.140592 42.394075, -71.140607 42.39468, -71.140745 42.395886, -71.141298 42.397196, -71.142803 42.397878, -71.141436 42.398959, -71.140216 42.398202))",3.496683100001424e-05,42.396541,-71.13712548884686,622,47,51.088159097779204
250173510013,Cambridge,"MULTILINESTRING ((-71.117452 42.388386, -71.117085 42.389581), (-71.118159 42.388025, -71.117452 42.388386))",0.0,42.388386,-71.117452,732,194,134.6291201783626
250173541002,Cambridge,"POLYGON ((-71.130145 42.377841, -71.129855 42.377805, -71.129781 42.380772, -71.128855 42.381133, -71.127503 42.380407, -71.123718 42.378337, -71.122151 42.376534, -71.124492 42.375965, -71.124949 42.374741, -71.126269 42.37308, -71.122454 42.369816, -71.123204 42.368938, -71.128203 42.373572, -71.130997 42.373892, -71.130579 42.374705, -71.130145 42.377841))",4.635493399997777e-05,42.375353000000004,-71.12760491071428,672,157,60.81118318204309
250250506002,Boston,"POLYGON ((-71.036563 42.370906, -71.034742 42.372461, -71.033923 42.371932, -71.036989 42.369287, -71.037643 42.369577, -71.040294 42.370739, -71.03903 42.372371, -71.036563 42.370906))",8.956173499992895e-06,42.3708225,-71.03771921279792,374,206,66.2872536767062
250250108022,Boston,"POLYGON ((-71.085915 42.352526, -71.085733 42.352455, -71.087246 42.352047, -71.086243 42.34991, -71.08871 42.349252, -71.089497 42.350848, -71.089757 42.351363, -71.089862 42.351576, -71.085915 42.352526))",6.676836000008181e-06,42.3511055,-71.08821555369677,893,360,120.15406776301833
250251304063,Boston,"POLYGON ((-71.157521 42.26074, -71.157052 42.261202, -71.156937 42.260825, -71.155958 42.256485, -71.158584 42.255155, -71.161574 42.257546, -71.157521 42.26074))",1.7670460500007442e-05,42.259142999999995,-71.158052540553,127,56,88.11923740024082
250250803001,Boston,"POLYGON ((-71.077472 42.330898, -71.07499 42.329075, -71.075248 42.325965, -71.076624 42.327118, -71.077789 42.327953, -71.079264 42.328514, -71.078675 42.330135, -71.077472 42.330898))",1.1065438999992405e-05,42.328233499999996,-71.07679315466237,312,156,85.15867542417507
250251202013,Boston,"POLYGON ((-71.107388 42.304995, -71.104335 42.302763, -71.10485 42.30232, -71.105702 42.301665, -71.106655 42.30088, -71.1093 42.30151, -71.113384 42.301492, -71.110299 42.306069, -71.107388 42.304995))",2.6099047499977888e-05,42.303878999999995,-71.10881830440245,514,116,97.06183596038146
250250005031,Boston,"POLYGON ((-71.148633 42.341814, -71.147007 42.341782, -71.145923 42.341897, -71.146311 42.341419, -71.147571 42.340611, -71.148847 42.339358, -71.149612 42.339474, -71.151382 42.340423, -71.149972 42.341466, -71.148633 42.341814))",7.0807599999993e-06,42.341015,-71.14876134659636,359,127,70.22819946431775
250173531011,Cambridge,"POLYGON ((-71.100719 42.366029, -71.098802 42.365406, -71.096275 42.364881, -71.09674 42.363204, -71.090785 42.362746, -71.095412 42.360501, -71.097684 42.361816, -71.102033 42.364432, -71.101438 42.36503, -71.100719 42.366029))",2.2854767500022912e-05,42.363818,-71.09879099901187,609,442,136.8941196691808
250250003012,Boston,"POLYGON ((-71.171387 42.356089, -71.166604 42.356835, -71.167643 42.353787, -71.167806 42.352837, -71.170293 42.352445, -71.17239 42.354358, -71.17352 42.353177, -71.173935 42.353397, -71.171387 42.356089))",1.7612432499969822e-05,42.355223499999994,-71.16967976487945,341,32,51.92301994298868
250250108021,Boston,"POLYGON ((-71.085733 42.352455, -71.083803 42.352985, -71.083173 42.351651, -71.085125 42.351144, -71.084699 42.350297, -71.086243 42.34991, -71.087246 42.352047, -71.085733 42.352455))",6.553476499980628e-06,42.3513975,-71.08554507873185,606,225,105.54619841567009
250251010016,Boston,"POLYGON ((-71.10141 42.274538, -71.098124 42.277644, -71.096913 42.276031, -71.093683 42.274351, -71.093695 42.272877, -71.097876 42.270029, -71.098299 42.270209, -71.103358 42.271002, -71.100673 42.274128, -71.10141 42.274538))",3.9523850000012305e-05,42.2735025,-71.09745008270579,588,96,66.70832032063167
250251104012,Boston,"POLYGON ((-71.126312 42.288149, -71.123919 42.286723, -71.121904 42.287514, -71.119549 42.285511, -71.119712 42.280288, -71.120675 42.280696, -71.122433 42.281826, -71.124041 42.282998, -71.125127 42.28449, -71.126098 42.285175, -71.128128 42.286448, -71.127045 42.28746, -71.126312 42.288149))",3.312950849998229e-05,42.283744,-71.12209407237219,624,133,109.9317970379817
250251105012,Boston,"POLYGON ((-71.142639 42.284226, -71.137227 42.280696, -71.136998 42.278323, -71.138649 42.276901, -71.140269 42.275474, -71.140653 42.275179, -71.140928 42.276916, -71.143956 42.280502, -71.145519 42.281804, -71.145368 42.281877, -71.142639 42.284226))",3.6919474999992576e-05,42.2794125,-71.14006958553274,670,16,29.5296461204668
250251404001,Boston,"POLYGON ((-71.101243 42.266829, -71.099623 42.265501, -71.099676 42.264841, -71.101787 42.26371, -71.104608 42.263574, -71.101243 42.266829))",7.91662199999642e-06,42.265170999999995,-71.10130326536098,344,289,134.18271125595876
250250504002,Boston,"POLYGON ((-71.037643 42.369577, -71.036989 42.369287, -71.034754 42.36831, -71.035728 42.367125, -71.036831 42.365716, -71.039113 42.366706, -71.038689 42.368406, -71.037643 42.369577))",9.669869999989158e-06,42.3677175,-71.03705086000001,819,428,116.61903789690601
250250601013,Boston,"POLYGON ((-71.029234 42.335729, -71.025071 42.335802, -71.025026 42.334095, -71.031254 42.334002, -71.031283 42.334832, -71.029234 42.335729))",9.702052500025038e-06,42.335280499999996,-71.02765787609843,391,28,27.784887978899608
250250611012,Boston,"POLYGON ((-71.055984 42.32685, -71.054829 42.328043, -71.052565 42.327112, -71.052392 42.322976, -71.052093 42.321469, -71.052456 42.321466, -71.052904 42.32287, -71.05685 42.326289, -71.056868 42.326867, -71.055984 42.32685))",1.3663143499984883e-05,42.3246325,-71.05369972859313,816,465,120.81390648431164
250250820003,Boston,"POLYGON ((-71.086508 42.317053, -71.084582 42.316792, -71.08285 42.316362, -71.083715 42.314213, -71.083641 42.313545, -71.083553 42.313186, -71.083724 42.313236, -71.088331 42.31461, -71.086903 42.316392, -71.086508 42.317053))",1.2622095000005318e-05,42.315486,-71.08541581070594,359,135,74.33034373659252
250250919003,Boston,"POLYGON ((-71.078425 42.303227, -71.078232 42.302969, -71.077489 42.302012, -71.073641 42.299371, -71.075272 42.298886, -71.076289 42.297313, -71.078852 42.296708, -71.079217 42.301191, -71.078425 42.303227))",1.8258521499980844e-05,42.300281,-71.0770549003486,446,150,101.53324578678651
250251001002,Boston,"POLYGON ((-71.08514 42.288806, -71.083826 42.288757, -71.081554 42.288695, -71.081252 42.287794, -71.085775 42.286774, -71.085991 42.28673, -71.087989 42.288347, -71.086971 42.289426, -71.08514 42.288806))",1.0126167999987686e-05,42.2880705,-71.08449601439239,243,154,141.69333082400175
250250006011,Boston,"POLYGON ((-71.145056 42.353323, -71.144176 42.354889, -71.140681 42.354004, -71.139066 42.353791, -71.137341 42.35359, -71.140266 42.352543, -71.143981 42.351433, -71.145612 42.350786, -71.146033 42.351182, -71.145056 42.353323))",1.543627400002528e-05,42.352933,-71.14220521334593,210,11,21.2602916254693
250173548002,Cambridge,"POLYGON ((-71.127 42.392506, -71.125266 42.392586, -71.125015 42.392649, -71.123934 42.391723, -71.123323 42.391332, -71.124703 42.389381, -71.127685 42.389851, -71.129006 42.390072, -71.130342 42.390303, -71.131037 42.393383, -71.127 42.392506))",1.942766299998928e-05,42.391527499999995,-71.12712340381493,623,99,55.154328932550705
250250709021,Boston,"POLYGON ((-71.078827 42.340115, -71.075668 42.337475, -71.076941 42.336527, -71.080349 42.339363, -71.079637 42.33975, -71.078827 42.340115))",6.644125000015185e-06,42.338419,-71.07800609203744,580,194,76.53103945458993
250173538004,Cambridge,"POLYGON ((-71.109614 42.370806, -71.110734 42.369176, -71.112607 42.369837, -71.113905 42.370836, -71.113067 42.37173, -71.109614 42.370806))",5.9511865000133344e-06,42.3703215,-71.11159170924299,515,246,125.7179382586272
250173540003,Cambridge,"POLYGON ((-71.121525 42.379784, -71.119983 42.379983, -71.12019 42.377701, -71.119141 42.375151, -71.122151 42.376534, -71.123718 42.378337, -71.124186 42.378966, -71.121525 42.379784))",1.1811556500008363e-05,42.3771175,-71.12130404403885,535,149,68.9492567037528
250250902001,Boston,"POLYGON ((-71.078056 42.304655, -71.078407 42.306153, -71.076637 42.307077, -71.076076 42.307568, -71.075233 42.308273, -71.073912 42.307681, -71.076782 42.305189, -71.077264 42.304745, -71.078425 42.303227, -71.078534 42.303388, -71.07894 42.303937, -71.078056 42.304655))",7.5941485000156955e-06,42.305671000000004,-71.07726047452783,198,133,61.68468205316454
250250709022,Boston,"POLYGON ((-71.075269 42.339211, -71.074995 42.337931, -71.075668 42.337475, -71.078827 42.340115, -71.077372 42.340931, -71.075269 42.339211))",5.871207999992584e-06,42.338571,-71.07605573181819,516,98,59.941638282582836
250173532003,Cambridge,"POLYGON ((-71.104306 42.363136, -71.102953 42.362309, -71.106158 42.359138, -71.107667 42.360057, -71.106541 42.361085, -71.104306 42.363136))",7.3320110000154706e-06,42.36169700000001,-71.10472282900926,442,163,100.89598604503551
250214021021,Boston,"MULTILINESTRING ((-71.146306 42.253933, -71.146127 42.252964), (-71.146127 42.252964, -71.144069 42.242819))",0.0,42.252964,-71.146127,495,65,44.384682042344295
250214011001,Boston,"MULTILINESTRING ((-71.119539 42.322745, -71.120112 42.322835), (-71.120112 42.322835, -71.121528 42.323882), (-71.121528 42.323882, -71.123711 42.322716), (-71.123711 42.322716, -71.130642 42.31453), (-71.130642 42.31453, -71.131863 42.313178), (-71.131863 42.313178, -71.134359 42.309252))",0.0,42.31453,-71.130642,602,97,61.68468205316454
250251303005,Boston,"POLYGON ((-71.159808 42.28152, -71.15733 42.280292, -71.151073 42.275902, -71.150699 42.275516, -71.150778 42.273551, -71.153504 42.275976, -71.156772 42.277048, -71.159434 42.278834, -71.161006 42.280057, -71.161148 42.280341, -71.159808 42.28152))",2.2409843500022703e-05,42.277941,-71.15604107779043,320,0,19.79898987322333
250251007003,Boston,"POLYGON ((-71.051413 42.283207, -71.050761 42.284719, -71.046987 42.285706, -71.047609 42.281323, -71.048217 42.281917, -71.05253 42.280886, -71.053436 42.282902, -71.051413 42.283207))",1.75034919999993e-05,42.283963,-71.04916067624914,296,0,19.79898987322333
250250402001,Boston,"POLYGON ((-71.055912 42.379115, -71.054154 42.379039, -71.052941 42.378428, -71.055231 42.376225, -71.056459 42.376924, -71.056286 42.37741, -71.055912 42.379115))",6.029996499996713e-06,42.377919,-71.05482222480636,233,104,60.63827174318213
250250702021,Boston,"POLYGON ((-71.062575 42.352399, -71.061051 42.352516, -71.059828 42.352548, -71.058009 42.35235, -71.059508 42.351149, -71.061193 42.34793, -71.06415 42.348405, -71.062761 42.351508, -71.064562 42.352383, -71.062575 42.352399))",1.6055391499997346e-05,42.349777,-71.06188101469081,1663,1141,248.76092940813675
250251010014,Boston,"POLYGON ((-71.097876 42.270029, -71.093695 42.272877, -71.093881 42.267634, -71.096029 42.268845, -71.099623 42.265501, -71.101243 42.266829, -71.097876 42.270029))",2.0892405000014722e-05,42.269436999999996,-71.09615796600086,231,33,55.78530272392541
250250811011,Boston,"POLYGON ((-71.112298 42.332003, -71.111297 42.330066, -71.112284 42.329808, -71.113147 42.331319, -71.113016 42.331932, -71.112298 42.332003))",2.2370205000123453e-06,42.3306925,-71.11220496972092,252,170,93.68030742904295
250250002011,Boston,"POLYGON ((-71.160899 42.358625, -71.154693 42.358139, -71.153762 42.357525, -71.154266 42.356072, -71.156135 42.355353, -71.156709 42.354735, -71.158059 42.354074, -71.158379 42.354791, -71.162557 42.355534, -71.161769 42.35818, -71.160899 42.358625))",2.6092012500032534e-05,42.3567985,-71.15809721088436,368,0,19.79898987322333
250251103011,Boston,"POLYGON ((-71.118686 42.286409, -71.110563 42.28695, -71.109763 42.287639, -71.107947 42.288616, -71.105401 42.286718, -71.109428 42.284652, -71.112183 42.281936, -71.112232 42.280214, -71.118909 42.28496, -71.118817 42.285501, -71.118686 42.286409))",4.633967250000195e-05,42.283294,-71.1136853281711,402,40,35.84689665786984
250250507003,Boston,"POLYGON ((-71.032818 42.374106, -71.033949 42.374828, -71.031044 42.37732, -71.03054 42.377006, -71.029191 42.378128, -71.027727 42.377211, -71.032102 42.373495, -71.033536 42.372623, -71.034449 42.372711, -71.032818 42.374106))",1.2957287500021435e-05,42.375917,-71.0309649996054,450,159,79.2464510246358
250250914001,Boston,"POLYGON ((-71.069165 42.317067, -71.068747 42.318594, -71.066837 42.317816, -71.0652 42.317071, -71.067429 42.314603, -71.068499 42.312726, -71.06972 42.311639, -71.070217 42.311334, -71.071623 42.311881, -71.069165 42.317067))",1.9531344499977597e-05,42.315835,-71.06803261768032,596,257,83.19254774317228
250250509013,Boston,"POLYGON ((-71.039262 42.386831, -71.038357 42.386529, -71.031995 42.384597, -71.027712 42.384041, -71.022672 42.386265, -71.022178 42.384946, -71.022664 42.383916, -71.025496 42.381316, -71.026547 42.381322, -71.030474 42.381117, -71.033423 42.380522, -71.033395 42.382611, -71.039315 42.382606, -71.039306 42.386624, -71.039262 42.386831))",5.546087800001016e-05,42.3832635,-71.03134412516465,293,94,81.32035415564789
250250502001,Boston,"POLYGON ((-71.039211 42.378634, -71.035764 42.379936, -71.034924 42.378685, -71.034511 42.378069, -71.03915 42.376352, -71.039899 42.37712, -71.040029 42.37865, -71.039211 42.378634))",1.0835248500002487e-05,42.3783515,-71.03735202033201,722,286,112.36102527122117
250250920002,Boston,"POLYGON ((-71.066227 42.300326, -71.065107 42.29967, -71.061919 42.300517, -71.060015 42.300759, -71.060163 42.300302, -71.063426 42.299588, -71.06432 42.299205, -71.065538 42.298313, -71.066413 42.297022, -71.070249 42.295996, -71.070602 42.297338, -71.071368 42.298953, -71.066227 42.300326))",1.9838786999975536e-05,42.298632999999995,-71.0681586361188,730,122,139.70325694127536
250173514031,Boston,"LINESTRING (-71.077638 42.385838, -71.078727 42.384306)",0.0,42.385838,-71.077638,170,38,32.202484376209235
250250701031,Boston,"POLYGON ((-71.061193 42.34793, -71.059508 42.351149, -71.059387 42.348681, -71.057485 42.347658, -71.058789 42.346157, -71.060705 42.346253, -71.063039 42.34685, -71.062451 42.346985, -71.061193 42.34793))",1.0073825499997242e-05,42.348305499999995,-71.05984264957219,288,187,47.50789408087881
250250006031,Boston,"POLYGON ((-71.147079 42.350165, -71.141654 42.349273, -71.140366 42.348686, -71.141522 42.346291, -71.141698 42.34602, -71.143109 42.343878, -71.144543 42.344623, -71.145049 42.344963, -71.146238 42.346106, -71.149047 42.347457, -71.149755 42.348185, -71.149943 42.349036, -71.147079 42.350165))",3.3757618999967225e-05,42.346874,-71.14453771407122,1084,479,176.0284067984483
250250711014,Boston,"POLYGON ((-71.070949 42.338306, -71.070365 42.338783, -71.068351 42.337172, -71.069414 42.336414, -71.071471 42.334957, -71.073217 42.336453, -71.070949 42.338306))",8.916416500000566e-06,42.3368125,-71.07081606983132,267,14,26.92582403567252
250250007012,Boston,"POLYGON ((-71.13823 42.347588, -71.136661 42.346767, -71.136447 42.345566, -71.138246 42.344126, -71.139804 42.345093, -71.13823 42.347588))",6.661520499982322e-06,42.346166499999995,-71.13784038496993,434,167,89.45389874119518
250250104051,Boston,"POLYGON ((-71.091026 42.339608, -71.09066 42.339766, -71.086614 42.341474, -71.086469 42.341375, -71.084681 42.340293, -71.090518 42.335665, -71.090654 42.335744, -71.095745 42.337727, -71.092192 42.339139, -71.091026 42.339608))",2.6793990999969388e-05,42.338433,-71.0904976994382,50,18,32.202484376209235
250250403004,Boston,"POLYGON ((-71.064195 42.381867, -71.062356 42.381102, -71.063362 42.379767, -71.064076 42.378986, -71.06494 42.379316, -71.065339 42.380298, -71.064195 42.381867))",4.786990500004612e-06,42.380700000000004,-71.06385241067522,443,58,64.03124237432849
250251103012,Boston,"POLYGON ((-71.11726 42.289864, -71.116587 42.289111, -71.114402 42.290649, -71.114432 42.291572, -71.1139 42.292482, -71.1134 42.293118, -71.112628 42.292191, -71.107947 42.288616, -71.109763 42.287639, -71.110563 42.28695, -71.118686 42.286409, -71.118817 42.285501, -71.119549 42.285511, -71.119282 42.290235, -71.11726 42.289864))",4.1664958500035946e-05,42.2894875,-71.11257011595656,567,78,50.695167422546305
250251401023,Boston,"POLYGON ((-71.143339 42.243044, -71.140205 42.243253, -71.140099 42.242524, -71.135222 42.241016, -71.135267 42.238163, -71.13631 42.23634, -71.139241 42.23366, -71.142681 42.235998, -71.143498 42.240065, -71.144069 42.242819, -71.143339 42.243044))",5.7059145499988574e-05,42.239114,-71.13927947910007,363,23,29.5296461204668
250250610003,Boston,"POLYGON ((-71.052302 42.332046, -71.050047 42.330609, -71.050419 42.330213, -71.052234 42.329058, -71.052659 42.329356, -71.052766 42.330487, -71.053151 42.33152, -71.052302 42.332046))",4.975031999997713e-06,42.330548,-71.05144651889174,330,179,96.0260381354974
250250812002,Boston,"POLYGON ((-71.10145 42.325249, -71.101346 42.326419, -71.100113 42.326418, -71.099278 42.326361, -71.098917 42.325025, -71.099319 42.323994, -71.100023 42.322772, -71.101744 42.322892, -71.102465 42.322919, -71.10145 42.325249))",8.893223500001715e-06,42.3245095,-71.10044507135194,611,357,117.83462988442744
250250903003,Boston,"POLYGON ((-71.078823 42.314608, -71.077005 42.313713, -71.074649 42.312841, -71.075822 42.311366, -71.077927 42.311629, -71.078918 42.312047, -71.080088 42.312691, -71.079683 42.313219, -71.078823 42.314608))",9.633955000004447e-06,42.31303,-71.07749380918995,345,86,61.84658438426491
250250921014,Boston,"POLYGON ((-71.058106 42.299304, -71.055022 42.300592, -71.054245 42.299611, -71.05157 42.297247, -71.052954 42.296039, -71.054437 42.295922, -71.056659 42.297276, -71.061371 42.296066, -71.060653 42.298647, -71.058106 42.299304))",2.5058914500014123e-05,42.2979615,-71.05661109713354,350,0,19.79898987322333
250250005023,Boston,"POLYGON ((-71.155288 42.340337, -71.154734 42.341206, -71.153778 42.340855, -71.151382 42.340423, -71.152587 42.338896, -71.152741 42.338646, -71.153365 42.338185, -71.154259 42.33829, -71.157878 42.33973, -71.157528 42.339782, -71.155288 42.340337))",9.7382744999844e-06,42.339313000000004,-71.15454396555951,722,319,96.33794683301072
250214006001,Boston,"MULTILINESTRING ((-71.147266 42.337201, -71.146156 42.337442), (-71.146156 42.337442, -71.146215 42.338632), (-71.146215 42.338632, -71.144779 42.339657), (-71.144779 42.339657, -71.144212 42.340022), (-71.144212 42.340022, -71.141754 42.340396), (-71.141754 42.340396, -71.141298 42.34107), (-71.148482 42.336253, -71.147266 42.337201))",0.0,42.339657,-71.144779,710,189,100.9554357129917
250250806012,Boston,"POLYGON ((-71.093638 42.332088, -71.088494 42.334896, -71.087462 42.334126, -71.085037 42.332715, -71.085223 42.3306, -71.085965 42.329426, -71.088189 42.330611, -71.090527 42.331173, -71.093806 42.331331, -71.0944 42.331412, -71.093638 42.332088))",2.4881852499997252e-05,42.3324015,-71.08906413339697,65,45,42.37924020083418
250250821003,Boston,"POLYGON ((-71.089399 42.313257, -71.088319 42.312895, -71.085862 42.311689, -71.086956 42.310235, -71.087425 42.309606, -71.089079 42.30753, -71.092172 42.309859, -71.08993 42.312629, -71.089399 42.313257))",1.8696601999998467e-05,42.310962,-71.0888441234657,1208,577,276.1014306373656
250214021013,Boston,"MULTILINESTRING ((-71.173342 42.270849, -71.172953 42.270298), (-71.172953 42.270298, -71.174609 42.268373), (-71.174609 42.268373, -71.174154 42.267021), (-71.174154 42.267021, -71.171541 42.266142), (-71.171541 42.266142, -71.168604 42.26316), (-71.168604 42.26316, -71.167393 42.262197), (-71.167393 42.262197, -71.163393 42.259023), (-71.163393 42.259023, -71.161574 42.257546))",0.0,42.26316,-71.168604,745,58,41.10960958218893
250173532004,Cambridge,"POLYGON ((-71.102953 42.362309, -71.102432 42.362863, -71.100783 42.361871, -71.102478 42.36035, -71.101002 42.359492, -71.100125 42.358985, -71.103206 42.357482, -71.103683 42.357655, -71.104864 42.358379, -71.106158 42.359138, -71.102953 42.362309))",1.5453405499994107e-05,42.359921,-71.10355330227057,408,197,102.25947388873072
250251104031,Boston,"POLYGON ((-71.122433 42.281826, -71.120675 42.280696, -71.119712 42.280288, -71.119993 42.278819, -71.120303 42.27842, -71.121435 42.274639, -71.123592 42.278065, -71.124627 42.280108, -71.122433 42.281826))",1.810846799999964e-05,42.2782425,-71.12201903246671,382,74,75.16648189186454
250251605023,Boston,"MULTILINESTRING ((-71.013395 42.397398, -71.016094 42.395897), (-71.016094 42.395897, -71.017794 42.390697), (-71.017794 42.390697, -71.020512 42.387641), (-71.020512 42.387641, -71.022672 42.386265))",0.0,42.390697,-71.017794,460,127,79.2464510246358
250173594004,Cambridge,"POLYGON ((-71.109438 42.367779, -71.104994 42.365253, -71.106159 42.36515, -71.109016 42.364908, -71.109892 42.364827, -71.110172 42.366683, -71.109984 42.367274, -71.109438 42.367779))",8.075600500006831e-06,42.365968,-71.10815801772088,719,431,154.00324671902212
250250006041,Boston,"POLYGON ((-71.137341 42.35359, -71.135801 42.353497, -71.13456 42.353352, -71.135644 42.351695, -71.136379 42.350393, -71.13758 42.348649, -71.139731 42.348977, -71.13993 42.349317, -71.140266 42.352543, -71.137341 42.35359))",1.8159275999996244e-05,42.351044,-71.1380606867638,761,374,112.58774356030055
250173544002,Cambridge,"POLYGON ((-71.135794 42.3846, -71.134087 42.38384, -71.132855 42.383276, -71.131023 42.38241, -71.13217 42.38151, -71.137318 42.381306, -71.136886 42.383218, -71.135794 42.3846))",1.2544680000001046e-05,42.382813999999996,-71.13442746580247,462,29,23.345235059857504
250214022001,Boston,"LINESTRING (-71.143498 42.240065, -71.142681 42.235998)",0.0,42.240065,-71.143498,384,4,15.231546211727817
250250810013,Boston,"POLYGON ((-71.107027 42.334066, -71.106676 42.334452, -71.105582 42.333782, -71.107055 42.333264, -71.109362 42.333223, -71.109333 42.333918, -71.107027 42.334066))",2.6358700000060445e-06,42.33385,-71.10751443512294,486,416,222.44100341438852
250250511012,Boston,"POLYGON ((-71.011609 42.393493, -71.008579 42.393387, -71.005972 42.392821, -71.004774 42.39206, -71.006418 42.390562, -71.007403 42.389431, -71.008046 42.38712, -71.011829 42.390088, -71.012662 42.390976, -71.013048 42.391468, -71.011609 42.393493))",2.833172350000935e-05,42.390325000000004,-71.00933786339075,1233,302,278.3522947633089
250250303012,Boston,"POLYGON ((-71.051 42.362584, -71.051066 42.363703, -71.051084 42.363995, -71.0502102174239 42.364236872291, -71.0502003654495 42.364096783808, -71.0498956435004 42.3597638415945, -71.051817 42.359615, -71.052809 42.360915, -71.051 42.362584))",7.447639290087376e-06,42.3617495,-71.05096989424837,89,0,19.79898987322333
250251204005,Boston,"POLYGON ((-71.116321 42.321012, -71.11209 42.321602, -71.109938 42.322025, -71.110693 42.320753, -71.111669 42.31954, -71.112764 42.317917, -71.113084 42.317484, -71.113354 42.317087, -71.114116 42.314638, -71.115673 42.315131, -71.117003 42.315579, -71.116736 42.317636, -71.116468 42.318583, -71.117107 42.319978, -71.11657 42.321021, -71.116321 42.321012))",2.7966044999986664e-05,42.31825,-71.11455078568278,707,123,90.09439494219383
250250922001,Boston,"POLYGON ((-71.065538 42.298313, -71.06432 42.299205, -71.063426 42.299588, -71.060163 42.300302, -71.060653 42.298647, -71.061371 42.296066, -71.062471 42.295809, -71.063142 42.295615, -71.066204 42.294817, -71.066487 42.295976, -71.066413 42.297022, -71.065538 42.298313))",2.0922380999998454e-05,42.2976675,-71.06345049196048,288,85,60.440052945046304
250250506001,Boston,"POLYGON ((-71.03878 42.374927, -71.037901 42.374452, -71.034449 42.372711, -71.034742 42.372461, -71.036563 42.370906, -71.03903 42.372371, -71.039075 42.374167, -71.03878 42.374927))",9.814137499996492e-06,42.373439000000005,-71.03747460747542,447,221,80.06247560499239
250251005004,Boston,"POLYGON ((-71.078147 42.292022, -71.076105 42.291424, -71.075556 42.288627, -71.074885 42.286322, -71.07117 42.286443, -71.071177 42.285348, -71.071541 42.284497, -71.07227 42.284631, -71.076631 42.283775, -71.077085 42.284425, -71.077813 42.28799, -71.078537 42.289335, -71.078199 42.290774, -71.078147 42.292022))",2.6018251999995213e-05,42.2872165,-71.0764002200094,706,273,203.02709178826356
250251003004,Boston,"POLYGON ((-71.082796 42.284533, -71.082052 42.285272, -71.081147 42.284255, -71.080585 42.283001, -71.080175 42.28246, -71.083191 42.281638, -71.082634 42.280368, -71.082735 42.280409, -71.085504 42.280991, -71.083818 42.283238, -71.082796 42.284533))",1.1054244999992534e-05,42.2827305,-71.08228939719626,267,0,19.79898987322333
250251106073,Boston,"POLYGON ((-71.135669 42.288317, -71.13416 42.288908, -71.132959 42.290245, -71.130903 42.291679, -71.130463 42.293156, -71.127735 42.2913, -71.12618 42.290089, -71.127139 42.289161, -71.125965 42.288482, -71.126312 42.288149, -71.127045 42.28746, -71.127659 42.287057, -71.137424 42.286251, -71.136629 42.287918, -71.135669 42.288317))",3.8998980000010905e-05,42.289625,-71.13008771671653,599,17,31.304951684997057
250250007032,Boston,"POLYGON ((-71.130167 42.352828, -71.128344 42.352604, -71.125024 42.352236, -71.126957 42.35087, -71.131071 42.350499, -71.131447 42.351154, -71.132106 42.353061, -71.130167 42.352828))",1.1177464999986895e-05,42.351695,-71.12871175568529,476,313,89.67719888578144
250251105021,Boston,"POLYGON ((-71.127659 42.287057, -71.127045 42.28746, -71.128128 42.286448, -71.132699 42.282201, -71.134701 42.282872, -71.137615 42.285847, -71.137424 42.286251, -71.127659 42.287057))",2.5508260499981402e-05,42.284359499999994,-71.13326691493995,542,80,57.723478758647246
250251402012,Boston,"POLYGON ((-71.13631 42.23634, -71.135267 42.238163, -71.133716 42.239631, -71.133058 42.239479, -71.132151 42.239203, -71.132657 42.238203, -71.131901 42.237236, -71.122602 42.234515, -71.124587 42.234012, -71.125477 42.231882, -71.12742 42.231176, -71.130749 42.227911, -71.130771 42.227926, -71.136665 42.23191, -71.139241 42.23366, -71.13631 42.23634))",8.766344200001195e-05,42.233836,-71.13185452816202,385,11,22.80350850198276
250173736001,Boston,"MULTILINESTRING ((-71.167565 42.333441, -71.162732 42.333961), (-71.162732 42.333961, -71.160917 42.333639), (-71.160917 42.333639, -71.157036 42.33039))",0.0,42.333961,-71.162732,356,5,15.652475842498529
250214023002,Boston,"LINESTRING (-71.136665 42.23191, -71.130771 42.227926)",0.0,42.227926,-71.130771,525,29,36.40054944640259
250250910012,Boston,"POLYGON ((-71.057207 42.31296, -71.055387 42.312569, -71.054983 42.312331, -71.05315 42.311336, -71.052967 42.311219, -71.054028 42.307595, -71.053778 42.306072, -71.052924 42.304619, -71.049268 42.301197, -71.04946 42.300822, -71.055432 42.304323, -71.055973 42.304517, -71.057388 42.30548, -71.058397 42.307678, -71.057896 42.309959, -71.057207 42.31296))",3.959459250002806e-05,42.306833499999996,-71.05595616458143,182,90,57.0701322935211
250250707001,Boston,"POLYGON ((-71.076028 42.347309, -71.076201 42.347911, -71.075163 42.348159, -71.072 42.349022, -71.072692 42.347931, -71.075253 42.345884, -71.076538 42.34485, -71.078086 42.345821, -71.076028 42.347309))",8.994526999986833e-06,42.346596500000004,-71.07568751265472,684,316,166.76930173146374
250250007044,Boston,"POLYGON ((-71.131447 42.351154, -71.131071 42.350499, -71.130868 42.350136, -71.134078 42.348625, -71.135042 42.348165, -71.135724 42.34904, -71.131447 42.351154))",5.2789954999880144e-06,42.349588,-71.13332374033686,477,308,130.41855696180662
250250703011,Boston,"POLYGON ((-71.072692 42.347931, -71.069111 42.347945, -71.068193 42.347866, -71.068503 42.347602, -71.073106 42.346385, -71.072746 42.345657, -71.074872 42.345105, -71.075253 42.345884, -71.072692 42.347931))",7.418863500026437e-06,42.346993499999996,-71.07233470273572,806,312,168.8342382338369
250250804011,Boston,"POLYGON ((-71.081738 42.331942, -71.080943 42.332931, -71.080625 42.333367, -71.080297 42.333796, -71.077621 42.336001, -71.075783 42.334493, -71.076119 42.332813, -71.075037 42.33349, -71.074357 42.332847, -71.077472 42.330898, -71.078675 42.330135, -71.079264 42.328514, -71.080891 42.328497, -71.081521 42.328486, -71.083448 42.32865, -71.082986 42.330831, -71.081738 42.331942))",3.289811450002086e-05,42.3323775,-71.07824765382912,576,273,125.13193037750197
250250005061,Boston,"POLYGON ((-71.146311 42.341419, -71.145923 42.341897, -71.144358 42.342526, -71.143109 42.343878, -71.141918 42.343189, -71.141518 42.342952, -71.144619 42.340636, -71.141754 42.340396, -71.144212 42.340022, -71.144779 42.339657, -71.145796 42.339466, -71.146744 42.340269, -71.147571 42.340611, -71.146311 42.341419))",1.0519209999981806e-05,42.341658,-71.14468379835924,595,273,110.11357772772621
250250712014,Boston,"POLYGON ((-71.072075 42.341286, -71.070707 42.34079, -71.068646 42.34014, -71.070365 42.338783, -71.070949 42.338306, -71.072504 42.339615, -71.071826 42.340056, -71.072075 42.341286))",5.4918549999907116e-06,42.3398355,-71.07059836495947,482,189,80.23091673413684
250250606031,Boston,"POLYGON ((-71.04557 42.351705, -71.035987 42.347703, -71.035134 42.3466, -71.037451 42.343214, -71.039493 42.344487, -71.042081 42.346167, -71.046084 42.348255, -71.047636 42.348963, -71.04557 42.351705))",4.519838849996095e-05,42.3471515,-71.03976446491859,1126,488,154.76756766196203
250250911005,Boston,"POLYGON ((-71.058834 42.3186, -71.058717 42.318738, -71.056726 42.31849, -71.056686 42.316922, -71.056664 42.31542, -71.059623 42.315986, -71.059544 42.316202, -71.058834 42.3186))",7.469708000006912e-06,42.317706,-71.05790234778982,164,38,40.496913462633174
250251011024,Boston,"POLYGON ((-71.097928 42.281262, -71.094976 42.278239, -71.093576 42.277248, -71.093618 42.276109, -71.093683 42.274351, -71.096913 42.276031, -71.098124 42.277644, -71.098332 42.279577, -71.097928 42.281262))",1.6375280499968764e-05,42.2779415,-71.09635586493653,637,236,126.19429464123962
250250003011,Boston,"POLYGON ((-71.162894 42.357953, -71.161769 42.35818, -71.162557 42.355534, -71.162785 42.354822, -71.164303 42.355279, -71.165196 42.353316, -71.167643 42.353787, -71.166604 42.356835, -71.171387 42.356089, -71.169474 42.358047, -71.162894 42.357953))",2.3067532499992375e-05,42.3558115,-71.16471362410223,306,8,17.804493814764857
250251004001,Boston,"POLYGON ((-71.071177 42.285348, -71.066696 42.28513, -71.064303 42.285699, -71.064787 42.283999, -71.071264 42.282009, -71.071566 42.284, -71.071541 42.284497, -71.071177 42.285348))",1.561967700000916e-05,42.283004000000005,-71.06972021207935,553,341,134.48048185517482
250250809002,Boston,"POLYGON ((-71.101834 42.332066, -71.101321 42.33296, -71.099319 42.332276, -71.097185 42.331782, -71.097603 42.330772, -71.098495 42.330067, -71.098941 42.329133, -71.100861 42.330002, -71.102293 42.330354, -71.103081 42.330528, -71.101834 42.332066))",1.1976065999992118e-05,42.331277,-71.09993385793238,430,167,72.18032973047436
250214161022,Boston,"MULTILINESTRING ((-71.112057 42.246585, -71.109347 42.24799), (-71.109347 42.24799, -71.109465 42.25241), (-71.114563 42.245284, -71.112057 42.246585))",0.0,42.24799,-71.109347,260,0,19.79898987322333
250250806013,Boston,"POLYGON ((-71.088189 42.330611, -71.085965 42.329426, -71.085223 42.3306, -71.085025 42.330834, -71.082986 42.330831, -71.083448 42.32865, -71.085184 42.328854, -71.086996 42.327782, -71.087674 42.327912, -71.091239 42.329939, -71.091441 42.330037, -71.088189 42.330611))",1.3570822999988702e-05,42.329139999999995,-71.0865889784532,177,111,71.386273190299
250214001004,Boston,"MULTILINESTRING ((-71.110936 42.350446, -71.10657 42.349912), (-71.10657 42.349912, -71.106702 42.349433), (-71.106702 42.349433, -71.106854 42.348759), (-71.106854 42.348759, -71.106894 42.348588), (-71.106894 42.348588, -71.107213 42.347049), (-71.107213 42.347049, -71.10674 42.34604))",0.0,42.348759,-71.106854,174,22,31.304951684997057
250173735003,Boston,"MULTILINESTRING ((-71.174798 42.350265, -71.174265 42.349584), (-71.174265 42.349584, -71.166699 42.340009), (-71.166699 42.340009, -71.16674 42.339854))",0.0,42.349584,-71.174265,1000,9,20.518284528683193
250251009004,Boston,"POLYGON ((-71.089331 42.270172, -71.082924 42.271334, -71.078879 42.271632, -71.079003 42.273409, -71.077615 42.273782, -71.075587 42.273342, -71.071858 42.273945, -71.071225 42.271934, -71.069358 42.272499, -71.068018 42.272216, -71.06814 42.271, -71.072044 42.270817, -71.073264 42.270317, -71.075246 42.2703, -71.076492 42.270509, -71.080852 42.269322, -71.082761 42.268634, -71.089403 42.26969, -71.090073 42.269948, -71.089331 42.270172))",4.7970574500047974e-05,42.271167000000005,-71.07598402227472,714,176,121.01652779682617
250250001021,Boston,"POLYGON ((-71.140549 42.360533, -71.139558 42.360223, -71.139243 42.360801, -71.136596 42.360161, -71.136961 42.359315, -71.137979 42.357608, -71.140782 42.357977, -71.144486 42.35844, -71.144269 42.36078, -71.140549 42.360533))",1.8651796499989917e-05,42.358877500000006,-71.14083366968686,289,22,36.76955262170047
250250008041,Boston,"POLYGON ((-71.136961 42.359315, -71.133303 42.358581, -71.133083 42.358556, -71.131488 42.358595, -71.130339 42.356846, -71.12968 42.35708, -71.128027 42.357261, -71.129718 42.356654, -71.131396 42.356105, -71.137341 42.35359, -71.139066 42.353791, -71.137979 42.357608, -71.136961 42.359315))",3.076181450001926e-05,42.3563795,-71.13444292526853,800,404,166.43617395265971
250173547001,Cambridge,"POLYGON ((-71.123934 42.391723, -71.122987 42.392377, -71.120974 42.393706, -71.120214 42.392641, -71.117085 42.389581, -71.117452 42.388386, -71.118159 42.388025, -71.117737 42.387556, -71.119556 42.388463, -71.124703 42.389381, -71.123323 42.391332, -71.123934 42.391723))",2.3389279499978554e-05,42.3904565,-71.1209612543546,591,147,64.76109943476871
250250402002,Boston,"POLYGON ((-71.05989 42.378061, -71.057116 42.377089, -71.056459 42.376924, -71.055231 42.376225, -71.055835 42.375634, -71.0578 42.374197, -71.059326 42.37583, -71.060008 42.376072, -71.060492 42.376923, -71.05989 42.378061))",1.0105641999988745e-05,42.3761485,-71.05768034577714,351,44,23.08679276123039
250250608002,Boston,"POLYGON ((-71.050845 42.336485, -71.04932 42.335498, -71.050771 42.334241, -71.049688 42.333549, -71.051057 42.332794, -71.053187 42.334509, -71.050845 42.336485))",7.044173500000078e-06,42.3350035,-71.05124586320109,436,104,115.84903970253703
250173424024,Boston,"MULTILINESTRING ((-71.070696 42.389596, -71.066997 42.394006), (-71.055295 42.387097, -71.055524 42.387119), (-71.055524 42.387119, -71.065695 42.386596), (-71.065695 42.386596, -71.070896 42.388996), (-71.070896 42.388996, -71.070696 42.389596))",0.0,42.386596,-71.065695,16,0,19.79898987322333
250250920003,Boston,"POLYGON ((-71.072927 42.299579, -71.072299 42.299937, -71.071256 42.300055, -71.067367 42.301007, -71.066227 42.300326, -71.071368 42.298953, -71.070602 42.297338, -71.070249 42.295996, -71.072117 42.295513, -71.072269 42.296675, -71.073072 42.298586, -71.073641 42.299371, -71.072927 42.299579))",1.2558353500013657e-05,42.297962,-71.07185388062172,340,81,84.31488599292535
250250902003,Boston,"POLYGON ((-71.082668 42.309535, -71.082012 42.310256, -71.079585 42.30988, -71.076076 42.307568, -71.076637 42.307077, -71.078407 42.306153, -71.081723 42.30841, -71.083078 42.308772, -71.082804 42.309331, -71.082668 42.309535))",1.3699267499995521e-05,42.307989000000006,-71.07890971486029,370,113,55.78530272392541
250250601014,Boston,"POLYGON ((-71.025009 42.333281, -71.028074 42.332057, -71.031143 42.330653, -71.031191 42.33236, -71.031226 42.333186, -71.025009 42.333281))",7.594322500005626e-06,42.331355,-71.03038561994728,399,118,79.81227975693966
250173573001,Cambridge,"MULTILINESTRING ((-71.160332 42.386444, -71.157971 42.382805), (-71.157971 42.382805, -71.157792 42.382211))",0.0,42.382805,-71.157971,388,0,19.79898987322333
250250904002,Boston,"POLYGON ((-71.077814 42.318296, -71.076009 42.318422, -71.076947 42.31598, -71.075216 42.314373, -71.073145 42.314217, -71.072138 42.313657, -71.073171 42.312222, -71.074649 42.312841, -71.077005 42.313713, -71.078823 42.314608, -71.078215 42.315871, -71.077814 42.318296))",1.4117120500007012e-05,42.315239500000004,-71.07733418061605,306,114,86.14522621712709
250250007041,Boston,"POLYGON ((-71.135644 42.351695, -71.13456 42.353352, -71.132106 42.353061, -71.131447 42.351154, -71.135724 42.34904, -71.136379 42.350393, -71.135644 42.351695))",1.2531231000010062e-05,42.3514245,-71.13366858900781,670,331,114.94781424629178
250251105022,Boston,"POLYGON ((-71.132699 42.282201, -71.128128 42.286448, -71.126098 42.285175, -71.125127 42.28449, -71.127942 42.282665, -71.129082 42.280968, -71.129751 42.281455, -71.132758 42.2786, -71.134785 42.276898, -71.136998 42.278323, -71.132699 42.282201))",3.4199412000032685e-05,42.281828000000004,-71.13080838394887,900,138,84.48076704197234
250250304004,Boston,"POLYGON ((-71.051647 42.36311, -71.051066 42.363703, -71.051 42.362584, -71.052809 42.360915, -71.052967 42.361029, -71.054925 42.362046, -71.053826 42.363303, -71.051647 42.36311))",5.784039999996861e-06,42.362314999999995,-71.05299068833062,798,403,145.90750494748377
250250505002,Boston,"POLYGON ((-71.033536 42.372623, -71.032102 42.373495, -71.030275 42.373935, -71.028088 42.36912, -71.030359 42.370173, -71.032038 42.371811, -71.033923 42.371932, -71.034742 42.372461, -71.034449 42.372711, -71.033536 42.372623))",1.1517741999994138e-05,42.370992,-71.03006838644859,0,0,19.79898987322333
250251106072,Boston,"POLYGON ((-71.147322 42.287412, -71.145124 42.288114, -71.143052 42.288604, -71.139746 42.291299, -71.136756 42.289334, -71.135669 42.288317, -71.136629 42.287918, -71.137424 42.286251, -71.140547 42.286135, -71.147775 42.285995, -71.147746 42.286654, -71.147322 42.287412))",3.428410049999256e-05,42.288968999999994,-71.139485062849,688,13,25.238858928247925
250251011023,Boston,"POLYGON ((-71.093618 42.276109, -71.092469 42.276627, -71.089939 42.278583, -71.088454 42.280096, -71.088015 42.280562, -71.087048 42.281565, -71.085504 42.280991, -71.086091 42.280216, -71.086926 42.279344, -71.093695 42.272877, -71.093683 42.274351, -71.093618 42.276109))",1.7703495999968436e-05,42.277604999999994,-71.08997510445339,362,145,121.40016474453401
250250922003,Boston,"POLYGON ((-71.067344 42.293598, -71.066204 42.294817, -71.065544 42.292043, -71.067578 42.291426, -71.070779 42.290148, -71.071602 42.290218, -71.071769 42.292298, -71.067344 42.293598))",1.3697395000014808e-05,42.292948,-71.06765791041818,413,81,72.09022125087424
250250502004,Boston,"POLYGON ((-71.02982 42.379051, -71.029191 42.378128, -71.03054 42.377006, -71.031044 42.37732, -71.033678 42.376827, -71.034096 42.37745, -71.02982 42.379051))",5.2484065000126e-06,42.377789,-71.03139458697189,297,149,107.91200118615167
250250002023,Boston,"POLYGON ((-71.153762 42.357525, -71.153194 42.357226, -71.149082 42.356151, -71.150358 42.354193, -71.150881 42.35335, -71.146743 42.352294, -71.147862 42.350345, -71.151915 42.35164, -71.152384 42.350903, -71.153421 42.349458, -71.153449 42.349146, -71.155746 42.349114, -71.154939 42.351604, -71.15443 42.352396, -71.154136 42.352931, -71.156135 42.355353, -71.154266 42.356072, -71.153762 42.357525))",3.844719499999222e-05,42.353140499999995,-71.15218448628848,800,178,93.40770846134703
250251009002,Boston,"POLYGON ((-71.069601 42.275753, -71.067189 42.275504, -71.068018 42.272216, -71.069358 42.272499, -71.071225 42.271934, -71.071858 42.273945, -71.072199 42.275001, -71.072077 42.275666, -71.069601 42.275753))",1.4480159000009812e-05,42.273222000000004,-71.06969739022526,162,9,19.79898987322333
250214004021,Boston,"MULTILINESTRING ((-71.139977 42.34214, -71.138809 42.343087), (-71.138809 42.343087, -71.137824 42.343876), (-71.141298 42.34107, -71.139977 42.34214))",0.0,42.34214,-71.139977,413,117,72.18032973047436
250250503002,Boston,"POLYGON ((-71.040294 42.370739, -71.041255 42.369535, -71.043069 42.370335, -71.042932 42.371866, -71.040294 42.370739))",3.5730164999970113e-06,42.370537,-71.04175307756478,273,100,69.42621983083913
250251101051,Boston,"POLYGON ((-71.115436 42.298206, -71.113384 42.301492, -71.1093 42.30151, -71.106655 42.30088, -71.104661 42.300271, -71.105517 42.298831, -71.109596 42.299098, -71.112075 42.296178, -71.115368 42.294572, -71.116026 42.295933, -71.116735 42.296236, -71.115436 42.298206))",3.81122490000193e-05,42.297221,-71.11363751078767,1232,234,101.86756107809786
250173521013,Cambridge,"POLYGON ((-71.080984 42.374043, -71.075911 42.374005, -71.074946 42.372918, -71.074353 42.37255, -71.072689 42.373222, -71.072466 42.372658, -71.070545 42.372356, -71.071759 42.370797, -71.075452 42.371348, -71.075961 42.370821, -71.07606 42.370713, -71.078654 42.371934, -71.081037 42.37315, -71.081963 42.373616, -71.080984 42.374043))",2.0272352999965486e-05,42.372453,-71.07541654814122,759,342,147.97972834141845
250250511011,Boston,"POLYGON ((-71.008046 42.38712, -71.007403 42.389431, -71.006418 42.390562, -70.999967 42.390009, -70.999135 42.389522, -70.999965 42.388525, -71.010149 42.3851, -71.010842 42.386132, -71.008046 42.38712))",2.7410758499980557e-05,42.3878225,-71.00495218763942,550,82,96.0260381354974
250251601034,Boston,"MULTILINESTRING ((-71.022672 42.386265, -71.027712 42.384041), (-71.027712 42.384041, -71.031995 42.384597))",0.0,42.384041,-71.027712,160,26,45.221676218380054
250259803001,Boston,"POLYGON ((-71.10485 42.30232, -71.104335 42.302763, -71.102713 42.305269, -71.10269 42.305966, -71.100716 42.306566, -71.097848 42.311067, -71.096832 42.312246, -71.096248 42.312492, -71.095145 42.313282, -71.093603 42.31215, -71.093132 42.31072, -71.092172 42.309859, -71.089079 42.30753, -71.085011 42.305169, -71.084923 42.304428, -71.085246 42.303446, -71.085903 42.301381, -71.086992 42.298142, -71.089635 42.297498, -71.09135 42.296922, -71.093173 42.294613, -71.094542 42.293021, -71.095759 42.291973, -71.096181 42.292886, -71.096402 42.293235, -71.103291 42.299806, -71.104661 42.300271, -71.106655 42.30088, -71.105702 42.301665, -71.10485 42.30232))",0.0002305728815000151,42.302541500000004,-71.0950631377724,0,0,19.79898987322333
250250612031,Boston,"POLYGON ((-71.058143 42.345647, -71.05647 42.346111, -71.057226 42.34354, -71.052357 42.342123, -71.051924 42.34253, -71.050159 42.341693, -71.052377 42.339803, -71.053928 42.340791, -71.05624 42.338869, -71.057112 42.338333, -71.057225 42.338802, -71.059702 42.336859, -71.059952 42.34232, -71.059487 42.34358, -71.060609 42.343718, -71.05964 42.34486, -71.058143 42.345647))",3.913794299996368e-05,42.341242,-71.05529545942358,1355,213,82.80096617793781
250250008063,Boston,"POLYGON ((-71.128027 42.357261, -71.12318 42.358998, -71.120458 42.360311, -71.119344 42.360525, -71.117648 42.360915, -71.118419 42.356539, -71.118126 42.355092, -71.120022 42.354717, -71.120729 42.354615, -71.125088 42.355236, -71.131396 42.356105, -71.129718 42.356654, -71.128027 42.357261))",4.3077803000005e-05,42.358129500000004,-71.12187113625457,0,0,19.79898987322333
250250001022,Boston,"POLYGON ((-71.153994 42.359316, -71.148472 42.360526, -71.144514 42.362933, -71.139551 42.363698, -71.135452 42.364849, -71.135331 42.363175, -71.136273 42.360903, -71.136596 42.360161, -71.139243 42.360801, -71.139558 42.360223, -71.140549 42.360533, -71.144269 42.36078, -71.144486 42.35844, -71.140782 42.357977, -71.137979 42.357608, -71.139066 42.353791, -71.140681 42.354004, -71.144176 42.354889, -71.149082 42.356151, -71.153194 42.357226, -71.153762 42.357525, -71.154693 42.358139, -71.160899 42.358625, -71.153994 42.359316))",9.776109650001082e-05,42.3597385,-71.14821572359168,1537,338,153.63918770938616
250259812022,Boston,"POLYGON ((-71.041406 42.344526, -71.039493 42.344487, -71.037451 42.343214, -71.035134 42.3466, -71.035987 42.347703, -71.0339662859699 42.3500489262703, -71.013895 42.34168, -71.0109482949352 42.3396711987028, -71.013366 42.338887, -71.018005 42.338817, -71.021947 42.337847, -71.025133 42.33831, -71.025125 42.341509, -71.029285 42.34176, -71.029517 42.340247, -71.030414 42.341654, -71.039066 42.3416, -71.039977 42.338467, -71.042192 42.339577, -71.043982 42.337988, -71.045559 42.338718, -71.047072 42.339701, -71.041406 42.344526))",0.00017727354356319934,42.3438505,-71.02805799202409,0,0,19.79898987322333
250250008061,Boston,"POLYGON ((-71.123039 42.363751, -71.119996 42.364001, -71.119344 42.360525, -71.120458 42.360311, -71.12318 42.358998, -71.124675 42.362466, -71.123039 42.363751))",1.773610900000319e-05,42.361495500000004,-71.12189133566777,52,0,19.79898987322333
250250006042,Boston,"POLYGON ((-71.143981 42.351433, -71.140266 42.352543, -71.13993 42.349317, -71.139731 42.348977, -71.140366 42.348686, -71.141654 42.349273, -71.147079 42.350165, -71.145612 42.350786, -71.143981 42.351433))",1.3616132500005205e-05,42.3504755,-71.14319808106013,414,165,63.56099432828282
250250304003,Boston,"POLYGON ((-71.055441 42.365176, -71.053926 42.364303, -71.053826 42.363303, -71.054925 42.362046, -71.056381 42.362884, -71.055835 42.363613, -71.055441 42.365176))",4.537440999997554e-06,42.363458,-71.0548962952675,608,226,86.14522621712709
250250704022,Boston,"POLYGON ((-71.068193 42.347866, -71.066158 42.347589, -71.064434 42.347186, -71.064801 42.34586, -71.06593 42.343936, -71.067073 42.344308, -71.069855 42.345266, -71.068503 42.347602, -71.068193 42.347866))",1.3605157500011732e-05,42.346523000000005,-71.06687249486302,847,586,133.5402561027947
250250803002,Boston,"POLYGON ((-71.081521 42.328486, -71.080891 42.328497, -71.079264 42.328514, -71.077789 42.327953, -71.076624 42.327118, -71.07818 42.325885, -71.078654 42.324867, -71.0796 42.324161, -71.081605 42.325549, -71.083308 42.325959, -71.08327 42.326127, -71.08311 42.32812, -71.083448 42.32865, -71.081521 42.328486))",1.8689024500011002e-05,42.3266225,-71.08023976164344,592,274,115.31695452100702
250251304023,Boston,"POLYGON ((-71.166262 42.269031, -71.165627 42.268954, -71.16271 42.267748, -71.163536 42.262238, -71.163393 42.259023, -71.167393 42.262197, -71.166802 42.266856, -71.166262 42.269031))",3.056069950004365e-05,42.264547,-71.16514237953871,247,0,19.79898987322333
250250812003,Boston,"POLYGON ((-71.101346 42.326419, -71.10145 42.325249, -71.102465 42.322919, -71.104016 42.322819, -71.104099 42.32434, -71.104618 42.326092, -71.101346 42.326419))",8.261978500020587e-06,42.324794499999996,-71.1029408140929,252,50,50.96076922496363
250250701041,Boston,"POLYGON ((-71.060705 42.346253, -71.058789 42.346157, -71.057485 42.347658, -71.059387 42.348681, -71.059508 42.351149, -71.058009 42.35235, -71.056246 42.352903, -71.055306 42.353211, -71.053847 42.35388, -71.053637 42.35368, -71.051414 42.354758, -71.05106 42.355131, -71.049595 42.354497, -71.050039 42.353855, -71.052188 42.351121, -71.054788 42.346871, -71.05647 42.346111, -71.058143 42.345647, -71.05964 42.34486, -71.060609 42.343718, -71.061716 42.343964, -71.060911 42.345709, -71.060705 42.346253))",4.914210649997148e-05,42.349901,-71.05619058327773,625,194,81.41252974819048
250250606041,Boston,"POLYGON ((-71.0482832741435 42.356018539708, -71.0339662859699 42.3500489262703, -71.035987 42.347703, -71.04557 42.351705, -71.050039 42.353855, -71.049595 42.354497, -71.0482832741435 42.356018539708))",4.486892105566742e-05,42.35278,-71.04416037474863,1274,449,186.52613757862463
250250708021,Boston,"POLYGON ((-71.079207 42.342697, -71.079014 42.342551, -71.077372 42.340931, -71.078827 42.340115, -71.079637 42.33975, -71.080349 42.339363, -71.08174 42.340671, -71.081164 42.341123, -71.079207 42.342697))",7.205531000001337e-06,42.341027,-71.07937781999345,964,412,231.25094594401122
250250102054,Boston,"POLYGON ((-71.098955 42.346815, -71.097412 42.343694, -71.099554 42.34311, -71.100327 42.344566, -71.100982 42.344881, -71.098955 42.346815))",6.613838999977618e-06,42.345848000000004,-71.09922271107018,558,298,154.63505424062166
250250304002,Boston,"POLYGON ((-71.054999 42.365964, -71.053965 42.366908, -71.052878 42.365771, -71.053459 42.364778, -71.053926 42.364303, -71.055441 42.365176, -71.05595 42.365508, -71.055485 42.366185, -71.054999 42.365964))",4.1323714999924885e-06,42.3656395,-71.05440730940512,666,430,143.69411957348845
250250001011,Boston,"POLYGON ((-71.133088 42.363383, -71.130218 42.362694, -71.130417 42.361957, -71.129768 42.361072, -71.131779 42.360063, -71.132398 42.360467, -71.132813 42.36011, -71.136273 42.360903, -71.135331 42.363175, -71.133088 42.363383))",1.533867100000063e-05,42.3615145,-71.13305598217428,305,69,45.221676218380054
250250104041,Boston,"POLYGON ((-71.091003 42.340442, -71.088067 42.34156, -71.087307 42.34199, -71.086614 42.341474, -71.09066 42.339766, -71.091026 42.339608, -71.09181 42.339871, -71.091188 42.340949, -71.091003 42.340442))",3.682169500016968e-06,42.3406955,-71.08939771535455,118,100,64.53681120105021
250250001012,Boston,"POLYGON ((-71.136273 42.360903, -71.132813 42.36011, -71.132398 42.360467, -71.131779 42.360063, -71.129768 42.361072, -71.128879 42.360368, -71.13083 42.359024, -71.131488 42.358595, -71.133083 42.358556, -71.133303 42.358581, -71.136961 42.359315, -71.136596 42.360161, -71.136273 42.360903))",1.1705457499982169e-05,42.359689,-71.13333215106013,247,27,31.304951684997057
250250705011,Boston,"POLYGON ((-71.069855 42.345266, -71.067073 42.344308, -71.069897 42.342552, -71.071584 42.343976, -71.070205 42.344864, -71.069855 42.345266))",5.992676000020746e-06,42.343264,-71.0697462306378,665,123,85.70297544426332
250250811012,Boston,"POLYGON ((-71.112828 42.325876, -71.112284 42.329808, -71.111297 42.330066, -71.110832 42.329073, -71.112259 42.324552, -71.112202 42.323125, -71.114098 42.323307, -71.115078 42.323573, -71.112828 42.325876))",1.0182430500004214e-05,42.3274745,-71.11197169595494,561,272,80.52328855678958
250259809001,Boston,"POLYGON ((-71.178636 42.294595, -71.17623 42.293262, -71.171569 42.287972, -71.172416 42.285832, -71.171099 42.28174, -71.171218 42.279784, -71.175549 42.280318, -71.177016 42.280401, -71.177653 42.280409, -71.185307 42.279497, -71.18599 42.279771, -71.188212 42.280438, -71.190753 42.28184, -71.191247 42.282992, -71.190904 42.283248, -71.178636 42.294595))",0.00018784998150001432,42.286902,-71.17947295820481,35,21,30.4138126514911
250214002022,Boston,"MULTILINESTRING ((-71.123518 42.351486, -71.122855 42.351861), (-71.122855 42.351861, -71.121311 42.351675), (-71.121311 42.351675, -71.120286 42.351557))",0.0,42.351675,-71.121311,941,269,147.80054127099805
250214012021,Boston,"MULTILINESTRING ((-71.134359 42.309252, -71.136502 42.306204), (-71.136502 42.306204, -71.140135 42.302147))",0.0,42.306204,-71.136502,613,118,77.27871634544663
250214172014,Boston,"MULTILINESTRING ((-71.042782 42.277102, -71.041594 42.278098), (-71.041594 42.278098, -71.040494 42.281898), (-71.040494 42.281898, -71.039293 42.283799), (-71.039293 42.283799, -71.03908 42.283966), (-71.03908 42.283966, -71.0381271228924 42.284715047516))",0.0,42.281898,-71.040494,536,59,92.07062506576133
250173424021,Boston,"MULTILINESTRING ((-71.066997 42.394006, -71.066944 42.394755), (-71.066944 42.394755, -71.069322 42.394022), (-71.069322 42.394022, -71.072696 42.390796), (-71.072696 42.390796, -71.073496 42.391796))",0.0,42.394022,-71.069322,505,55,62.5859409132754
250173703014,Cambridge,"LINESTRING (-71.154373 42.375095, -71.150301 42.374483)",0.0,42.375095,-71.154373,297,94,81.8413098624405
250173546022,Cambridge,"POLYGON ((-71.131791 42.385861, -71.130986 42.386175, -71.129619 42.386658, -71.127558 42.387402, -71.126943 42.386351, -71.128513 42.385691, -71.129777 42.383461, -71.130224 42.383065, -71.13041 42.382918, -71.131023 42.38241, -71.132855 42.383276, -71.134087 42.38384, -71.131791 42.385861))",1.4993593000001713e-05,42.3847655,-71.13103657719861,542,19,28.653097563788805
250173538001,Cambridge,"POLYGON ((-71.10692 42.370049, -71.105859 42.36975, -71.107714 42.367853, -71.110734 42.369176, -71.109614 42.370806, -71.10692 42.370049))",7.744402000001647e-06,42.369463,-71.10833822165122,851,355,128.89142717807107
250173703022,Cambridge,"MULTILINESTRING ((-71.1439 42.365628, -71.143667 42.365081), (-71.143667 42.365081, -71.144492 42.364822), (-71.144492 42.364822, -71.14717 42.361754))",0.0,42.364822,-71.144492,727,61,43.60045871318328
250173594005,Cambridge,"POLYGON ((-71.110734 42.369176, -71.107714 42.367853, -71.103953 42.365561, -71.104203 42.365362, -71.104864 42.365175, -71.104994 42.365253, -71.109438 42.367779, -71.113448 42.369285, -71.112607 42.369837, -71.110734 42.369176))",8.08919499999949e-06,42.36667,-71.10662985923827,455,285,122.98373876248843
250173524001,Cambridge,"POLYGON ((-71.095419 42.367111, -71.094785 42.368766, -71.0938 42.367955, -71.0899 42.364963, -71.089704 42.364891, -71.090351 42.363175, -71.090785 42.362746, -71.09674 42.363204, -71.096275 42.364881, -71.095419 42.367111))",2.482589900002101e-05,42.366037000000006,-71.09356559751924,697,278,85.58621384311844
250173531012,Cambridge,"POLYGON ((-71.104864 42.365175, -71.104203 42.365362, -71.103953 42.365561, -71.102033 42.364432, -71.097684 42.361816, -71.095412 42.360501, -71.09934 42.35856, -71.100125 42.358985, -71.101002 42.359492, -71.102478 42.36035, -71.100783 42.361871, -71.102432 42.362863, -71.102953 42.362309, -71.104306 42.363136, -71.105702 42.363979, -71.106679 42.364557, -71.105726 42.364899, -71.104864 42.365175))",2.6911582500000736e-05,42.36209,-71.09964327893638,1152,704,159.66527487215245
250250502002,Boston,"POLYGON ((-71.03915 42.376352, -71.034511 42.378069, -71.034096 42.37745, -71.036256 42.376652, -71.035834 42.376031, -71.03878 42.374927, -71.039075 42.374167, -71.039978 42.374601, -71.039899 42.37712, -71.03915 42.376352))",8.182647500017642e-06,42.3761915,-71.03793559346312,667,224,93.62157870918435
250250503001,Boston,"POLYGON ((-71.044982 42.378543, -71.040029 42.37865, -71.039899 42.37712, -71.039978 42.374601, -71.039075 42.374167, -71.03903 42.372371, -71.040294 42.370739, -71.042932 42.371866, -71.043069 42.370335, -71.0437334980831 42.3699110078238, -71.04466 42.372189, -71.046817295921 42.3730407567864, -71.045195 42.377097, -71.044982 42.378543))",4.488735624897935e-05,42.374384,-71.04290328265915,636,205,92.57429448826494
250250509011,Boston,"POLYGON ((-71.026547 42.381322, -71.025496 42.381316, -71.022664 42.383916, -71.021698 42.383539, -71.021791 42.383024, -71.022636 42.381739, -71.021562 42.380143, -71.025128 42.379753, -71.027727 42.377211, -71.029191 42.378128, -71.02982 42.379051, -71.030235 42.379663, -71.026547 42.381322))",2.1601588500004183e-05,42.3807295,-71.02491040883459,523,146,119.94165248152953
250250512002,Boston,"POLYGON ((-71.033387 42.367734, -71.0326 42.368673, -71.03279 42.368208, -71.028103 42.365426, -71.028866 42.365751, -71.029819 42.364564, -71.032623 42.364808, -71.035728 42.367125, -71.034754 42.36831, -71.033387 42.367734))",1.4442008000013768e-05,42.366438,-71.03230766552258,627,156,83.40863264674707
250250603011,Boston,"POLYGON ((-71.0333 42.333978, -71.03328 42.333146, -71.033262 42.332329, -71.035296 42.332293, -71.037314 42.332265, -71.037336 42.33308, -71.041479 42.333016, -71.041511 42.333827, -71.0333 42.333978))",1.006819949999251e-05,42.333113,-71.03738105016171,538,107,51.894122981316485
250250604001,Boston,"POLYGON ((-71.04155 42.335518, -71.041511 42.333827, -71.041479 42.333016, -71.041446 42.332187, -71.042609 42.332171, -71.044161 42.332938, -71.044269 42.33547, -71.04155 42.335518))",8.362958000010535e-06,42.3346485,-71.04288195309852,667,76,65.5133574166368
250250604004,Boston,"POLYGON ((-71.0465 42.332193, -71.044161 42.332938, -71.042609 42.332171, -71.04274 42.330501, -71.044053 42.330192, -71.047384 42.330419, -71.047415 42.331245, -71.047456 42.332966, -71.0465 42.332193))",1.0671582000006124e-05,42.331708000000006,-71.04503567468834,520,176,142.414886862294
250250605012,Boston,"POLYGON ((-71.037476 42.337283, -71.037431 42.335588, -71.04155 42.335518, -71.041595 42.337208, -71.037476 42.337283))",6.974669999993448e-06,42.336398,-71.03951296818872,363,77,52.88667128870941
250250608001,Boston,"POLYGON ((-71.04932 42.335498, -71.04776 42.336812, -71.045695 42.335452, -71.047508 42.334599, -71.049688 42.333549, -71.050771 42.334241, -71.04932 42.335498))",7.11918800001533e-06,42.3350255,-71.04823346181382,270,11,22.80350850198276
250250610001,Boston,"POLYGON ((-71.047508 42.334599, -71.047456 42.332966, -71.047415 42.331245, -71.048528 42.331219, -71.051057 42.332794, -71.049688 42.333549, -71.047508 42.334599))",7.060464500009827e-06,42.33288,-71.04917750605915,682,177,102.41581909060729
250250711011,Boston,"POLYGON ((-71.074995 42.337931, -71.073217 42.336453, -71.071471 42.334957, -71.069414 42.336414, -71.068477 42.335722, -71.067131 42.335291, -71.072152 42.332727, -71.07337 42.33361, -71.076941 42.336527, -71.075668 42.337475, -71.074995 42.337931))",1.9549200999992182e-05,42.335506499999994,-71.07390201454993,699,208,89.05054744357274
250250712012,Boston,"POLYGON ((-71.068351 42.337172, -71.065542 42.339149, -71.068646 42.34014, -71.064406 42.343501, -71.062529 42.343009, -71.062215 42.342915, -71.06529 42.337074, -71.065414 42.335441, -71.067131 42.335291, -71.068477 42.335722, -71.069414 42.336414, -71.068351 42.337172))",2.545599400002412e-05,42.3396445,-71.06551537891627,429,188,79.2464510246358
250250801001,Boston,"POLYGON ((-71.074357 42.332847, -71.07337 42.33361, -71.072152 42.332727, -71.067131 42.335291, -71.065414 42.335441, -71.064613 42.334009, -71.062798 42.331973, -71.063553 42.330791, -71.066655 42.325845, -71.067507 42.323297, -71.071479 42.326687, -71.07266 42.326023, -71.071638 42.324647, -71.073922 42.323759, -71.074641 42.323238, -71.075811 42.324146, -71.075076 42.3253, -71.075248 42.325965, -71.07499 42.329075, -71.077472 42.330898, -71.074357 42.332847))",0.00010122472250004165,42.329933,-71.0701246375079,443,164,60.67124524847005
250250809003,Boston,"POLYGON ((-71.10491 42.33419, -71.102427 42.335149, -71.102643 42.333447, -71.101321 42.33296, -71.101834 42.332066, -71.103081 42.330528, -71.105169 42.331012, -71.105605 42.332406, -71.10491 42.33419))",1.1933725500003892e-05,42.332683,-71.10348851883445,363,214,102.59142264341595
250250810014,Boston,"POLYGON ((-71.109894 42.335379, -71.110063 42.336307, -71.109832 42.336528, -71.108018 42.335336, -71.106676 42.334452, -71.107027 42.334066, -71.109333 42.333918, -71.109362 42.333223, -71.109591 42.333199, -71.110239 42.333044, -71.112298 42.332003, -71.113016 42.331932, -71.109894 42.335379))",9.0652344999994e-06,42.334259,-71.10887995046417,852,473,158.61904047118682
250250815001,Boston,"POLYGON ((-71.093472 42.323288, -71.092905 42.326878, -71.090956 42.325022, -71.088788 42.324218, -71.0896 42.323394, -71.092476 42.321307, -71.093146 42.3208, -71.095108 42.321923, -71.095398 42.32325, -71.093472 42.323288))",1.6813161999998194e-05,42.323806000000005,-71.09129209387186,429,44,41.78516483155236
250250817001,Boston,"POLYGON ((-71.084788 42.325116, -71.08327 42.326127, -71.083308 42.325959, -71.081923 42.321727, -71.081621 42.320732, -71.082801 42.320657, -71.084854 42.322481, -71.084831 42.323735, -71.084788 42.325116))",1.0218780499999313e-05,42.323108000000005,-71.0836087288516,361,299,188.52055590836773
250250819002,Boston,"POLYGON ((-71.091294 42.317605, -71.086903 42.316392, -71.088331 42.31461, -71.091832 42.315635, -71.091619 42.316997, -71.091294 42.317605))",8.65924599997688e-06,42.3160135,-71.08948955851652,321,0,19.79898987322333
250250819003,Boston,"POLYGON ((-71.092964 42.316751, -71.091619 42.316997, -71.091832 42.315635, -71.088331 42.31461, -71.089399 42.313257, -71.08993 42.312629, -71.092028 42.313668, -71.093821 42.314541, -71.093559 42.315515, -71.092964 42.316751))",1.1071933000008188e-05,42.315062499999996,-71.09177864156356,320,76,67.446274915669
250250821001,Boston,"POLYGON ((-71.085862 42.311689, -71.083919 42.310576, -71.083251 42.310604, -71.082668 42.309535, -71.082804 42.309331, -71.083078 42.308772, -71.083254 42.308469, -71.083898 42.30759, -71.084843 42.307979, -71.087425 42.309606, -71.086956 42.310235, -71.085862 42.311689))",1.0710435999997068e-05,42.309920500000004,-71.08503436997194,491,344,173.5655495770978
250251010012,Boston,"POLYGON ((-71.10553 42.275946, -71.104297 42.276047, -71.10141 42.274538, -71.100673 42.274128, -71.103358 42.271002, -71.106563 42.271768, -71.108415 42.273505, -71.10553 42.275946))",2.3290872499959125e-05,42.273816499999995,-71.1044936978083,390,64,78.26237921249263
250251010022,Boston,"POLYGON ((-71.089592 42.272119, -71.089885 42.273006, -71.082735 42.280409, -71.082634 42.280368, -71.081102 42.279394, -71.081498 42.277603, -71.082755 42.276146, -71.081387 42.275604, -71.078879 42.271632, -71.082924 42.271334, -71.089331 42.270172, -71.090073 42.269948, -71.091454 42.270674, -71.089592 42.272119))",5.980210049994445e-05,42.274305,-71.08459858962888,1193,390,233.42022191746798
250251011013,Boston,"POLYGON ((-71.095759 42.291973, -71.093887 42.287668, -71.09286 42.28513, -71.091569 42.284214, -71.091807 42.283523, -71.094318 42.284777, -71.096316 42.285818, -71.095058 42.28744, -71.099707 42.286437, -71.100331 42.288073, -71.100114 42.290291, -71.095759 42.291973))",3.108897250002128e-05,42.2878705,-71.09711440929266,381,128,90.55385138137417
250251104011,Boston,"POLYGON ((-71.122463 42.291749, -71.120853 42.291179, -71.119259 42.290486, -71.119282 42.290235, -71.119549 42.285511, -71.121904 42.287514, -71.123919 42.286723, -71.126312 42.288149, -71.125965 42.288482, -71.122463 42.291749))",2.421855899998736e-05,42.289358500000006,-71.12217849589382,769,123,84.48076704197234
250251104033,Boston,"POLYGON ((-71.125673 42.275911, -71.125016 42.276591, -71.124684 42.277552, -71.123592 42.278065, -71.121435 42.274639, -71.121456 42.273776, -71.124914 42.272699, -71.125794 42.273468, -71.128245 42.274245, -71.127565 42.274935, -71.125673 42.275911))",1.8614912999999687e-05,42.275423,-71.12427380210158,362,0,19.79898987322333
250251106011,Boston,"POLYGON ((-71.146883 42.29728, -71.140135 42.302147, -71.136917 42.301189, -71.134866 42.301723, -71.130904 42.301275, -71.127925 42.300157, -71.129622 42.298529, -71.130068 42.298184, -71.132978 42.296829, -71.13601 42.294429, -71.143573 42.293135, -71.146029 42.293718, -71.146865 42.291846, -71.147059 42.29013, -71.148085 42.290973, -71.149376 42.293096, -71.1503 42.29553, -71.146883 42.29728))",0.00012075158750000265,42.2961795,-71.14141516992856,967,223,147.57371039585607
250251106071,Boston,"POLYGON ((-71.134373 42.291449, -71.132959 42.290245, -71.13416 42.288908, -71.135669 42.288317, -71.136756 42.289334, -71.139746 42.291299, -71.137305 42.293356, -71.134373 42.291449))",1.6855923000038403e-05,42.290772000000004,-71.13626101019292,589,70,76.2954782408499
250250901004,Boston,"POLYGON ((-71.082236 42.3017, -71.080786 42.302317, -71.079419 42.302839, -71.078534 42.303388, -71.078425 42.303227, -71.079217 42.301191, -71.078852 42.296708, -71.079538 42.296563, -71.079871 42.300429, -71.083907 42.299709, -71.084704 42.300423, -71.082236 42.3017))",1.2517030499998718e-05,42.300066,-71.08310565833332,746,189,118.82760622010359
250250907004,Boston,"POLYGON ((-71.063553 42.330791, -71.059288 42.329973, -71.058241 42.329734, -71.057749 42.328376, -71.057845 42.328139, -71.056915 42.328035, -71.056868 42.326867, -71.05685 42.326289, -71.056844 42.324828, -71.059064 42.325419, -71.061012 42.322425, -71.061313 42.321574, -71.061481 42.3205, -71.062131 42.320557, -71.065383 42.321234, -71.06594 42.321499, -71.067507 42.323297, -71.066655 42.325845, -71.063553 42.330791))",6.841318550000167e-05,42.325632,-71.061786762384,494,110,76.4198926981712
250251201051,Boston,"POLYGON ((-71.136502 42.306204, -71.134359 42.309252, -71.129107 42.309518, -71.127557 42.306516, -71.128319 42.305287, -71.124672 42.305194, -71.124992 42.303489, -71.125399 42.302878, -71.125816 42.302322, -71.12625 42.301799, -71.127925 42.300157, -71.130904 42.301275, -71.134866 42.301723, -71.136917 42.301189, -71.140135 42.302147, -71.136502 42.306204))",8.533477249996972e-05,42.3043415,-71.13150092438994,310,5,16.1245154965971
250251204004,Boston,"POLYGON ((-71.114116 42.314638, -71.113354 42.317087, -71.113084 42.317484, -71.112764 42.317917, -71.110121 42.316584, -71.107236 42.316377, -71.108438 42.313797, -71.110712 42.312061, -71.110908 42.312146, -71.112223 42.31269, -71.1141 42.313229, -71.116293 42.314067, -71.115673 42.315131, -71.114116 42.314638))",2.7292208999964608e-05,42.314884500000005,-71.1109853225937,1064,100,78.26237921249263
250251206001,Boston,"POLYGON ((-71.108452 42.322389, -71.106788 42.321156, -71.105131 42.319278, -71.105795 42.318404, -71.110693 42.320753, -71.109938 42.322025, -71.108452 42.322389))",1.0471388999994223e-05,42.3200155,-71.10746845975802,475,73,45.803929962395145
250251207002,Boston,"POLYGON ((-71.115078 42.323573, -71.114098 42.323307, -71.112202 42.323125, -71.11209 42.321602, -71.116321 42.321012, -71.11657 42.321021, -71.116737 42.322627, -71.115078 42.323573))",8.78871449999989e-06,42.3221145,-71.11440569821548,568,68,46.69047011971501
250251302001,Boston,"POLYGON ((-71.149376 42.293096, -71.148085 42.290973, -71.147059 42.29013, -71.145495 42.288805, -71.145124 42.288114, -71.147322 42.287412, -71.147746 42.286654, -71.148686 42.287152, -71.148751 42.287883, -71.153486 42.293265, -71.151439 42.292869, -71.149376 42.293096))",2.074865600002797e-05,42.2894675,-71.14821100924377,222,10,21.2602916254693
250251304062,Boston,"POLYGON ((-71.151124 42.266666, -71.150086 42.267577, -71.146434 42.264583, -71.146999 42.26142, -71.145529 42.259229, -71.149905 42.259334, -71.150386 42.25746, -71.152118 42.258247, -71.155958 42.256485, -71.156937 42.260825, -71.157052 42.261202, -71.151124 42.266666))",7.064589599999429e-05,42.2630015,-71.15090809370423,1036,352,191.38704240360684
250251304024,Boston,"POLYGON ((-71.171218 42.279784, -71.163369 42.279176, -71.161901 42.279768, -71.161148 42.280341, -71.161006 42.280057, -71.159434 42.278834, -71.159775 42.27845, -71.160225 42.274799, -71.161972 42.274873, -71.16504 42.27312, -71.165411 42.273427, -71.167118 42.275821, -71.172728 42.271444, -71.171865 42.268741, -71.168424 42.265927, -71.168604 42.26316, -71.171541 42.266142, -71.174154 42.267021, -71.174609 42.268373, -71.172953 42.270298, -71.173342 42.270849, -71.173583 42.271415, -71.174847 42.273729, -71.174418 42.275042, -71.174565 42.275576, -71.173223 42.275352, -71.172382 42.276867, -71.174941 42.278088, -71.177016 42.280401, -71.175549 42.280318, -71.171218 42.279784))",0.00010277150399998882,42.272282000000004,-71.17285526294606,832,98,68.4470598345904
250251401022,Boston,"POLYGON ((-71.136277 42.245103, -71.136285 42.246316, -71.135978 42.246856, -71.132333 42.24823, -71.131126 42.248991, -71.130589 42.251776, -71.130115 42.251171, -71.128967 42.249643, -71.128992 42.247992, -71.129004 42.245995, -71.131368 42.240089, -71.132151 42.239203, -71.133058 42.239479, -71.133716 42.239631, -71.135267 42.238163, -71.135222 42.241016, -71.140099 42.242524, -71.140205 42.243253, -71.136277 42.245103))",6.566200000001665e-05,42.244178000000005,-71.13398614612258,439,0,19.79898987322333
250251402024,Boston,"POLYGON ((-71.12063 42.252113, -71.118894 42.253161, -71.118233 42.252494, -71.116613 42.250945, -71.112057 42.246585, -71.114563 42.245284, -71.116529 42.244274, -71.118937 42.246634, -71.12023 42.247891, -71.122439 42.250058, -71.122839 42.250485, -71.122884 42.251849, -71.12063 42.252113))",4.5114112500035175e-05,42.2489745,-71.11794420894495,836,4,16.64331697709324
250251403002,Boston,"POLYGON ((-71.123565 42.262206, -71.12331 42.263508, -71.122036 42.262921, -71.118957 42.261923, -71.119786 42.260215, -71.120898 42.258054, -71.121577 42.256, -71.125307 42.255653, -71.124708 42.257227, -71.123565 42.262206))",2.748672249999754e-05,42.2591345,-71.12230605317333,120,85,112.8716084761797
250251404004,Boston,"POLYGON ((-71.108188 42.268225, -71.106243 42.267138, -71.10756 42.265754, -71.106486 42.263411, -71.107743 42.262975, -71.10842 42.262591, -71.110828 42.266065, -71.111622 42.267359, -71.108188 42.268225))",1.648162449996796e-05,42.2645825,-71.10841170322396,123,0,19.79898987322333
250250403002,Boston,"POLYGON ((-71.062639 42.378985, -71.05989 42.378061, -71.060492 42.376923, -71.061235 42.377154, -71.061873 42.375951, -71.063092 42.374689, -71.064259 42.376844, -71.062639 42.378985))",9.116347000026652e-06,42.376397499999996,-71.06282670454539,831,162,113.54734695271397
250250406001,Boston,"POLYGON ((-71.079428 42.38332, -71.078727 42.384306, -71.077638 42.385838, -71.077405 42.386167, -71.073496 42.391796, -71.072696 42.390796, -71.069322 42.394022, -71.066944 42.394755, -71.066997 42.394006, -71.070696 42.389596, -71.070896 42.388996, -71.065695 42.386596, -71.055524 42.387119, -71.058504 42.3845, -71.061596 42.380789, -71.062356 42.381102, -71.064195 42.381867, -71.068555 42.383703, -71.071544 42.380945, -71.070901 42.379871, -71.068217 42.375124, -71.067907 42.374627, -71.070545 42.372356, -71.072466 42.372658, -71.072689 42.373222, -71.075657 42.380196, -71.080701 42.381039, -71.080932 42.382133, -71.079428 42.38332))",0.00018130105649996736,42.3835115,-71.07402719588708,992,204,94.14881836751856
250250909011,Boston,"POLYGON ((-71.050244 42.322017, -71.048956 42.323429, -71.047841 42.322592, -71.0467260009414 42.323070744949, -71.0400298066474 42.3196532414466, -71.0441 42.31847, -71.048933 42.320084, -71.050604 42.320758, -71.050283 42.321864, -71.050244 42.322017))",2.6247743817451467e-05,42.321310999999994,-71.04686074432438,608,236,98.99494936611666
250250912001,Boston,"POLYGON ((-71.061481 42.3205, -71.060846 42.319911, -71.059596 42.318869, -71.058834 42.3186, -71.059544 42.316202, -71.061109 42.316474, -71.062092 42.317478, -71.061847 42.318045, -71.063572 42.318618, -71.06211 42.320189, -71.061481 42.3205))",1.0626931000000345e-05,42.3183225,-71.06079928398884,349,131,80.06247560499239
250250914002,Boston,"POLYGON ((-71.073145 42.314217, -71.072825 42.316544, -71.073011 42.317035, -71.070388 42.317441, -71.069698 42.318947, -71.068747 42.318594, -71.069165 42.317067, -71.071623 42.311881, -71.073171 42.312222, -71.072138 42.313657, -71.073145 42.314217))",1.5064773999976372e-05,42.3153805,-71.0714746738334,577,193,89.0
250250915001,Boston,"POLYGON ((-71.06564 42.314849, -71.064602 42.314769, -71.064213 42.314105, -71.063259 42.313688, -71.062372 42.313332, -71.060313 42.312803, -71.058881 42.312771, -71.059379 42.311039, -71.059574 42.310551, -71.060746 42.310205, -71.061724 42.310556, -71.063236 42.311772, -71.064413 42.312569, -71.065201 42.313558, -71.068499 42.312726, -71.067429 42.314603, -71.06564 42.314849))",1.722130100001685e-05,42.3121705,-71.06143908054273,676,241,138.10141201305655
250250916003,Boston,"POLYGON ((-71.05898 42.305191, -71.058419 42.307579, -71.058397 42.307678, -71.057388 42.30548, -71.055973 42.304517, -71.059429 42.303127, -71.059796 42.301538, -71.060149 42.30215, -71.060576 42.303145, -71.061157 42.304559, -71.05898 42.305191))",9.989489500004097e-06,42.304874999999996,-71.05828376661475,284,229,85.15867542417507
250250917002,Boston,"POLYGON ((-71.067008 42.306245, -71.066494 42.306709, -71.066079 42.30642, -71.064578 42.304017, -71.068165 42.303072, -71.068798 42.304888, -71.068344 42.305206, -71.067008 42.306245))",8.59355849999408e-06,42.305047,-71.06689618747399,270,98,76.15773105863909
250250918001,Boston,"POLYGON ((-71.070217 42.311334, -71.068416 42.31066, -71.066298 42.309163, -71.06503 42.30808, -71.066494 42.306709, -71.067008 42.306245, -71.071637 42.309649, -71.072334 42.310213, -71.070217 42.311334))",1.6674419499996863e-05,42.3086215,-71.06795186640716,519,127,67.97793759742936
250250919004,Boston,"POLYGON ((-71.073641 42.299371, -71.073072 42.298586, -71.072269 42.296675, -71.074289 42.296556, -71.076289 42.297313, -71.075272 42.298886, -71.073641 42.299371))",7.129522999997692e-06,42.2979495,-71.0743410118626,407,52,43.08131845707603
250250920001,Boston,"POLYGON ((-71.063465 42.301999, -71.060576 42.303145, -71.060149 42.30215, -71.059796 42.301538, -71.060015 42.300759, -71.061919 42.300517, -71.065107 42.29967, -71.066227 42.300326, -71.067367 42.301007, -71.063465 42.301999))",1.2554707000001695e-05,42.301272499999996,-71.06309665211876,432,174,94.02127418834527
250250922002,Boston,"POLYGON ((-71.063142 42.295615, -71.062471 42.295809, -71.061371 42.296066, -71.062259 42.29301, -71.06459 42.292347, -71.065544 42.292043, -71.066204 42.294817, -71.063142 42.295615))",1.1704236500011708e-05,42.2939135,-71.06399275035436,285,47,43.18564576337837
250250923001,Boston,"POLYGON ((-71.074289 42.296556, -71.072269 42.296675, -71.072117 42.295513, -71.071913 42.293933, -71.074766 42.293138, -71.074979 42.293097, -71.075631 42.294889, -71.076289 42.297313, -71.074289 42.296556))",1.1753387000008155e-05,42.295201,-71.0738962047625,331,141,87.93179174792243
250250924002,Boston,"POLYGON ((-71.081591 42.296328, -71.080916 42.296301, -71.080011 42.293788, -71.082485 42.293287, -71.087839 42.294911, -71.085373 42.295702, -71.081591 42.296328))",1.3964298000014314e-05,42.294349499999996,-71.0831005297033,186,68,98.00510190801293
250251001007,Boston,"POLYGON ((-71.081224 42.29098, -71.080876 42.292823, -71.078147 42.292022, -71.078199 42.290774, -71.078537 42.289335, -71.079187 42.288137, -71.081252 42.287794, -71.081554 42.288695, -71.083826 42.288757, -71.08649 42.290746, -71.081224 42.29098))",2.0835701000017324e-05,42.2900405,-71.0819581826589,342,147,100.9752444909147
250251001003,Boston,"POLYGON ((-71.089233 42.291222, -71.086971 42.289426, -71.087989 42.288347, -71.085991 42.28673, -71.091106 42.285564, -71.090548 42.287234, -71.089233 42.291222))",1.3631910999972465e-05,42.288886500000004,-71.08874155297141,211,45,42.20189569201838
250251002002,Boston,"POLYGON ((-71.08738 42.284456, -71.086204 42.282304, -71.085045 42.283461, -71.083818 42.283238, -71.085504 42.280991, -71.087048 42.281565, -71.089108 42.283134, -71.089298 42.283573, -71.08738 42.284456))",8.10993100000612e-06,42.282719,-71.08749695752154,292,118,72.3671196055225
250251003002,Boston,"POLYGON ((-71.076257 42.28316, -71.076027 42.281806, -71.075253 42.27968, -71.07796 42.27905, -71.078529 42.280418, -71.080175 42.28246, -71.076257 42.28316))",1.1657457000018881e-05,42.281112,-71.07743137695229,240,28,35.90264614203248
250250403005,Boston,"POLYGON ((-71.06494 42.379316, -71.064076 42.378986, -71.065503 42.377791, -71.067827 42.378206, -71.069106 42.37941, -71.067928 42.380498, -71.06494 42.379316))",7.410056500003985e-06,42.379151,-71.06666943313954,403,63,55.00909015790027
250250002022,Boston,"POLYGON ((-71.158594 42.353813, -71.158059 42.354074, -71.156709 42.354735, -71.156135 42.355353, -71.154136 42.352931, -71.15443 42.352396, -71.154939 42.351604, -71.156621 42.351891, -71.158071 42.351916, -71.16017 42.351884, -71.160304 42.352141, -71.160565 42.352671, -71.158594 42.353813))",1.3234763499990358e-05,42.353372,-71.15692755512083,374,39,36.796738985948195
250250002012,Boston,"POLYGON ((-71.162557 42.355534, -71.158379 42.354791, -71.158059 42.354074, -71.158594 42.353813, -71.160565 42.352671, -71.161985 42.352547, -71.162368 42.352493, -71.1629 42.352437, -71.162785 42.354822, -71.162557 42.355534))",1.0104226999984797e-05,42.3539435,-71.16057692976938,507,42,52.88667128870941
250250004023,Boston,"POLYGON ((-71.159612 42.348891, -71.155746 42.349114, -71.153449 42.349146, -71.153992 42.347932, -71.153786 42.347256, -71.153067 42.346154, -71.153072 42.345106, -71.153274 42.34465, -71.153462 42.343183, -71.1562 42.344324, -71.157721 42.344589, -71.158103 42.346091, -71.158214 42.346388, -71.158227 42.346634, -71.159335 42.346921, -71.159644 42.347088, -71.16043 42.347326, -71.161311 42.347576, -71.160437 42.348916, -71.159612 42.348891))",2.855102000000449e-05,42.346271,-71.15565680469393,505,141,90.21086409075129
250250005032,Boston,"POLYGON ((-71.152587 42.338896, -71.151382 42.340423, -71.149612 42.339474, -71.148847 42.339358, -71.149839 42.337665, -71.150658 42.337495, -71.152262 42.337185, -71.153365 42.338185, -71.152741 42.338646, -71.152587 42.338896))",8.152445499992361e-06,42.338770999999994,-71.15092747401064,836,412,122.00409829181969
250250005022,Boston,"POLYGON ((-71.159758 42.340058, -71.157878 42.33973, -71.154259 42.33829, -71.153365 42.338185, -71.152262 42.337185, -71.15126 42.336341, -71.15354 42.33514, -71.154681 42.332867, -71.157015 42.331138, -71.156262 42.330847, -71.157036 42.33039, -71.160917 42.333639, -71.162732 42.333961, -71.162392 42.334377, -71.166126 42.340088, -71.164579 42.340218, -71.159758 42.340058))",7.604180050002571e-05,42.3357405,-71.15784174584135,361,127,58.412327466040935
250250103002,Boston,"POLYGON ((-71.104722 42.343371, -71.103275 42.342741, -71.100603 42.340204, -71.098988 42.339095, -71.100935 42.336168, -71.10539 42.33786, -71.110001 42.340317, -71.104722 42.343371))",3.964199649994963e-05,42.3396495,-71.10427190842492,156,102,44.28317965096906
250250105003,Boston,"POLYGON ((-71.080911 42.344787, -71.080082 42.344219, -71.08078 42.343744, -71.082648 42.342066, -71.083151 42.341622, -71.084096 42.342192, -71.080911 42.344787))",3.9117704999760575e-06,42.342968,-71.08239371745427,607,368,95.85405573057407
250250106002,Boston,"POLYGON ((-71.083749 42.34838, -71.079508 42.349508, -71.078718 42.347834, -71.078919 42.347693, -71.079676 42.347019, -71.081821 42.345413, -71.084742 42.346195, -71.085602 42.347884, -71.083749 42.34838))",1.638046049998112e-05,42.347356000000005,-71.08231532726465,825,353,159.6151621870554
250250201013,Boston,"POLYGON ((-71.065069 42.358856, -71.06499 42.357195, -71.067642 42.356603, -71.06794 42.357448, -71.070293 42.357796, -71.068711 42.358852, -71.065069 42.358856))",7.724537500017584e-06,42.357622,-71.06706340442506,719,341,169.91762710207556
250250202003,Boston,"POLYGON ((-71.070812 42.360902, -71.068752 42.36108, -71.068629 42.359568, -71.070786 42.359467, -71.072123 42.359465, -71.072355 42.361207, -71.070812 42.360902))",5.38516400000162e-06,42.360235,-71.07045440435756,713,466,174.28998823799375
250250304001,Boston,"POLYGON ((-71.053459 42.364778, -71.05123 42.364024, -71.051084 42.363995, -71.051066 42.363703, -71.051647 42.36311, -71.053826 42.363303, -71.053926 42.364303, -71.053459 42.364778))",3.238471499999284e-06,42.363849,-71.05247779999999,247,131,86.09297300012354
250251005003,Boston,"POLYGON ((-71.070779 42.290148, -71.067578 42.291426, -71.065544 42.292043, -71.065048 42.289595, -71.06701 42.289069, -71.071168 42.287965, -71.071119 42.288735, -71.071602 42.290218, -71.070779 42.290148))",1.4252923500002278e-05,42.289871500000004,-71.0682965854433,345,112,89.49301648732151
250251007004,Boston,"POLYGON ((-71.054963 42.285575, -71.054547 42.286615, -71.051813 42.286904, -71.050761 42.284719, -71.051413 42.283207, -71.053436 42.282902, -71.055731 42.282622, -71.056536 42.282583, -71.056001 42.282921, -71.054963 42.285575))",1.5814503000006465e-05,42.285147,-71.05304873047064,292,16,23.600847442411894
250251007001,Boston,"POLYGON ((-71.052158 42.289137, -71.051472 42.289314, -71.04937 42.288012, -71.048515 42.286135, -71.04415 42.286455, -71.046987 42.285706, -71.050761 42.284719, -71.051813 42.286904, -71.054547 42.286615, -71.055347 42.288242, -71.052158 42.289137))",1.8315327499995124e-05,42.287458,-71.0520395752014,557,42,59.53990258641679
250251008002,Boston,"POLYGON ((-71.057113 42.286787, -71.057692 42.287476, -71.058146 42.28735, -71.058624 42.288442, -71.055703 42.289158, -71.055347 42.288242, -71.054547 42.286615, -71.054963 42.285575, -71.057763 42.285324, -71.061139 42.284446, -71.061681 42.285593, -71.057113 42.286787))",1.4745342499969202e-05,42.287068500000004,-71.05605977257399,478,13,26.076809620810597
250251008003,Boston,"POLYGON ((-71.057763 42.285324, -71.054963 42.285575, -71.056001 42.282921, -71.056536 42.282583, -71.057275 42.282449, -71.058932 42.281991, -71.05989 42.281721, -71.061139 42.284446, -71.057763 42.285324))",1.470141250000957e-05,42.2836835,-71.05824614475294,495,181,150.3595690337
250251009001,Boston,"POLYGON ((-71.071015 42.278314, -71.069501 42.278813, -71.06592 42.279928, -71.066503 42.277904, -71.067189 42.275504, -71.069601 42.275753, -71.072077 42.275666, -71.072047 42.276081, -71.072774 42.278073, -71.071015 42.278314))",1.8454855999996237e-05,42.2769925,-71.06957159898846,327,60,52.43090691567332
250214009001,Boston,"MULTILINESTRING ((-71.111413 42.334525, -71.113088 42.332604), (-71.113088 42.332604, -71.114547 42.328372))",0.0,42.332604,-71.113088,866,244,86.55634003352961
250214011003,Boston,"MULTILINESTRING ((-71.156262 42.330847, -71.149853 42.334635), (-71.149853 42.334635, -71.150104 42.335282))",0.0,42.334635,-71.149853,531,0,19.79898987322333
250214021022,Boston,"LINESTRING (-71.144069 42.242819, -71.143498 42.240065)",0.0,42.242819,-71.144069,407,66,67.468511173732
250173571002,Cambridge,"MULTILINESTRING ((-71.152245 42.400816, -71.15494 42.397564), (-71.15494 42.397564, -71.156362 42.395852))",0.0,42.397564,-71.15494,978,145,86.14522621712709
250173572001,Cambridge,"MULTILINESTRING ((-71.156362 42.395852, -71.156385 42.395823), (-71.156385 42.395823, -71.158387 42.394593), (-71.158387 42.394593, -71.157317 42.390953), (-71.157317 42.390953, -71.158229 42.386909), (-71.158229 42.386909, -71.160398 42.386542), (-71.160398 42.386542, -71.160332 42.386444))",0.0,42.390953,-71.157317,670,39,33.24154027718932
250173525002,Cambridge,"POLYGON ((-71.095419 42.367111, -71.096275 42.364881, -71.098802 42.365406, -71.100719 42.366029, -71.099001 42.36852, -71.095419 42.367111))",1.140206399998201e-05,42.366569999999996,-71.09798627397069,627,284,148.94629904767692
250173532001,Cambridge,"POLYGON ((-71.109585 42.358263, -71.107667 42.360057, -71.106158 42.359138, -71.104864 42.358379, -71.106737 42.356624, -71.108013 42.357359, -71.109577 42.3559, -71.110303 42.35512, -71.112039 42.355995, -71.109585 42.358263))",1.38914909999904e-05,42.357811,-71.10777212954824,683,229,108.90362712049586
250173532002,Cambridge,"POLYGON ((-71.110303 42.35512, -71.109577 42.3559, -71.108013 42.357359, -71.106737 42.356624, -71.104864 42.358379, -71.103683 42.357655, -71.103206 42.357482, -71.100125 42.358985, -71.09934 42.35856, -71.108279 42.354059, -71.110358 42.352586, -71.110589 42.352616, -71.110303 42.35512))",1.9869658000023238e-05,42.355509999999995,-71.1076686547434,466,133,99.98499887483122
250173536001,Cambridge,"POLYGON ((-71.116079 42.383869, -71.116159 42.385843, -71.115584 42.385158, -71.111656 42.381749, -71.110643 42.38164, -71.109649 42.380833, -71.107855 42.379374, -71.108457 42.379112, -71.107272 42.378087, -71.10813 42.377898, -71.112358 42.377006, -71.113293 42.376801, -71.112313 42.379067, -71.113235 42.38083, -71.114541 42.380801, -71.116395 42.380874, -71.116309 42.381564, -71.116079 42.383869))",2.9792335999987848e-05,42.381219,-71.11323822242875,760,86,48.76474136094644
250173536002,Cambridge,"POLYGON ((-71.119798 42.381746, -71.116309 42.381564, -71.116395 42.380874, -71.114541 42.380801, -71.113235 42.38083, -71.112313 42.379067, -71.113293 42.376801, -71.114293 42.375471, -71.118378 42.375682, -71.118822 42.374355, -71.119141 42.375151, -71.12019 42.377701, -71.119983 42.379983, -71.119798 42.381746))",3.975335499999399e-05,42.378384,-71.11636821453615,250,185,110.8873302050329
250173539001,Cambridge,"POLYGON ((-71.115954 42.371385, -71.113905 42.370836, -71.112607 42.369837, -71.113448 42.369285, -71.113512 42.368564, -71.113508 42.367741, -71.11634 42.36777, -71.117327 42.369187, -71.115954 42.371385))",1.1393654999986535e-05,42.369561,-71.115060438808,483,229,86.83317338436964
250173540001,Cambridge,"POLYGON ((-71.121375 42.384448, -71.119464 42.38483, -71.119798 42.381746, -71.119983 42.379983, -71.121525 42.379784, -71.122383 42.381212, -71.124235 42.384443, -71.123272 42.385522, -71.121375 42.384448))",1.6377525999997454e-05,42.3830945,-71.12155699993271,999,303,140.68759717899798
250259813001,Boston,"GEOMETRYCOLLECTION (POLYGON ((-71.031204 42.370181, -71.030359 42.370173, -71.028088 42.36912, -71.030275 42.373935, -71.032102 42.373495, -71.027727 42.377211, -71.025128 42.379753, -71.021562 42.380143, -71.016008 42.380919, -71.013472 42.379547, -71.013454 42.380871, -71.011268 42.380653, -71.002914 42.378534, -71.000206 42.377754, -71.006123 42.376052, -71.010363 42.365031, -71.0016199959101 42.3646770423249, -70.997719 42.360562, -70.988035 42.36188, -70.9858852713334 42.3590611504902, -70.985317 42.358316, -70.9857395963913 42.3579345351261, -70.98955 42.354495, -70.994337 42.353909, -70.999577 42.356408, -71.003741 42.356037, -71.005579 42.347362, -71.007807 42.347145, -71.0277 42.358625, -71.026351 42.361819, -71.0264628524305 42.3622050393619, -71.026916 42.363769, -71.028103 42.365426, -71.03279 42.368208, -71.0326 42.368673, -71.031204 42.370181)), LINESTRING (-71.000206 42.377754, -70.997994 42.378197))",0.000755861946216931,42.364223021162445,-71.0142154155992,26,0,19.79898987322333
250250003014,Boston,"POLYGON ((-71.17352 42.353177, -71.168956 42.351016, -71.168111 42.350663, -71.169702 42.349411, -71.174798 42.350265, -71.173935 42.353397, -71.17352 42.353177))",1.3988746500004653e-05,42.3520965,-71.1727656716954,347,78,65.5133574166368
250251401062,Boston,"POLYGON ((-71.134785 42.276898, -71.134626 42.276784, -71.136344 42.27535, -71.138649 42.276901, -71.136998 42.278323, -71.134785 42.276898))",5.9547840000054605e-06,42.276841000000005,-71.13663266586073,279,116,56.568542494923804
250173550003,Cambridge,"POLYGON ((-71.12879 42.398723, -71.127719 42.397503, -71.127361 42.397096, -71.124368 42.393653, -71.122987 42.392377, -71.123934 42.391723, -71.125015 42.392649, -71.128744 42.39601, -71.129463 42.396627, -71.130319 42.397395, -71.12879 42.398723))",1.288050950002009e-05,42.394831499999995,-71.12641446733905,358,111,87.13208364316786
250173509003,Cambridge,"MULTILINESTRING ((-71.120974 42.393706, -71.122987 42.392377), (-71.122987 42.392377, -71.124368 42.393653), (-71.124368 42.393653, -71.127361 42.397096), (-71.127361 42.397096, -71.127719 42.397503))",0.0,42.393653,-71.124368,724,210,73.00684899377592
250173561002,Cambridge,"MULTILINESTRING ((-71.136253 42.401071, -71.140372 42.399831), (-71.140372 42.399831, -71.141436 42.398959), (-71.141436 42.398959, -71.142803 42.397878))",0.0,42.399831,-71.140372,776,60,49.040799340956916
250214162007,Boston,"MULTILINESTRING ((-71.11326 42.258926, -71.11146 42.260769), (-71.11146 42.260769, -71.108405 42.261116), (-71.108405 42.261116, -71.105001 42.260804), (-71.105001 42.260804, -71.104062 42.259862), (-71.104062 42.259862, -71.103672 42.259723), (-71.103672 42.259723, -71.097899 42.262882), (-71.097899 42.262882, -71.097483 42.263089), (-71.097483 42.263089, -71.093908 42.26714), (-71.093908 42.26714, -71.093736 42.267136), (-71.112392 42.258116, -71.113009 42.258689), (-71.113009 42.258689, -71.11326 42.258926))",0.0,42.260804,-71.105001,528,30,44.27188724235731
250214163005,Boston,"MULTILINESTRING ((-71.093736 42.267136, -71.090258 42.266639), (-71.090258 42.266639, -71.089403 42.26969), (-71.089403 42.26969, -71.082761 42.268634), (-71.082761 42.268634, -71.080852 42.269322), (-71.080852 42.269322, -71.076492 42.270509), (-71.076492 42.270509, -71.075246 42.2703), (-71.075246 42.2703, -71.073264 42.270317), (-71.073264 42.270317, -71.072044 42.270817), (-71.072044 42.270817, -71.06814 42.271))",0.0,42.269322,-71.080852,297,42,45.221676218380054
250173736002,Boston,"MULTILINESTRING ((-71.16674 42.339854, -71.168936 42.338449), (-71.168936 42.338449, -71.168886 42.335826), (-71.168886 42.335826, -71.167565 42.333441))",0.0,42.335826,-71.168886,0,0,19.79898987322333
250250910013,Boston,"POLYGON ((-71.052967 42.311219, -71.052 42.310426, -71.050731 42.311668, -71.048189 42.311678, -71.04586 42.309332, -71.0467 42.313016, -71.0423475868322 42.3115348119403, -71.04249 42.309745, -71.044832 42.309193, -71.0474393475483 42.3037469777322, -71.047478 42.304424, -71.049268 42.301197, -71.052924 42.304619, -71.053778 42.306072, -71.054028 42.307595, -71.052967 42.311219))",6.999025760163567e-05,42.306833499999996,-71.04993231926053,388,10,20.518284528683193
250250511013,Boston,"POLYGON ((-71.010149 42.3851, -70.999965 42.388525, -70.999388 42.388331, -71.001105 42.386965, -70.995808 42.384498, -71.000018 42.385629, -71.00076 42.384512, -70.994634 42.382711, -70.994648 42.38115, -70.997994 42.378197, -71.000206 42.377754, -71.002914 42.378534, -71.011268 42.380653, -71.013395 42.382899, -71.010149 42.3851))",0.00011168440850000021,42.3836985,-71.0051044178189,538,97,106.92053123698928
250259801011,Boston,"MULTIPOLYGON (((-70.930248 42.322292, -70.925969 42.321909, -70.925473 42.319212, -70.925308 42.317223, -70.928055 42.317223, -70.93076 42.319027, -70.93091 42.321605, -70.930248 42.322292)), ((-70.931758 42.333116, -70.93068 42.333698, -70.929717 42.333973, -70.928692 42.332324, -70.926834 42.330376, -70.923068 42.32699, -70.922598 42.326144, -70.923722 42.32536, -70.924716 42.32488, -70.925883 42.324944, -70.92679 42.32536, -70.92705 42.32635, -70.927698 42.327341, -70.929383 42.328171, -70.930593 42.328107, -70.931414 42.328267, -70.93211 42.328915, -70.931025 42.329673, -70.930809 42.331015, -70.931241 42.331909, -70.932464 42.332228, -70.932091 42.332698, -70.931758 42.333116)), ((-70.940749 42.328139, -70.937248 42.3275, -70.934947 42.326807, -70.936544 42.324866, -70.939854 42.324245, -70.942948 42.325695, -70.94278 42.327181, -70.940749 42.328139)), ((-70.95434 42.31299, -70.951492 42.313564, -70.948515 42.311937, -70.94968 42.311076, -70.952399 42.31098, -70.9542866009988 42.3086528340082, -70.95434 42.308587, -70.957835 42.309831, -70.958094 42.31165, -70.95434 42.31299)), ((-70.967257 42.357069, -70.967048 42.356954, -70.9668748754428 42.3570563182718, -70.962365 42.354976, -70.958599 42.35551, -70.953292 42.349698, -70.953022 42.343973, -70.960047 42.346506, -70.965276 42.351424, -70.9700244514225 42.3552840314789, -70.968935 42.355925, -70.967257 42.357069)), ((-70.9769047642447 42.3125742537046, -70.9741558294847 42.3141236176471, -70.970392 42.316245, -70.967545 42.322895, -70.957268 42.331661, -70.952805 42.330627, -70.953693 42.327921, -70.95913 42.324572, -70.963531 42.318542, -70.965732 42.313469, -70.968968 42.31299, -70.971169 42.311171, -70.974273 42.310198, -70.977219 42.310249, -70.977402 42.312294, -70.9769047642447 42.3125742537046)), ((-70.984243 42.3284, -70.983078 42.327156, -70.983984 42.321317, -70.985667 42.318733, -70.988774 42.319212, -70.988903 42.32371, -70.991621 42.326294, -70.989162 42.328304, -70.984243 42.3284)), ((-71.01132 42.316355, -71.006364 42.320911, -71.000305 42.321282, -70.999534 42.31992, -71.000371 42.319326, -71.003251 42.319524, -71.006699 42.316133, -71.011487 42.309299, -71.014601 42.309869, -71.017179 42.311751, -71.016643 42.313731, -71.01132 42.316355)))",0.0004725607712561861,42.350561,-70.95921922050888,0,0,19.79898987322333
250250104043,Boston,"POLYGON ((-71.086805 42.343436, -71.085796 42.343332, -71.086598 42.342612, -71.090204 42.343189, -71.089965 42.34392, -71.086805 42.343436))",3.043714499979508e-06,42.3432605,-71.08802813308728,508,409,143.50261321662404
250250101043,Boston,"POLYGON ((-71.097168 42.348982, -71.096041 42.349074, -71.091633 42.350282, -71.091933 42.34918, -71.092871 42.347643, -71.098115 42.347637, -71.099802 42.347651, -71.101143 42.347758, -71.100564 42.347918, -71.097168 42.348982))",1.196897250001911e-05,42.34845,-71.09562225211451,482,373,116.69190203266035
250250101041,Boston,"POLYGON ((-71.091933 42.34918, -71.091633 42.350282, -71.089497 42.350848, -71.08871 42.349252, -71.087916 42.347461, -71.089636 42.347644, -71.091944 42.347629, -71.092871 42.347643, -71.091933 42.34918))",1.0226623999980754e-05,42.348411999999996,-71.09036964977511,662,326,135.79396157414365
250250913002,Boston,"POLYGON ((-71.069842 42.321567, -71.068061 42.321281, -71.067507 42.323297, -71.06594 42.321499, -71.065383 42.321234, -71.067057 42.319055, -71.066837 42.317816, -71.068747 42.318594, -71.069698 42.318947, -71.071276 42.32016, -71.072204 42.321359, -71.069842 42.321567))",1.579004500000062e-05,42.320696999999996,-71.06874358623868,414,224,80.0812087820857
250251303001,Boston,"POLYGON ((-71.147025 42.283278, -71.145519 42.281804, -71.143956 42.280502, -71.142569 42.277379, -71.145231 42.276332, -71.148024 42.27727, -71.151312 42.279353, -71.149409 42.281371, -71.147025 42.283278))",3.324710650005226e-05,42.2799275,-71.14723554486126,331,0,19.79898987322333
250259815021,Boston,"GEOMETRYCOLLECTION (POLYGON ((-70.998233 42.390266, -70.998723 42.390881, -71.004015 42.392589, -71.005972 42.392821, -71.008579 42.393387, -71.011609 42.393493, -71.010001 42.39549, -71.005861 42.393892, -71.001407 42.39674, -71.000683 42.396817, -70.996475 42.396308, -70.995047 42.393566, -70.998233 42.390266)), LINESTRING (-71.010001 42.39549, -71.01193 42.395752), LINESTRING (-71.01193 42.395752, -71.011272 42.396589))",5.051718200001559e-05,42.3935295,-71.00333092450289,0,0,19.79898987322333
250259816001,Boston,"POLYGON ((-70.995347 42.389362, -70.996729 42.390291, -70.994454 42.393316, -70.989771 42.39324, -70.987974 42.392817, -70.987289 42.388734, -70.986053 42.388116, -70.986621 42.387138, -70.988281 42.387107, -70.994239 42.384647, -70.994634 42.382711, -71.00076 42.384512, -71.000018 42.385629, -70.995808 42.384498, -71.001105 42.386965, -70.999388 42.388331, -70.995347 42.389362))",8.551265249999921e-05,42.387626999999995,-70.99330494802342,0,0,19.79898987322333
250250104031,Boston,"POLYGON ((-71.087669 42.345293, -71.086805 42.343436, -71.089965 42.34392, -71.089548 42.34541, -71.087669 42.345293))",4.1492215000039926e-06,42.3446065,-71.08856123332745,739,572,156.8948692596415
250250107011,Boston,"POLYGON ((-71.083173 42.351651, -71.082193 42.349678, -71.07986 42.350304, -71.079508 42.349508, -71.083749 42.34838, -71.084699 42.350297, -71.085125 42.351144, -71.083173 42.351651))",8.125032999990696e-06,42.3499875,-71.08344617634322,452,274,101.92153844992725
250250101033,Boston,"POLYGON ((-71.103268 42.351075, -71.100244 42.35087, -71.100555 42.349357, -71.103624 42.349733, -71.104963 42.349907, -71.106702 42.349433, -71.10657 42.349912, -71.110936 42.350446, -71.110732 42.351819, -71.103268 42.351075))",1.5323520499997946e-05,42.350657999999996,-71.10559603904592,87,84,31.304951684997057
250250611011,Boston,"POLYGON ((-71.052624 42.328597, -71.052565 42.327112, -71.054829 42.328043, -71.055984 42.32685, -71.056868 42.326867, -71.056915 42.328035, -71.056928 42.328552, -71.052624 42.328597))",5.090969500013262e-06,42.3275735,-71.05608998731523,364,281,117.83462988442744
250250808012,Boston,"POLYGON ((-71.099276 42.335999, -71.095089 42.334757, -71.096118 42.333212, -71.094446 42.332386, -71.095351 42.331554, -71.097185 42.331782, -71.099319 42.332276, -71.101321 42.33296, -71.09979 42.335401, -71.099276 42.335999))",1.801462499999644e-05,42.3339845,-71.09814096579271,685,435,154.63505424062166
250250408012,Boston,"POLYGON ((-71.058504 42.3845, -71.055524 42.387119, -71.055295 42.387097, -71.048186 42.385686, -71.047284 42.385284, -71.044298 42.383209, -71.044982 42.378543, -71.051312 42.380281, -71.052941 42.378428, -71.054154 42.379039, -71.055912 42.379115, -71.057578 42.37917, -71.058956 42.379668, -71.06139 42.380696, -71.061596 42.380789, -71.058504 42.3845))",9.914807249998516e-05,42.381999,-71.0525316032318,300,89,58.69412236331676
250259817001,Boston,"POLYGON ((-71.071296 42.355771, -71.067642 42.356603, -71.06499 42.357195, -71.063169 42.357748, -71.061956 42.356534, -71.063308 42.355209, -71.064235 42.353394, -71.064562 42.352383, -71.067533 42.352513, -71.070655 42.351854, -71.071079 42.352673, -71.072055 42.354655, -71.072564 42.355439, -71.071296 42.355771))",3.621331649997558e-05,42.354932000000005,-71.06784215702163,0,0,19.79898987322333
250251001001,Boston,"POLYGON ((-71.093173 42.294613, -71.089779 42.292868, -71.090005 42.292357, -71.091752 42.290622, -71.092677 42.288324, -71.093652 42.287787, -71.093887 42.287668, -71.095759 42.291973, -71.094542 42.293021, -71.093173 42.294613))",2.1020421500003847e-05,42.2912975,-71.09326854568427,180,22,38.62641583165593
250251201041,Boston,"POLYGON ((-71.118254 42.308767, -71.115472 42.309675, -71.115555 42.308474, -71.115506 42.307655, -71.115339 42.306839, -71.116906 42.306502, -71.119203 42.306414, -71.119566 42.306432, -71.12025 42.308347, -71.121463 42.308685, -71.120727 42.309009, -71.118254 42.308767))",1.1993889500020503e-05,42.308001,-71.11782655826025,428,110,53.009433122794285
250173539002,Cambridge,"POLYGON ((-71.119043 42.369775, -71.117327 42.369187, -71.11634 42.36777, -71.113508 42.367741, -71.113578 42.365884, -71.113901 42.364478, -71.116921 42.364246, -71.11723 42.367367, -71.11896 42.36876, -71.123204 42.368938, -71.122454 42.369816, -71.119043 42.369775))",1.842365450000876e-05,42.3666255,-71.11535331775727,830,526,175.55910685578235
250173545001,Cambridge,"POLYGON ((-71.121656 42.387909, -71.119464 42.388156, -71.119229 42.387022, -71.119464 42.38483, -71.121375 42.384448, -71.123272 42.385522, -71.124206 42.387207, -71.121656 42.387909))",1.300482800000565e-05,42.386272000000005,-71.12149856651243,546,207,92.80086206496145
250173531022,Cambridge,"POLYGON ((-71.098021 42.356353, -71.097661 42.356393, -71.096886 42.356627, -71.093254 42.358443, -71.093395 42.35873, -71.093489 42.358881, -71.094852 42.360166, -71.095412 42.360501, -71.090785 42.362746, -71.090351 42.363175, -71.089704 42.364891, -71.089432 42.36479, -71.087331 42.363952, -71.088207 42.362608, -71.088299 42.361058, -71.085175 42.356333, -71.087511 42.355557, -71.091235 42.354338, -71.093002 42.353894, -71.09789 42.35312, -71.098817 42.355342, -71.099154 42.355937, -71.098021 42.356353))",7.5472439999985e-05,42.359523499999995,-71.09072747190476,4,0,19.79898987322333
250173543003,Cambridge,"POLYGON ((-71.158229 42.386909, -71.157317 42.390953, -71.157255 42.390948, -71.150641 42.390103, -71.144134 42.38868, -71.143724 42.388284, -71.14164 42.387051, -71.1418 42.384844, -71.144123 42.381837, -71.146874 42.379672, -71.149864 42.374451, -71.150301 42.374483, -71.154373 42.375095, -71.154706 42.376088, -71.151675 42.376331, -71.152473 42.37991, -71.154704 42.381285, -71.155814 42.381599, -71.157792 42.382211, -71.157971 42.382805, -71.160332 42.386444, -71.160398 42.386542, -71.158229 42.386909))",0.00016821168600012986,42.382508,-71.1507430659295,570,95,67.68308503607086
250173531023,Cambridge,"POLYGON ((-71.09934 42.35856, -71.095412 42.360501, -71.094852 42.360166, -71.093489 42.358881, -71.093395 42.35873, -71.093254 42.358443, -71.096886 42.356627, -71.097661 42.356393, -71.098021 42.356353, -71.099154 42.355937, -71.098817 42.355342, -71.09789 42.35312, -71.103032 42.352514, -71.104316 42.352403, -71.110358 42.352586, -71.108279 42.354059, -71.09934 42.35856))",5.298982249993569e-05,42.35651,-71.10034240318818,45,7,17.804493814764857
250173523001,Cambridge,"POLYGON ((-71.083464 42.370068, -71.083625 42.369381, -71.08031 42.368966, -71.079061 42.36879, -71.079403 42.367468, -71.087711 42.368497, -71.088203 42.36661, -71.089181 42.367065, -71.088259 42.370645, -71.083464 42.370068))",1.8254732500000243e-05,42.3686435,-71.0839366847533,791,264,99.86490875177326
250214161021,Boston,"MULTILINESTRING ((-71.130749 42.227911, -71.12742 42.231176), (-71.12742 42.231176, -71.125477 42.231882), (-71.125477 42.231882, -71.124587 42.234012), (-71.124587 42.234012, -71.122602 42.234515), (-71.122602 42.234515, -71.126377 42.239162), (-71.126377 42.239162, -71.12567 42.239527), (-71.12567 42.239527, -71.116529 42.244274), (-71.116529 42.244274, -71.114563 42.245284))",0.0,42.234515,-71.122602,811,63,35.0
250259811003,Boston,"POLYGON ((-71.101948 42.292979, -71.098948 42.292972, -71.098575 42.292743, -71.097995 42.292263, -71.097738 42.292127, -71.09753 42.292392, -71.0971 42.292628, -71.09633 42.292862, -71.096181 42.292886, -71.095759 42.291973, -71.100114 42.290291, -71.100331 42.288073, -71.099707 42.286437, -71.095058 42.28744, -71.096316 42.285818, -71.099632 42.282336, -71.105401 42.286718, -71.107947 42.288616, -71.105666 42.289745, -71.101948 42.292979))",6.101603349998105e-05,42.2877565,-71.10350216877436,0,0,19.79898987322333
250250106003,Boston,"POLYGON ((-71.077368 42.350075, -71.076683 42.349395, -71.072659 42.35041, -71.072 42.349022, -71.075163 42.348159, -71.076201 42.347911, -71.078718 42.347834, -71.079508 42.349508, -71.077368 42.350075))",1.1695534999979259e-05,42.3492085,-71.07572760304552,416,204,103.9471019317037
250251706012,Boston,"LINESTRING (-71.011272 42.396589, -71.013395 42.397398)",0.0,42.397398,-71.013395,529,88,86.6083136886985
250173548001,Cambridge,"POLYGON ((-71.130854 42.395785, -71.130905 42.397743, -71.130905 42.397903, -71.130319 42.397395, -71.129463 42.396627, -71.128744 42.39601, -71.125015 42.392649, -71.125266 42.392586, -71.127 42.392506, -71.131037 42.393383, -71.13081 42.393601, -71.130854 42.395785))",1.445396199999181e-05,42.394693,-71.12905740002975,441,56,34.48187929913333
250251304041,Boston,"POLYGON ((-71.161836 42.271147, -71.160225 42.274799, -71.159775 42.27845, -71.159434 42.278834, -71.156772 42.277048, -71.153504 42.275976, -71.150778 42.273551, -71.149893 42.272228, -71.147289 42.269994, -71.150086 42.267577, -71.151124 42.266666, -71.157052 42.261202, -71.158713 42.265613, -71.160424 42.266823, -71.161356 42.268276, -71.161852 42.268879, -71.162 42.269239, -71.161836 42.271147))",0.00013449873849998148,42.2705705,-71.15492326680527,915,186,87.20091742636656
250173549012,Cambridge,"POLYGON ((-71.143241 42.396564, -71.143557 42.397428, -71.142803 42.397878, -71.141298 42.397196, -71.140745 42.395886, -71.140607 42.39468, -71.140592 42.394075, -71.141121 42.392092, -71.14428 42.392638, -71.144297 42.394676, -71.143241 42.396564))",1.608504499999093e-05,42.395283,-71.14231674576271,611,203,101.96568050084302
250173594001,Cambridge,"POLYGON ((-71.113901 42.364478, -71.109892 42.364827, -71.109016 42.364908, -71.106159 42.36515, -71.104994 42.365253, -71.104864 42.365175, -71.105726 42.364899, -71.106679 42.364557, -71.108241 42.36405, -71.112329 42.362677, -71.116704 42.361255, -71.116936 42.363677, -71.116921 42.364246, -71.113901 42.364478))",1.8760790499989154e-05,42.363177,-71.1138641974228,534,201,95.4148835350125
250173703021,Boston,"MULTILINESTRING ((-71.14717 42.361754, -71.148332 42.361119), (-71.148332 42.361119, -71.154475 42.360036), (-71.154475 42.360036, -71.159746 42.359781), (-71.159746 42.359781, -71.161508 42.358972))",0.0,42.360036,-71.154475,141,86,60.63827174318213
250250005053,Boston,"POLYGON ((-71.139804 42.345093, -71.138246 42.344126, -71.137824 42.343876, -71.138809 42.343087, -71.139977 42.34214, -71.141518 42.342952, -71.141918 42.343189, -71.139804 42.345093))",5.990665500023121e-06,42.3435325,-71.13989472238453,244,139,118.90332207301863
250259812021,Boston,"POLYGON ((-71.042192 42.339577, -71.039977 42.338467, -71.039066 42.3416, -71.030414 42.341654, -71.029517 42.340247, -71.029285 42.34176, -71.025125 42.341509, -71.025133 42.33831, -71.029317 42.338238, -71.035486 42.338141, -71.037522 42.338095, -71.042475 42.33801, -71.043982 42.337988, -71.042192 42.339577))",5.2531167000017306e-05,42.339912,-71.0323429114926,0,0,19.79898987322333
250173537001,Cambridge,"POLYGON ((-71.108355 42.374699, -71.10813 42.377898, -71.107272 42.378087, -71.105943 42.376819, -71.105427 42.376332, -71.106121 42.37441, -71.107947 42.372056, -71.108615 42.372318, -71.109725 42.372772, -71.108355 42.374699))",1.2773559500010954e-05,42.3755155,-71.10700969775935,569,184,90.93404203047393
250250305002,Boston,"POLYGON ((-71.051271 42.36619, -71.0503521192944 42.3662546219372, -71.0502102174239 42.364236872291, -71.051084 42.363995, -71.05123 42.364024, -71.053459 42.364778, -71.052878 42.365771, -71.051271 42.36619))",5.145441532688206e-06,42.3652745,-71.05172584522877,525,266,105.30906893520614
250250101032,Boston,"POLYGON ((-71.098182 42.350735, -71.097626 42.349983, -71.097168 42.348982, -71.100555 42.349357, -71.100244 42.35087, -71.098182 42.350735))",4.4655460000074995e-06,42.34967,-71.0989867257356,46,3,15.231546211727817
250250924004,Boston,"POLYGON ((-71.089635 42.297498, -71.088028 42.295498, -71.087997 42.294939, -71.088149 42.294415, -71.089779 42.292868, -71.093173 42.294613, -71.09135 42.296922, -71.089635 42.297498))",1.4141556000003037e-05,42.295218500000004,-71.09035372304027,569,202,149.6562728387955
250250923002,Boston,"POLYGON ((-71.071913 42.293933, -71.071769 42.292298, -71.071602 42.290218, -71.071996 42.290217, -71.074145 42.29084, -71.074979 42.293097, -71.074766 42.293138, -71.071913 42.293933))",8.546356499995925e-06,42.291569,-71.07306242382342,300,154,92.07062506576133
250250201012,Boston,"POLYGON ((-71.072123 42.359465, -71.070786 42.359467, -71.070293 42.357796, -71.071997 42.357419, -71.071296 42.355771, -71.072564 42.355439, -71.073464 42.356121, -71.073169 42.356456, -71.072123 42.359465))",6.443936999997388e-06,42.3576075,-71.07195685559986,602,217,130.26895255585654
250250008042,Boston,"POLYGON ((-71.128879 42.360368, -71.129768 42.361072, -71.130417 42.361957, -71.130218 42.362694, -71.129755 42.363198, -71.123039 42.363751, -71.124675 42.362466, -71.12318 42.358998, -71.128027 42.357261, -71.12968 42.35708, -71.130339 42.356846, -71.131488 42.358595, -71.13083 42.359024, -71.128879 42.360368))",3.6534910499981616e-05,42.359696,-71.12666769838523,411,172,81.83520025025906
250251301012,Boston,"POLYGON ((-71.169808 42.300443, -71.168531 42.297679, -71.167643 42.296563, -71.162636 42.293471, -71.167906 42.290896, -71.168281 42.290664, -71.171044 42.288593, -71.171569 42.287972, -71.17623 42.293262, -71.178636 42.294595, -71.169808 42.300443))",8.719298500003424e-05,42.294033,-71.17058384330761,261,32,40.496913462633174
250259815011,Cambridge,"POLYGON ((-71.163888 42.358523, -71.161508 42.358972, -71.159746 42.359781, -71.154475 42.360036, -71.148332 42.361119, -71.14717 42.361754, -71.144492 42.364822, -71.143667 42.365081, -71.139892 42.36444, -71.136658 42.366752, -71.132373 42.368891, -71.131762 42.369864, -71.133179 42.372338, -71.130997 42.373892, -71.128203 42.373572, -71.123204 42.368938, -71.11896 42.36876, -71.11723 42.367367, -71.116921 42.364246, -71.116936 42.363677, -71.116704 42.361255, -71.116597 42.359185, -71.116681 42.358736, -71.117165 42.356997, -71.116852 42.355385, -71.113196 42.35311, -71.110589 42.352616, -71.110358 42.352586, -71.104316 42.352403, -71.103032 42.352514, -71.09789 42.35312, -71.093002 42.353894, -71.091235 42.354338, -71.087511 42.355557, -71.085175 42.356333, -71.077952 42.358735, -71.076092 42.36038, -71.075657 42.361613, -71.074792 42.363773, -71.071537 42.36711, -71.070218 42.366148, -71.068497 42.366506, -71.072355 42.361207, -71.072123 42.359465, -71.073169 42.356456, -71.073464 42.356121, -71.075219 42.355507, -71.077357 42.354938, -71.079464 42.354275, -71.081595 42.353704, -71.085915 42.352526, -71.089862 42.351576, -71.094992 42.35057, -71.098182 42.350735, -71.100244 42.35087, -71.103268 42.351075, -71.110732 42.351819, -71.114119 42.35239, -71.118126 42.355092, -71.118419 42.356539, -71.117648 42.360915, -71.118349 42.366914, -71.119789 42.367674, -71.121961 42.36781, -71.125308 42.368858, -71.12682 42.370267, -71.12712 42.371818, -71.12881 42.372738, -71.130292 42.371979, -71.130648 42.368535, -71.132803 42.366127, -71.135452 42.364849, -71.139551 42.363698, -71.144514 42.362933, -71.148472 42.360526, -71.153994 42.359316, -71.160899 42.358625, -71.161769 42.35818, -71.162894 42.357953, -71.169474 42.358047, -71.167625 42.360073, -71.163888 42.358523))",0.00022724973600006488,42.362343499999994,-71.07344600972897,0,0,19.79898987322333
250250901001,Boston,"POLYGON ((-71.084299 42.307015, -71.083898 42.30759, -71.083254 42.308469, -71.081634 42.306343, -71.080563 42.30544, -71.082475 42.304224, -71.082906 42.303848, -71.084389 42.303525, -71.085246 42.303446, -71.084923 42.304428, -71.084299 42.307015))",1.1816231000024781e-05,42.3058915,-71.08283424748743,524,215,106.92053123698928
250250301001,Boston,"POLYGON ((-71.056374 42.368292, -71.0534 42.367525, -71.053965 42.366908, -71.054999 42.365964, -71.055485 42.366185, -71.056524 42.366626, -71.057369 42.367771, -71.056374 42.368292))",5.088820999988796e-06,42.3672165,-71.0553211419214,655,415,113.5649593844862
250250608004,Boston,"POLYGON ((-71.05389 42.33624, -71.052405 42.337488, -71.050845 42.336485, -71.053187 42.334509, -71.051057 42.332794, -71.052302 42.332046, -71.053151 42.33152, -71.056733 42.337375, -71.057112 42.338333, -71.05389 42.33624))",1.603852599999131e-05,42.3353745,-71.05383515714314,929,410,180.48822676285565
250173731001,Boston,"MULTILINESTRING ((-71.167625 42.360073, -71.169474 42.358047), (-71.169474 42.358047, -71.171387 42.356089), (-71.171387 42.356089, -71.173935 42.353397))",0.0,42.356089,-71.171387,308,0,19.79898987322333
250173546021,Cambridge,"POLYGON ((-71.130342 42.390303, -71.129006 42.390072, -71.128701 42.389374, -71.127558 42.387402, -71.129619 42.386658, -71.130986 42.386175, -71.13252 42.388475, -71.132728 42.390686, -71.130342 42.390303))",1.4713896499998953e-05,42.387938500000004,-71.13001557053069,729,302,136.7186892857008
250214006003,Boston,"MULTILINESTRING ((-71.150104 42.335282, -71.148295 42.335807), (-71.148295 42.335807, -71.148482 42.336253))",0.0,42.335807,-71.148295,702,110,79.05694150420949
250214010003,Boston,"MULTILINESTRING ((-71.115563 42.32678, -71.115929 42.325855), (-71.115929 42.325855, -71.116537 42.323939), (-71.116537 42.323939, -71.119539 42.322745))",0.0,42.323939,-71.116537,779,126,72.56031973468694
250251301011,Boston,"POLYGON ((-71.164702 42.30383, -71.153691 42.295746, -71.157678 42.295738, -71.161288 42.294125, -71.162636 42.293471, -71.167643 42.296563, -71.168531 42.297679, -71.169808 42.300443, -71.164702 42.30383))",8.091440000001962e-05,42.299061,-71.1636878863805,791,21,38.62641583165593
250250703023,Boston,"POLYGON ((-71.070455 42.351417, -71.068683 42.350487, -71.069716 42.349659, -71.069111 42.347945, -71.072692 42.347931, -71.072 42.349022, -71.072659 42.35041, -71.072822 42.350755, -71.070455 42.351417))",9.879275499997486e-06,42.3500345,-71.07086412533239,507,377,179.5466513193716
250250008053,Boston,"POLYGON ((-71.12495 42.353354, -71.125175 42.354358, -71.125088 42.355236, -71.120729 42.354615, -71.12126 42.351872, -71.124236 42.352242, -71.125024 42.352236, -71.128344 42.352604, -71.128031 42.353724, -71.12495 42.353354))",1.527132200000588e-05,42.353539,-71.1229643775948,524,312,117.83462988442744
250214012012,Boston,"MULTILINESTRING ((-71.140135 42.302147, -71.146883 42.29728), (-71.146883 42.29728, -71.1503 42.29553))",0.0,42.29728,-71.146883,533,41,51.24451190127583
250173546012,Cambridge,"POLYGON ((-71.156385 42.395823, -71.156362 42.395852, -71.152306 42.395471, -71.14428 42.392638, -71.144134 42.38868, -71.150641 42.390103, -71.157255 42.390948, -71.157317 42.390953, -71.158387 42.394593, -71.156385 42.395823))",6.361916500000841e-05,42.3917955,-71.1509067902013,852,196,90.24965373894794
250250507001,Boston,"POLYGON ((-71.035834 42.376031, -71.033949 42.374828, -71.032818 42.374106, -71.034449 42.372711, -71.037901 42.374452, -71.03878 42.374927, -71.035834 42.376031))",9.383246499987768e-06,42.374279,-71.03532349121522,598,265,132.74034804836094
250251302003,Boston,"POLYGON ((-71.160629 42.291585, -71.158683 42.291845, -71.156177 42.29171, -71.155656 42.292108, -71.151961 42.287527, -71.150071 42.28729, -71.149901 42.286762, -71.154983 42.284355, -71.159597 42.287419, -71.16146 42.286068, -71.163971 42.288311, -71.160629 42.291585))",5.7207867500025376e-05,42.287919,-71.15790467348387,667,14,26.076809620810597
250250817004,Boston,"POLYGON ((-71.088788 42.324218, -71.08789 42.32571, -71.086241 42.323486, -71.084831 42.323735, -71.084854 42.322481, -71.085664 42.321317, -71.08942 42.323332, -71.0896 42.323394, -71.088788 42.324218))",9.275214999991718e-06,42.3236105,-71.08785998214427,565,265,147.6787053031005
250250819001,Boston,"POLYGON ((-71.086225 42.318237, -71.086017 42.319164, -71.081917 42.318021, -71.082367 42.317233, -71.08285 42.316362, -71.084582 42.316792, -71.086508 42.317053, -71.086903 42.316392, -71.091294 42.317605, -71.090238 42.319213, -71.086225 42.318237))",1.6107040500007153e-05,42.317813,-71.08659659235548,409,95,72.80109889280519
250250906001,Boston,"POLYGON ((-71.076664 42.322889, -71.075811 42.324146, -71.074641 42.323238, -71.073922 42.323759, -71.07284 42.322602, -71.072204 42.321359, -71.073948 42.320773, -71.075522 42.320573, -71.077746 42.320431, -71.077146 42.322196, -71.076664 42.322889))",1.2515118999996576e-05,42.322399000000004,-71.07487047000983,337,62,77.31752712031083
250250002014,Boston,"POLYGON ((-71.162368 42.352493, -71.161985 42.352547, -71.160565 42.352671, -71.160304 42.352141, -71.160437 42.348916, -71.162138 42.348989, -71.163093 42.349041, -71.1629 42.352437, -71.162368 42.352493))",9.404094999995023e-06,42.350591,-71.16168641677623,445,114,75.31268153505093
250250201014,Boston,"POLYGON ((-71.068629 42.359568, -71.066823 42.359352, -71.065048 42.359368, -71.065069 42.358856, -71.068711 42.358852, -71.070293 42.357796, -71.070786 42.359467, -71.068629 42.359568))",4.366490000014599e-06,42.358323999999996,-71.06997538868941,587,258,123.7457069962429
250250301002,Boston,"POLYGON ((-71.057369 42.367771, -71.056524 42.366626, -71.055485 42.366185, -71.05595 42.365508, -71.05675 42.3654, -71.057404 42.365308, -71.058525 42.366952, -71.057369 42.367771))",3.792872500007855e-06,42.3664055,-71.05707842807178,537,409,183.44754018519845
250251006011,Boston,"POLYGON ((-71.050633 42.292782, -71.048418 42.290058, -71.051472 42.289314, -71.052158 42.289137, -71.054651 42.293703, -71.052431 42.294476, -71.050633 42.292782))",1.6699135000042978e-05,42.29142,-71.05146500000001,443,15,28.653097563788805
250251008004,Boston,"POLYGON ((-71.066386 42.272396, -71.063514 42.2736, -71.0597 42.278429, -71.061509 42.28123, -71.05989 42.281721, -71.058932 42.281991, -71.058528 42.280061, -71.054694 42.28034, -71.053748 42.277996, -71.053284 42.277502, -71.055575 42.275052, -71.053494 42.272458, -71.053836 42.271699, -71.062189 42.267159, -71.064695 42.268607, -71.065097 42.270659, -71.067815 42.271396, -71.06814 42.271, -71.068018 42.272216, -71.066386 42.272396))",0.00010325903399999624,42.274326,-71.05896658676322,592,134,117.83462988442744
250173533002,Cambridge,"POLYGON ((-71.110326 42.362214, -71.109753 42.362716, -71.108166 42.361766, -71.107966 42.361937, -71.106541 42.361085, -71.107667 42.360057, -71.109585 42.358263, -71.11278 42.36013, -71.110928 42.361735, -71.110326 42.362214))",1.3943382499994235e-05,42.3606075,-71.10964651800217,761,142,104.4030650891055
250173542002,Cambridge,"POLYGON ((-71.137281 42.376826, -71.131606 42.377515, -71.130145 42.377841, -71.130579 42.374705, -71.130997 42.373892, -71.133179 42.372338, -71.131762 42.369864, -71.132373 42.368891, -71.136658 42.366752, -71.139892 42.36444, -71.143667 42.365081, -71.1439 42.365628, -71.142461 42.367017, -71.140599 42.370017, -71.139992 42.373569, -71.143925 42.374074, -71.143831 42.375278, -71.137281 42.376826))",0.0001050586145000329,42.3711775,-71.13645749922921,478,27,24.186773244895647
250251404006,Boston,"POLYGON ((-71.117207 42.275871, -71.115734 42.277295, -71.116377 42.278859, -71.115342 42.278039, -71.114188 42.2771, -71.110374 42.275065, -71.109191 42.274363, -71.110434 42.272154, -71.110159 42.270701, -71.110995 42.269039, -71.116427 42.267112, -71.11827 42.266595, -71.120607 42.270284, -71.119167 42.270736, -71.117207 42.275871))",7.431844200002353e-05,42.2732585,-71.11400833812074,817,48,57.697486947006624
250250008051,Boston,"POLYGON ((-71.125088 42.355236, -71.125175 42.354358, -71.12495 42.353354, -71.128031 42.353724, -71.128344 42.352604, -71.130167 42.352828, -71.130225 42.354135, -71.131396 42.356105, -71.125088 42.355236))",1.3177068999977855e-05,42.3542465,-71.12772064493068,631,363,130.75167302944922
250251707011,Boston,"LINESTRING (-70.994454 42.393316, -70.995047 42.393566)",0.0,42.393566,-70.995047,407,103,60.03332407921454
250250104052,Boston,"POLYGON ((-71.092205 42.341335, -71.090844 42.344077, -71.090902 42.346544, -71.089264 42.346887, -71.089548 42.34541, -71.089965 42.34392, -71.090204 42.343189, -71.090331 42.342605, -71.091188 42.340949, -71.09181 42.339871, -71.091026 42.339608, -71.092192 42.339139, -71.092543 42.339513, -71.093217 42.340889, -71.092205 42.341335))",9.440724500020415e-06,42.342897,-71.09084859828593,532,357,80.05623023850174
250250203011,Boston,"POLYGON ((-71.068497 42.366506, -71.070218 42.366148, -71.071537 42.36711, -71.070644 42.367949, -71.070575 42.368015, -71.068431 42.367037, -71.067339 42.366484, -71.067606 42.366426, -71.068696 42.365486, -71.065368 42.364831, -71.065134 42.362404, -71.063716 42.362198, -71.063721 42.361241, -71.065161 42.361201, -71.066911 42.361141, -71.068752 42.36108, -71.070812 42.360902, -71.072355 42.361207, -71.068497 42.366506))",2.957097499996539e-05,42.363617500000004,-71.06792550339686,1330,944,222.64994947226015
250214022002,Boston,"MULTILINESTRING ((-71.142681 42.235998, -71.139241 42.23366), (-71.139241 42.23366, -71.136665 42.23191))",0.0,42.23366,-71.139241,485,30,35.84689665786984
250173501061,Boston,"LINESTRING (-71.073496 42.391796, -71.077405 42.386167)",0.0,42.391796,-71.073496,1217,305,93.05912099305473
250214164006,Boston,"MULTILINESTRING ((-71.06814 42.271, -71.067815 42.271396), (-71.067815 42.271396, -71.065097 42.270659), (-71.065097 42.270659, -71.064695 42.268607), (-71.064695 42.268607, -71.062189 42.267159), (-71.062189 42.267159, -71.053836 42.271699), (-71.053836 42.271699, -71.053494 42.272458), (-71.053494 42.272458, -71.055575 42.275052), (-71.055575 42.275052, -71.053284 42.277502))",0.0,42.267159,-71.062189,374,0,19.79898987322333
250214021023,Boston,"MULTILINESTRING ((-71.161574 42.257546, -71.158584 42.255155), (-71.158584 42.255155, -71.155958 42.256485), (-71.155958 42.256485, -71.152118 42.258247), (-71.152118 42.258247, -71.150386 42.25746), (-71.150386 42.25746, -71.146642 42.255755), (-71.146642 42.255755, -71.146306 42.253933))",0.0,42.258247,-71.152118,901,56,50.20956084253277
250173529002,Cambridge,"POLYGON ((-71.106121 42.37441, -71.105427 42.376332, -71.103204 42.374327, -71.10305 42.374018, -71.102062 42.373897, -71.101281 42.373781, -71.103717 42.370389, -71.104793 42.370817, -71.105738 42.37119, -71.106831 42.371614, -71.107947 42.372056, -71.106121 42.37441))",1.8772802999974222e-05,42.3729185,-71.1045891856347,779,167,63.06346010171025
250251802004,Boston,"MULTILINESTRING ((-70.994648 42.38115, -70.994634 42.382711), (-70.997994 42.378197, -70.994648 42.38115))",0.0,42.38115,-70.994648,688,127,119.21828718783037
250251201031,Boston,"POLYGON ((-71.121007 42.31316, -71.1185 42.314498, -71.117003 42.315579, -71.115673 42.315131, -71.116293 42.314067, -71.1141 42.313229, -71.114397 42.311621, -71.115133 42.310111, -71.115472 42.309675, -71.118254 42.308767, -71.120727 42.309009, -71.121612 42.309798, -71.121905 42.312907, -71.121007 42.31316))",3.586430050000969e-05,42.312264,-71.11806131949942,745,63,36.61966684720111
250173512041,Cambridge,"LINESTRING (-71.109649 42.380833, -71.110643 42.38164)",0.0,42.380833,-71.109649,593,90,62.0966987850401
250173542003,Cambridge,"POLYGON ((-71.13217 42.38151, -71.131023 42.38241, -71.129775 42.381685, -71.128855 42.381133, -71.129781 42.380772, -71.129855 42.377805, -71.130145 42.377841, -71.131606 42.377515, -71.137281 42.376826, -71.137868 42.378754, -71.137318 42.381306, -71.13217 42.38151))",3.391365449997689e-05,42.379763,-71.13372835429524,421,41,50.695167422546305
250250903002,Boston,"POLYGON ((-71.080088 42.312691, -71.078918 42.312047, -71.077927 42.311629, -71.078526 42.310965, -71.073953 42.309155, -71.072564 42.310067, -71.072822 42.309471, -71.073346 42.30847, -71.073912 42.307681, -71.075233 42.308273, -71.076076 42.307568, -71.079585 42.30988, -71.082012 42.310256, -71.080312 42.312418, -71.080088 42.312691))",1.682162449999225e-05,42.3101615,-71.07894898215955,474,156,86.03487664894976
250250915002,Boston,"POLYGON ((-71.068499 42.312726, -71.065201 42.313558, -71.064413 42.312569, -71.063236 42.311772, -71.061724 42.310556, -71.064362 42.308727, -71.066298 42.309163, -71.068416 42.31066, -71.070217 42.311334, -71.06972 42.311639, -71.068499 42.312726))",2.187467250001084e-05,42.310997,-71.0657944243421,665,69,61.61168720299745
250250906002,Boston,"POLYGON ((-71.071638 42.324647, -71.07266 42.326023, -71.071479 42.326687, -71.067507 42.323297, -71.068061 42.321281, -71.069842 42.321567, -71.072204 42.321359, -71.07284 42.322602, -71.073922 42.323759, -71.071638 42.324647))",1.952000599996085e-05,42.324203,-71.07067427168141,458,187,123.58397954427588
250173521012,Cambridge,"POLYGON ((-71.075452 42.371348, -71.071759 42.370797, -71.072785 42.369598, -71.073113 42.369131, -71.074835 42.369935, -71.075569 42.370361, -71.07606 42.370713, -71.075961 42.370821, -71.075452 42.371348))",5.026369999996124e-06,42.370148,-71.07375817889908,877,389,134.21251804507656
250173521021,Cambridge,"POLYGON ((-71.078618 42.370863, -71.076252 42.370535, -71.075569 42.370361, -71.074835 42.369935, -71.073113 42.369131, -71.070644 42.367949, -71.071537 42.36711, -71.074792 42.363773, -71.075657 42.361613, -71.078237 42.361818, -71.078822 42.362627, -71.078235 42.365216, -71.077388 42.368576, -71.079061 42.36879, -71.08031 42.368966, -71.079855 42.371018, -71.078618 42.370863))",4.551532249999492e-05,42.366163,-71.07522850324051,630,73,43.278170016764804
250250108011,Boston,"POLYGON ((-71.073464 42.356121, -71.072564 42.355439, -71.072055 42.354655, -71.074401 42.354022, -71.075219 42.355507, -71.073464 42.356121))",3.899010999997573e-06,42.355047,-71.0736375563973,307,179,67.4166151627327
250250607001,Boston,"POLYGON ((-71.053928 42.340791, -71.052377 42.339803, -71.05084 42.338795, -71.052405 42.337488, -71.053928 42.337379, -71.05624 42.338869, -71.053928 42.340791))",1.0144814000021384e-05,42.339336,-71.05367157849639,467,335,194.50449866262733
250250810015,Boston,"POLYGON ((-71.110001 42.340317, -71.10539 42.33786, -71.100935 42.336168, -71.100306 42.335941, -71.102427 42.335149, -71.10491 42.33419, -71.105582 42.333782, -71.106676 42.334452, -71.108018 42.335336, -71.109832 42.336528, -71.110063 42.336307, -71.110697 42.337183, -71.110001 42.340317))",2.9427651999978958e-05,42.3368555,-71.10660257330832,300,144,116.84177335182824
250173740002,Boston,"MULTILINESTRING ((-71.178636 42.294595, -71.190904 42.283248), (-71.190904 42.283248, -71.191247 42.282992))",0.0,42.283248,-71.190904,687,88,49.47726750741192
250251010021,Boston,"POLYGON ((-71.081102 42.279394, -71.080438 42.27896, -71.077251 42.277217, -71.078447 42.27574, -71.077615 42.273782, -71.079003 42.273409, -71.078879 42.271632, -71.081387 42.275604, -71.082755 42.276146, -71.081498 42.277603, -71.081102 42.279394))",1.8302140000019494e-05,42.274693,-71.07940694082222,303,85,70.40596565632774
250173521022,Cambridge,"POLYGON ((-71.082814 42.372813, -71.081037 42.37315, -71.078654 42.371934, -71.07606 42.370713, -71.075569 42.370361, -71.076252 42.370535, -71.078618 42.370863, -71.079855 42.371018, -71.08031 42.368966, -71.083625 42.369381, -71.083464 42.370068, -71.082814 42.372813))",1.5564778000046997e-05,42.371476,-71.08040578912295,741,291,111.25196627475849
250251202012,Boston,"POLYGON ((-71.107345 42.310622, -71.104558 42.309435, -71.10245 42.308878, -71.10269 42.305966, -71.102713 42.305269, -71.104335 42.302763, -71.107388 42.304995, -71.110299 42.306069, -71.107345 42.310622))",3.553326500001078e-05,42.3074735,-71.10597675584961,928,163,121.26417442921878
250250104032,Boston,"POLYGON ((-71.087758 42.3473, -71.087455 42.346635, -71.08826 42.346399, -71.087669 42.345293, -71.089548 42.34541, -71.089264 42.346887, -71.087758 42.3473))",2.693469999987138e-06,42.3459045,-71.08872433833442,595,462,185.39687160251654
250173530001,Cambridge,"POLYGON ((-71.104793 42.370817, -71.103717 42.370389, -71.10101 42.369317, -71.10175 42.368302, -71.103146 42.366344, -71.103953 42.365561, -71.107714 42.367853, -71.105859 42.36975, -71.104793 42.370817))",1.8599260000029477e-05,42.3680775,-71.1047022663941,1236,538,189.274932307477
250251104034,Boston,"POLYGON ((-71.129082 42.280968, -71.124684 42.277552, -71.125016 42.276591, -71.125673 42.275911, -71.127333 42.277514, -71.129029 42.276188, -71.132758 42.2786, -71.129751 42.281455, -71.129082 42.280968))",2.15897490000066e-05,42.279784,-71.12953429929168,410,33,32.202484376209235
250251008001,Boston,"POLYGON ((-71.060489 42.288294, -71.058624 42.288442, -71.058146 42.28735, -71.057692 42.287476, -71.057113 42.286787, -71.061681 42.285593, -71.063395 42.285239, -71.063735 42.285923, -71.064303 42.285699, -71.063796 42.287492, -71.060489 42.288294))",1.3564186000022887e-05,42.287068500000004,-71.06063265479446,239,96,104.93807697875924
250251204003,Boston,"POLYGON ((-71.115472 42.309675, -71.115133 42.310111, -71.114397 42.311621, -71.1141 42.313229, -71.112223 42.31269, -71.110908 42.312146, -71.112114 42.311912, -71.112924 42.309557, -71.111846 42.308394, -71.11038 42.307901, -71.110411 42.307081, -71.115245 42.306632, -71.115339 42.306839, -71.115506 42.307655, -71.115555 42.308474, -71.115472 42.309675))",1.925197949998328e-05,42.309893,-71.1140554665605,377,0,19.79898987322333
250251402011,Boston,"POLYGON ((-71.131368 42.240089, -71.129004 42.245995, -71.128992 42.247992, -71.128433 42.249173, -71.125505 42.247954, -71.122884 42.251849, -71.122839 42.250485, -71.122439 42.250058, -71.124843 42.247607, -71.12541 42.246866, -71.126066 42.245479, -71.126233 42.242667, -71.126184 42.241615, -71.12567 42.239527, -71.126377 42.239162, -71.122602 42.234515, -71.131901 42.237236, -71.132657 42.238203, -71.132151 42.239203, -71.131368 42.240089))",6.571542399993129e-05,42.244073,-71.1279614103454,598,62,51.92301994298868
250250406002,Boston,"POLYGON ((-71.068555 42.383703, -71.064195 42.381867, -71.065339 42.380298, -71.06494 42.379316, -71.067928 42.380498, -71.069106 42.37941, -71.069987 42.380309, -71.070901 42.379871, -71.071544 42.380945, -71.068555 42.383703))",1.788489749999487e-05,42.381406,-71.06778775789729,950,68,45.45327270945405
250214010002,Boston,"LINESTRING (-71.114547 42.328372, -71.115563 42.32678)",0.0,42.328372,-71.114547,259,38,45.880278987817846
250250610002,Boston,"POLYGON ((-71.048528 42.331219, -71.047415 42.331245, -71.047384 42.330419, -71.050419 42.330213, -71.050047 42.330609, -71.052302 42.332046, -71.051057 42.332794, -71.048528 42.331219))",5.684665999997943e-06,42.3316455,-71.050443177966,143,114,85.15867542417507
250250817002,Boston,"POLYGON ((-71.085664 42.321317, -71.084854 42.322481, -71.082801 42.320657, -71.081621 42.320732, -71.081385 42.319802, -71.081789 42.31827, -71.081917 42.318021, -71.086017 42.319164, -71.086003 42.320813, -71.085664 42.321317))",1.2400324999993809e-05,42.320229499999996,-71.08375071889121,617,288,125.41929676090518
250250703012,Boston,"POLYGON ((-71.068503 42.347602, -71.069855 42.345266, -71.070205 42.344864, -71.071584 42.343976, -71.071863 42.343833, -71.072746 42.345657, -71.073106 42.346385, -71.068503 42.347602))",8.177631999970962e-06,42.346021,-71.07117201541095,459,94,69.77105417004964
250250912002,Boston,"POLYGON ((-71.063382 42.314524, -71.062718 42.316006, -71.062092 42.317478, -71.061109 42.316474, -71.059544 42.316202, -71.059623 42.315986, -71.060018 42.314738, -71.05996 42.314264, -71.058881 42.312771, -71.060313 42.312803, -71.062372 42.313332, -71.063259 42.313688, -71.064213 42.314105, -71.064602 42.314769, -71.063382 42.314524))",1.2754993999989608e-05,42.3153775,-71.06140759464617,619,110,134.72935834479432
250250917001,Boston,"POLYGON ((-71.064578 42.304017, -71.064554 42.305394, -71.063123 42.305002, -71.061504 42.30537, -71.061157 42.304559, -71.060576 42.303145, -71.063465 42.301999, -71.067367 42.301007, -71.067588 42.301302, -71.068165 42.303072, -71.064578 42.304017))",1.780996150000752e-05,42.303581,-71.0634940515061,506,67,74.33034373659252
250251001006,Boston,"POLYGON ((-71.088149 42.294415, -71.087997 42.294939, -71.087839 42.294911, -71.082485 42.293287, -71.080876 42.292823, -71.081224 42.29098, -71.08649 42.290746, -71.083826 42.288757, -71.08514 42.288806, -71.086971 42.289426, -71.089233 42.291222, -71.090005 42.292357, -71.089779 42.292868, -71.088149 42.294415))",3.011371199997984e-05,42.2917895,-71.08534507406404,475,115,125.78155667664477
250251404005,Boston,"POLYGON ((-71.110159 42.270701, -71.110434 42.272154, -71.109191 42.274363, -71.108415 42.273505, -71.106563 42.271768, -71.103358 42.271002, -71.104367 42.269534, -71.105693 42.26804, -71.106243 42.267138, -71.108188 42.268225, -71.111622 42.267359, -71.110995 42.269039, -71.110159 42.270701))",2.9550183500012938e-05,42.270851500000006,-71.10682446364528,550,107,104.93807697875924
250250606021,Boston,"POLYGON ((-71.046084 42.348255, -71.042081 42.346167, -71.039493 42.344487, -71.041406 42.344526, -71.047072 42.339701, -71.050159 42.341693, -71.051345 42.343798, -71.046084 42.348255))",4.8353498000011396e-05,42.344142500000004,-71.04639734987845,271,141,99.98499887483122
250250503003,Boston,"POLYGON ((-71.041255 42.369535, -71.038919 42.368504, -71.03997 42.367119, -71.0416821697615 42.3664873177287, -71.042626 42.367188, -71.0437334980831 42.3699110078238, -71.043069 42.370335, -71.041255 42.369535))",1.0038160913825333e-05,42.367846,-71.04115597036571,887,435,151.6377261765686
250250002021,Boston,"POLYGON ((-71.16017 42.351884, -71.158071 42.351916, -71.156621 42.351891, -71.154939 42.351604, -71.155746 42.349114, -71.159612 42.348891, -71.160437 42.348916, -71.160304 42.352141, -71.16017 42.351884))",1.4498670000010675e-05,42.350359,-71.15785999511628,288,32,33.54101966249684
250259818001,Boston,"POLYGON ((-71.119817 42.321579, -71.119515 42.322055, -71.119539 42.322745, -71.116537 42.323939, -71.115929 42.325855, -71.115563 42.32678, -71.114547 42.328372, -71.113088 42.332604, -71.111413 42.334525, -71.110808 42.335586, -71.110751 42.336168, -71.111551 42.337299, -71.110597 42.340405, -71.108225 42.342272, -71.105516 42.343812, -71.104344 42.344169, -71.104307 42.344082, -71.102519 42.343375, -71.101823 42.342503, -71.099062 42.34061, -71.098408 42.340791, -71.096493 42.341843, -71.094611 42.34294, -71.094644 42.344549, -71.094451 42.345189, -71.094303 42.345577, -71.092044 42.34685, -71.090902 42.346544, -71.090844 42.344077, -71.092205 42.341335, -71.093217 42.340889, -71.09621 42.339827, -71.096885 42.339026, -71.098988 42.339095, -71.100603 42.340204, -71.103275 42.342741, -71.104722 42.343371, -71.110001 42.340317, -71.110697 42.337183, -71.110063 42.336307, -71.109894 42.335379, -71.113016 42.331932, -71.113147 42.331319, -71.112284 42.329808, -71.112828 42.325876, -71.115078 42.323573, -71.116737 42.322627, -71.11657 42.321021, -71.117107 42.319978, -71.116468 42.318583, -71.116736 42.317636, -71.117003 42.315579, -71.1185 42.314498, -71.121007 42.31316, -71.121905 42.312907, -71.124431 42.317297, -71.12572 42.318427, -71.119817 42.321579))",0.00011781842950004358,42.3305635,-71.11325348552694,17,0,19.79898987322333
250250107022,Boston,"POLYGON ((-71.076583 42.353425, -71.07598 42.352264, -71.080296 42.351121, -71.080862 42.352267, -71.076583 42.353425))",5.629633499998939e-06,42.352846,-71.07750238953489,294,93,57.62811813689564
250173512031,Cambridge,"LINESTRING (-71.105943 42.376819, -71.107272 42.378087)",0.0,42.378087,-71.107272,743,125,78.85429601486528
250214011002,Boston,"LINESTRING (-71.157036 42.33039, -71.156262 42.330847)",0.0,42.33039,-71.157036,368,30,34.058772731852805
250173537002,Cambridge,"POLYGON ((-71.112358 42.377006, -71.10813 42.377898, -71.108355 42.374699, -71.109725 42.372772, -71.112446 42.373839, -71.112242 42.3752, -71.112358 42.377006))",1.6192023000005197e-05,42.376103,-71.11027812519538,633,300,97.51410154434076
250251011011,Boston,"POLYGON ((-71.094318 42.284777, -71.091807 42.283523, -71.092109 42.282601, -71.092968 42.280021, -71.093182 42.279386, -71.094948 42.280524, -71.096547 42.282574, -71.096266 42.283632, -71.094318 42.284777))",1.509815600001176e-05,42.281549,-71.09410337945737,343,54,50.15974481593781
250251603001,Boston,"MULTILINESTRING ((-71.031995 42.384597, -71.038357 42.386529), (-71.038357 42.386529, -71.039262 42.386831), (-71.039262 42.386831, -71.043264 42.383594), (-71.043264 42.383594, -71.044298 42.383209), (-71.044298 42.383209, -71.047284 42.385284))",0.0,42.386831,-71.039262,340,30,40.496913462633174
250250606011,Boston,"POLYGON ((-71.050159 42.341693, -71.047072 42.339701, -71.045559 42.338718, -71.04776 42.336812, -71.05084 42.338795, -71.052377 42.339803, -71.050159 42.341693))",1.5376568500000683e-05,42.339248,-71.04895274650153,1026,431,219.69296757065302
250214031008,Boston,"MULTILINESTRING ((-71.191247 42.282992, -71.190753 42.28184), (-71.190753 42.28184, -71.188212 42.280438))",0.0,42.28184,-71.190753,0,0,19.79898987322333
250250408011,Boston,"POLYGON ((-71.057578 42.37917, -71.055912 42.379115, -71.056286 42.37741, -71.056459 42.376924, -71.057116 42.377089, -71.05989 42.378061, -71.058956 42.379668, -71.057578 42.37917))",6.543843499985686e-06,42.378588,-71.05780565189795,457,176,111.32834320154055
250173515001,Cambridge,"MULTILINESTRING ((-71.080984 42.374043, -71.081963 42.373616), (-71.081963 42.373616, -71.085443 42.374045), (-71.085443 42.374045, -71.086985 42.373275))",0.0,42.374045,-71.085443,180,22,25.0
250250302002,Boston,"POLYGON ((-71.057404 42.365308, -71.05675 42.3654, -71.056614 42.363872, -71.055835 42.363613, -71.056381 42.362884, -71.056972 42.363208, -71.058433 42.364641, -71.058381 42.365266, -71.058525 42.366952, -71.057404 42.365308))",3.989473999993017e-06,42.3649535,-71.05755862958114,408,239,75.28612089887484
250250924003,Boston,"POLYGON ((-71.085903 42.301381, -71.084704 42.300423, -71.083907 42.299709, -71.08141 42.299002, -71.08046 42.296388, -71.080916 42.296301, -71.081591 42.296328, -71.085373 42.295702, -71.086065 42.297203, -71.086992 42.298142, -71.085903 42.301381))",2.09136599999865e-05,42.298572,-71.0840505768457,778,338,195.5632889885011
250250509012,Boston,"POLYGON ((-71.032781 42.379486, -71.033423 42.380522, -71.030474 42.381117, -71.026547 42.381322, -71.030235 42.379663, -71.034511 42.378069, -71.034924 42.378685, -71.032781 42.379486))",8.946283499996855e-06,42.3800925,-71.03121852651589,537,250,112.0714058089752
250251402023,Boston,"POLYGON ((-71.115465 42.256873, -71.114246 42.258162, -71.11326 42.258926, -71.113009 42.258689, -71.112392 42.258116, -71.109544 42.255412, -71.109465 42.25241, -71.110942 42.253855, -71.116613 42.250945, -71.118233 42.252494, -71.118894 42.253161, -71.1184 42.253924, -71.115465 42.256873))",3.9259004999974174e-05,42.254667999999995,-71.11359197654869,304,17,32.202484376209235
250250510003,Boston,"POLYGON ((-71.021698 42.383539, -71.019569 42.386092, -71.014486 42.384772, -71.022636 42.381739, -71.021791 42.383024, -71.021698 42.383539))",1.3648277499963492e-05,42.3841555,-71.01866324507648,481,170,141.9929575718458
250251403003,Boston,"POLYGON ((-71.128219 42.252341, -71.127157 42.253834, -71.126018 42.254666, -71.125592 42.255613, -71.125307 42.255653, -71.121577 42.256, -71.12126 42.255869, -71.11937 42.253657, -71.118894 42.253161, -71.12063 42.252113, -71.122884 42.251849, -71.125505 42.247954, -71.128433 42.249173, -71.128992 42.247992, -71.128967 42.249643, -71.130115 42.251171, -71.128219 42.252341))",4.519953699998724e-05,42.251981,-71.12527969230769,889,178,146.03081866510234
250250806011,Boston,"POLYGON ((-71.090518 42.335665, -71.084681 42.340293, -71.084459 42.340067, -71.081969 42.338416, -71.083983 42.33734, -71.088494 42.334896, -71.093638 42.332088, -71.0944 42.331412, -71.095351 42.331554, -71.094446 42.332386, -71.090518 42.335665))",2.5268461000042227e-05,42.336502499999995,-71.08749526302893,414,296,102.7861858422619
250251301016,Boston,"POLYGON ((-71.157678 42.295738, -71.153691 42.295746, -71.152113 42.294588, -71.1503 42.29553, -71.149376 42.293096, -71.151439 42.292869, -71.153486 42.293265, -71.154309 42.292974, -71.155656 42.292108, -71.156177 42.29171, -71.158683 42.291845, -71.161288 42.294125, -71.157678 42.295738))",3.0360722999986744e-05,42.293695,-71.15520004986557,493,41,50.0
250173549013,Cambridge,"POLYGON ((-71.151577 42.396583, -71.143593 42.397412, -71.143557 42.397428, -71.143241 42.396564, -71.144297 42.394676, -71.14428 42.392638, -71.152306 42.395471, -71.156362 42.395852, -71.15494 42.397564, -71.151577 42.396583))",3.0295840500019864e-05,42.395073499999995,-71.14762726820851,810,196,92.07062506576133
250250008062,Boston,"POLYGON ((-71.132803 42.366127, -71.130648 42.368535, -71.130292 42.371979, -71.12881 42.372738, -71.12712 42.371818, -71.12682 42.370267, -71.125308 42.368858, -71.121961 42.36781, -71.119789 42.367674, -71.118349 42.366914, -71.117648 42.360915, -71.119344 42.360525, -71.119996 42.364001, -71.123039 42.363751, -71.129755 42.363198, -71.130218 42.362694, -71.133088 42.363383, -71.135331 42.363175, -71.135452 42.364849, -71.132803 42.366127))",9.303007449997659e-05,42.3665205,-71.12537693103295,689,458,116.84177335182824
250259810001,Boston,"POLYGON ((-71.130068 42.298184, -71.129622 42.298529, -71.127925 42.300157, -71.12625 42.301799, -71.125816 42.302322, -71.125399 42.302878, -71.124992 42.303489, -71.124672 42.305194, -71.123084 42.305163, -71.122084 42.306534, -71.120783 42.308359, -71.121671 42.308656, -71.121463 42.308685, -71.12025 42.308347, -71.119566 42.306432, -71.120002 42.304567, -71.118796 42.302996, -71.11696 42.302186, -71.12002 42.299817, -71.115434 42.298903, -71.12016 42.295952, -71.121294 42.295199, -71.124217 42.292581, -71.12618 42.290089, -71.127735 42.2913, -71.130463 42.293156, -71.129332 42.296362, -71.130068 42.298184))",0.00012256229150003144,42.29936,-71.12324138974202,16,0,19.79898987322333
250250907002,Boston,"POLYGON ((-71.056844 42.324828, -71.056779 42.321633, -71.057691 42.321286, -71.061012 42.322425, -71.059064 42.325419, -71.056844 42.324828))",1.1731029000000142e-05,42.3236265,-71.05852490943154,764,219,112.92918134831227
250250612021,Boston,"POLYGON ((-71.062215 42.342915, -71.061716 42.343964, -71.060609 42.343718, -71.059487 42.34358, -71.059952 42.34232, -71.059702 42.336859, -71.060042 42.336564, -71.061009 42.334782, -71.062798 42.331973, -71.064613 42.334009, -71.065414 42.335441, -71.06529 42.337074, -71.062215 42.342915))",4.220367950001681e-05,42.339697,-71.06187052020876,0,0,19.79898987322333
250173543001,Cambridge,"POLYGON ((-71.154704 42.381285, -71.152473 42.37991, -71.151675 42.376331, -71.154706 42.376088, -71.156231 42.380636, -71.155623 42.381481, -71.157792 42.382211, -71.155814 42.381599, -71.154704 42.381285))",1.582844100002742e-05,42.3781205,-71.15373076104882,648,97,50.0
250214164005,Boston,"MULTILINESTRING ((-71.049802 42.2781, -71.04488 42.276266), (-71.04488 42.276266, -71.042782 42.277102), (-71.053284 42.277502, -71.049802 42.2781))",0.0,42.2781,-71.049802,256,0,19.79898987322333
250173527002,Cambridge,"POLYGON ((-71.089783 42.373948, -71.087512 42.373402, -71.087866 42.372044, -71.088491 42.372119, -71.093279 42.372754, -71.092826 42.374185, -71.089783 42.373948))",8.361126499985983e-06,42.373078,-71.09038644673076,562,139,72.86288492778748
250251004003,Boston,"POLYGON ((-71.075253 42.27968, -71.071475 42.28031, -71.070961 42.281281, -71.069501 42.278813, -71.071015 42.278314, -71.072774 42.278073, -71.073166 42.27805, -71.078891 42.278567, -71.07796 42.27905, -71.075253 42.27968))",1.3426609499992203e-05,42.279365,-71.073217023906,549,86,85.32877591996736
250250814003,Boston,"POLYGON ((-71.091239 42.329939, -71.087674 42.327912, -71.086996 42.327782, -71.08789 42.32571, -71.088788 42.324218, -71.090956 42.325022, -71.092905 42.326878, -71.092276 42.328266, -71.091239 42.329939))",1.9240448000003975e-05,42.32733,-71.08994559515651,567,228,121.01652779682617
250250702022,Boston,"POLYGON ((-71.061193 42.34793, -71.062451 42.346985, -71.063039 42.34685, -71.064434 42.347186, -71.06415 42.348405, -71.061193 42.34793))",3.1260845000013236e-06,42.347558,-71.06301777246898,355,222,94.04786015641186
250250605013,Boston,"POLYGON ((-71.042475 42.33801, -71.037522 42.338095, -71.037476 42.337283, -71.041595 42.337208, -71.04155 42.335518, -71.044269 42.33547, -71.045444 42.335452, -71.042475 42.33801))",9.309324999997434e-06,42.336363,-71.04297956372166,517,96,98.00510190801293
250250804012,Boston,"POLYGON ((-71.080943 42.332931, -71.081738 42.331942, -71.082986 42.330831, -71.085025 42.330834, -71.085223 42.3306, -71.085037 42.332715, -71.087462 42.334126, -71.085345 42.335071, -71.080943 42.332931))",1.3854205999981296e-05,42.332823000000005,-71.0831262140025,853,319,107.91200118615167
250250815002,Boston,"POLYGON ((-71.093146 42.3208, -71.092476 42.321307, -71.091606 42.320652, -71.090238 42.319213, -71.091294 42.317605, -71.091619 42.316997, -71.092964 42.316751, -71.093559 42.315515, -71.094274 42.315634, -71.097086 42.317028, -71.095305 42.318825, -71.093146 42.3208))",1.9912020499998334e-05,42.318214999999995,-71.09340148585537,582,288,204.39422692434343
250250904004,Boston,"POLYGON ((-71.075522 42.320573, -71.073948 42.320773, -71.072204 42.321359, -71.071276 42.32016, -71.07271 42.319285, -71.077749 42.319284, -71.077746 42.320431, -71.075522 42.320573))",8.742582000005777e-06,42.3202955,-71.07456361423226,217,30,50.96076922496363
250250103001,Boston,"POLYGON ((-71.098988 42.339095, -71.096885 42.339026, -71.09621 42.339827, -71.093217 42.340889, -71.092543 42.339513, -71.092192 42.339139, -71.095745 42.337727, -71.100306 42.335941, -71.100935 42.336168, -71.098988 42.339095))",1.648544000000842e-05,42.338376499999995,-71.09678830330435,144,111,43.965895873961216
250250403003,Boston,"POLYGON ((-71.064076 42.378986, -71.063362 42.379767, -71.062356 42.381102, -71.061596 42.380789, -71.06139 42.380696, -71.062639 42.378985, -71.064259 42.376844, -71.06497 42.377305, -71.065503 42.377791, -71.064076 42.378986))",5.528524499985479e-06,42.378388,-71.06394041028241,330,47,51.92301994298868
250251007005,Boston,"POLYGON ((-71.057275 42.282449, -71.056536 42.282583, -71.055731 42.282622, -71.053436 42.282902, -71.05253 42.280886, -71.054694 42.28034, -71.058528 42.280061, -71.058932 42.281991, -71.057275 42.282449))",1.317787749997487e-05,42.2814385,-71.0557973216406,288,0,19.79898987322333
250251205001,Boston,"POLYGON ((-71.105131 42.319278, -71.103985 42.319977, -71.102519 42.321405, -71.101744 42.322892, -71.100023 42.322772, -71.102944 42.319298, -71.104475 42.317022, -71.106673 42.317268, -71.105795 42.318404, -71.105131 42.319278))",1.0524607500023739e-05,42.3196375,-71.10360007380424,343,104,52.55473337388365
250251303004,Boston,"POLYGON ((-71.146749 42.275663, -71.145705 42.27505, -71.143664 42.272847, -71.147289 42.269994, -71.149893 42.272228, -71.150778 42.273551, -71.150699 42.275516, -71.151073 42.275902, -71.146749 42.275663))",2.6278021000027975e-05,42.273199,-71.14726632522236,278,49,36.796738985948195
250250911002,Boston,"POLYGON ((-71.054122 42.316457, -71.052574 42.31623, -71.051981 42.314975, -71.052165 42.313844, -71.05315 42.311336, -71.054983 42.312331, -71.055387 42.312569, -71.054122 42.316457))",1.1137861999990784e-05,42.3144095,-71.05343058738427,628,156,134.35028842544403
250250916002,Boston,"POLYGON ((-71.061387 42.308742, -71.060596 42.308788, -71.058419 42.307579, -71.05898 42.305191, -71.061157 42.304559, -71.061504 42.30537, -71.062781 42.307554, -71.063907 42.308347, -71.061387 42.308742))",1.3158955999982948e-05,42.306462,-71.060411955402,215,25,42.37924020083418
250250922004,Boston,"POLYGON ((-71.070249 42.295996, -71.066413 42.297022, -71.066487 42.295976, -71.066204 42.294817, -71.067344 42.293598, -71.071769 42.292298, -71.071913 42.293933, -71.072117 42.295513, -71.070249 42.295996))",1.7510639499989882e-05,42.294375,-71.06929371178181,254,60,47.01063709417264
250251004004,Boston,"POLYGON ((-71.07227 42.284631, -71.071541 42.284497, -71.071566 42.284, -71.071264 42.282009, -71.070961 42.281281, -71.071475 42.28031, -71.075253 42.27968, -71.076027 42.281806, -71.076257 42.28316, -71.076631 42.283775, -71.07227 42.284631))",2.012300649998572e-05,42.2825845,-71.07375526741329,552,198,122.11879462228572
250250006012,Boston,"POLYGON ((-71.153449 42.349146, -71.153421 42.349458, -71.152384 42.350903, -71.151915 42.35164, -71.147862 42.350345, -71.147079 42.350165, -71.149943 42.349036, -71.149755 42.348185, -71.151235 42.345813, -71.153067 42.346154, -71.153786 42.347256, -71.153992 42.347932, -71.153449 42.349146))",1.9740303499992845e-05,42.3486105,-71.15176875967873,726,115,59.135437767890075
250214153002,Boston,"LINESTRING (-71.130771 42.227926, -71.130749 42.227911)",0.0,42.227926,-71.130771,506,7,17.804493814764857
250251301015,Boston,"POLYGON ((-71.169841 42.28447, -71.167734 42.28586, -71.16605 42.283241, -71.161901 42.279768, -71.163369 42.279176, -71.171218 42.279784, -71.171099 42.28174, -71.172416 42.285832, -71.171569 42.287972, -71.169841 42.28447))",4.1344849499974585e-05,42.2838555,-71.1691124939565,458,0,19.79898987322333
250250510002,Boston,"POLYGON ((-71.020512 42.387641, -71.017794 42.390697, -71.016094 42.395897, -71.013395 42.397398, -71.011272 42.396589, -71.01193 42.395752, -71.010001 42.39549, -71.011609 42.393493, -71.013048 42.391468, -71.012662 42.390976, -71.011829 42.390088, -71.008046 42.38712, -71.010842 42.386132, -71.014486 42.384772, -71.019569 42.386092, -71.021698 42.383539, -71.022664 42.383916, -71.022178 42.384946, -71.022672 42.386265, -71.020512 42.387641))",8.69653979999544e-05,42.390392500000004,-71.0150897309325,515,46,51.92301994298868
250251006031,Boston,"POLYGON ((-71.048418 42.290058, -71.050633 42.292782, -71.047986 42.293079, -71.047456 42.293594, -71.048293 42.298315, -71.046786 42.298107, -71.0437321577228 42.2929582753061, -71.042992 42.287722, -71.043027 42.285922, -71.04415 42.286455, -71.048515 42.286135, -71.04937 42.288012, -71.051472 42.289314, -71.048418 42.290058))",5.5835142280040326e-05,42.29142,-71.04652010975468,663,110,98.00510190801293
250173539003,Cambridge,"POLYGON ((-71.120151 42.372577, -71.119122 42.372166, -71.118606 42.371973, -71.115954 42.371385, -71.117327 42.369187, -71.119043 42.369775, -71.122454 42.369816, -71.120965 42.371634, -71.120151 42.372577))",1.194972100000432e-05,42.370600499999995,-71.1191277571427,40,32,34.92849839314596
250251201053,Boston,"POLYGON ((-71.123711 42.322716, -71.121528 42.323882, -71.120112 42.322835, -71.119539 42.322745, -71.119515 42.322055, -71.119817 42.321579, -71.12572 42.318427, -71.124431 42.317297, -71.121905 42.312907, -71.121612 42.309798, -71.120727 42.309009, -71.121463 42.308685, -71.121671 42.308656, -71.1225 42.308574, -71.125168 42.311863, -71.127432 42.311857, -71.130642 42.31453, -71.123711 42.322716))",6.284151899995893e-05,42.3159135,-71.1265527705547,256,14,20.518284528683193
250214021012,Boston,"MULTILINESTRING ((-71.188212 42.280438, -71.18599 42.279771), (-71.18599 42.279771, -71.185307 42.279497), (-71.185307 42.279497, -71.183159 42.275913), (-71.183159 42.275913, -71.177461 42.276868), (-71.177461 42.276868, -71.174972 42.276004), (-71.174972 42.276004, -71.174565 42.275576), (-71.174565 42.275576, -71.174418 42.275042), (-71.174418 42.275042, -71.174847 42.273729))",0.0,42.275913,-71.183159,516,44,43.32435804486894
250251102011,Boston,"POLYGON ((-71.119549 42.285511, -71.118817 42.285501, -71.118909 42.28496, -71.112232 42.280214, -71.113431 42.279941, -71.115342 42.278039, -71.116377 42.278859, -71.115734 42.277295, -71.117207 42.275871, -71.119534 42.276868, -71.119993 42.278819, -71.119712 42.280288, -71.119549 42.285511))",3.7846968499989e-05,42.282624,-71.11763082599367,915,300,122.00409829181969
250251201052,Boston,"POLYGON ((-71.130642 42.31453, -71.127432 42.311857, -71.125168 42.311863, -71.1225 42.308574, -71.121671 42.308656, -71.120783 42.308359, -71.122084 42.306534, -71.123084 42.305163, -71.124672 42.305194, -71.128319 42.305287, -71.127557 42.306516, -71.129107 42.309518, -71.134359 42.309252, -71.131863 42.313178, -71.130642 42.31453))",5.597861700000337e-05,42.3106875,-71.12883040589543,375,0,19.79898987322333
250259807001,Boston,"POLYGON ((-71.143664 42.272847, -71.145705 42.27505, -71.145231 42.276332, -71.142569 42.277379, -71.143956 42.280502, -71.140928 42.276916, -71.140653 42.275179, -71.136592 42.27151, -71.133781 42.274396, -71.132703 42.274037, -71.131121 42.273047, -71.132547 42.2699, -71.130049 42.266746, -71.130147 42.266151, -71.127334 42.264503, -71.126922 42.261867, -71.128195 42.260509, -71.131509 42.262221, -71.133615 42.261021, -71.130756 42.258303, -71.128928 42.258084, -71.132354 42.25604, -71.133965 42.254313, -71.13623 42.251046, -71.136434 42.249656, -71.132333 42.24823, -71.135978 42.246856, -71.136285 42.246316, -71.139343 42.249342, -71.139394 42.252523, -71.138103 42.255307, -71.140196 42.258456, -71.142834 42.255943, -71.144116 42.25932, -71.145529 42.259229, -71.146999 42.26142, -71.146434 42.264583, -71.150086 42.267577, -71.147289 42.269994, -71.143664 42.272847))",0.00032571315599990656,42.263362,-71.13690388464545,0,0,19.79898987322333
250250004022,Boston,"POLYGON ((-71.162118 42.346373, -71.161311 42.347576, -71.16043 42.347326, -71.159644 42.347088, -71.159335 42.346921, -71.158227 42.346634, -71.158214 42.346388, -71.158103 42.346091, -71.157721 42.344589, -71.157831 42.343571, -71.159758 42.340058, -71.164579 42.340218, -71.166126 42.340088, -71.165999 42.341593, -71.162118 42.346373))",4.106585850004276e-05,42.34408,-71.16087787165273,252,10,21.2602916254693
250173526001,Cambridge,"POLYGON ((-71.08945 42.370343, -71.088491 42.372119, -71.087866 42.372044, -71.088259 42.370645, -71.089181 42.367065, -71.0899 42.364963, -71.0938 42.367955, -71.092134 42.368116, -71.08945 42.370343))",1.434372300001741e-05,42.3692295,-71.08970777527932,389,112,67.26812023536856
250173545002,Cambridge,"POLYGON ((-71.130224 42.383065, -71.129777 42.383461, -71.128513 42.385691, -71.126943 42.386351, -71.124206 42.387207, -71.123272 42.385522, -71.124235 42.384443, -71.124887 42.382889, -71.1267 42.382045, -71.126117 42.38138, -71.127503 42.380407, -71.128855 42.381133, -71.129775 42.381685, -71.131023 42.38241, -71.13041 42.382918, -71.130224 42.383065))",2.6589958000000715e-05,42.383951999999994,-71.12696984921078,361,67,40.496913462633174
250250102062,Boston,"POLYGON ((-71.092871 42.347643, -71.091944 42.347629, -71.089636 42.347644, -71.087916 42.347461, -71.087758 42.3473, -71.089264 42.346887, -71.090902 42.346544, -71.092044 42.34685, -71.094303 42.345577, -71.094451 42.345189, -71.095506 42.346183, -71.092871 42.347643))",6.913303500003207e-06,42.3463635,-71.09404377617119,404,363,107.91200118615167
250251301013,Boston,"POLYGON ((-71.162636 42.293471, -71.161288 42.294125, -71.158683 42.291845, -71.160629 42.291585, -71.163971 42.288311, -71.165318 42.287479, -71.168281 42.290664, -71.167906 42.290896, -71.162636 42.293471))",2.7118148499991418e-05,42.29078,-71.16477210980452,503,0,19.79898987322333
250259812011,Boston,"POLYGON ((-71.052234 42.329058, -71.050419 42.330213, -71.047384 42.330419, -71.044053 42.330192, -71.041528 42.330234, -71.039542 42.330052, -71.037248 42.329525, -71.035207 42.32935, -71.034314 42.329492, -71.031143 42.330653, -71.028074 42.332057, -71.025009 42.333281, -71.025026 42.334095, -71.025071 42.335802, -71.025133 42.33831, -71.021947 42.337847, -71.018005 42.338817, -71.013366 42.338887, -71.0109482949352 42.3396711987028, -71.010926 42.339656, -71.010177 42.337557, -71.015664 42.330518, -71.024151 42.333159, -71.034704 42.328762, -71.042333 42.330142, -71.047648 42.328087, -71.047426 42.323428, -71.0467260009414 42.323070744949, -71.047841 42.322592, -71.048956 42.323429, -71.050244 42.322017, -71.050283 42.321864, -71.050604 42.320758, -71.050925 42.320876, -71.051368 42.32141, -71.052093 42.321469, -71.052392 42.322976, -71.052565 42.327112, -71.052624 42.328597, -71.052659 42.329356, -71.052234 42.329058))",0.00014025094684954432,42.3302235,-71.04738976733782,0,0,19.79898987322333
250250916001,Boston,"POLYGON ((-71.06503 42.30808, -71.063907 42.308347, -71.062781 42.307554, -71.061504 42.30537, -71.063123 42.305002, -71.064554 42.305394, -71.064578 42.304017, -71.066079 42.30642, -71.066494 42.306709, -71.06503 42.30808))",1.074890549998803e-05,42.305907000000005,-71.06378827471755,548,109,78.26237921249263
250251002003,Boston,"POLYGON ((-71.085991 42.28673, -71.085775 42.286774, -71.085405 42.284444, -71.085045 42.283461, -71.086204 42.282304, -71.08738 42.284456, -71.089298 42.283573, -71.089785 42.283936, -71.091569 42.284214, -71.091106 42.285564, -71.085991 42.28673))",1.4548424000024329e-05,42.28501,-71.08839544065489,323,78,52.88667128870941
250250910011,Boston,"POLYGON ((-71.059574 42.310551, -71.059379 42.311039, -71.058881 42.312771, -71.057207 42.31296, -71.057896 42.309959, -71.058397 42.307678, -71.058419 42.307579, -71.060596 42.308788, -71.061387 42.308742, -71.060746 42.310205, -71.059574 42.310551))",1.0576005999996525e-05,42.310378,-71.05897990086638,365,210,110.8873302050329
250250102043,Boston,"POLYGON ((-71.103352 42.347156, -71.101143 42.347758, -71.099802 42.347651, -71.098115 42.347637, -71.098955 42.346815, -71.100982 42.344881, -71.102519 42.343375, -71.104307 42.344082, -71.104344 42.344169, -71.105067 42.346696, -71.103352 42.347156))",1.6562394499983653e-05,42.3457885,-71.1024191081664,511,313,95.35197952848173
250250901002,Boston,"POLYGON ((-71.080563 42.30544, -71.079561 42.304622, -71.07894 42.303937, -71.078534 42.303388, -71.079419 42.302839, -71.080786 42.302317, -71.082906 42.303848, -71.082475 42.304224, -71.080563 42.30544))",7.349432999983827e-06,42.3038925,-71.08088104088309,282,132,83.18653737234169
250173549023,Cambridge,"POLYGON ((-71.136998 42.393767, -71.137034 42.392003, -71.137663 42.391504, -71.141121 42.392092, -71.140592 42.394075, -71.136998 42.393767))",8.298949999993667e-06,42.392929499999994,-71.13895633701772,819,235,119.36917525056458
250250701043,Boston,"POLYGON ((-71.061697 42.354364, -71.058737 42.356988, -71.05771 42.356777, -71.058022 42.35549, -71.061051 42.352516, -71.062575 42.352399, -71.062516 42.35328, -71.061697 42.354364))",9.383066999975471e-06,42.354927,-71.05982866021986,445,191,119.10499569707393
250173731002,Boston,"LINESTRING (-71.173935 42.353397, -71.174798 42.350265)",0.0,42.353397,-71.173935,338,20,35.84689665786984
250251203011,Boston,"POLYGON ((-71.102944 42.319298, -71.101192 42.318215, -71.098451 42.315644, -71.099481 42.314606, -71.100473 42.313594, -71.103195 42.31667, -71.104475 42.317022, -71.102944 42.319298))",1.4749973499997468e-05,42.316157000000004,-71.10086947950748,382,86,95.03683496413377
250250602002,Boston,"POLYGON ((-71.033262 42.332329, -71.03328 42.333146, -71.031896 42.333169, -71.031191 42.33236, -71.031143 42.330653, -71.034314 42.329492, -71.035207 42.32935, -71.035296 42.332293, -71.033262 42.332329))",1.1256599499995269e-05,42.331473,-71.03321863008557,539,73,46.52956049652737
